kg,0.0,0.5,1.0,1.5,2.0,2.5,3.0,3.5,4.0,4.5,5.0,5.5,6.0,6.5,7.0,7.5,8.0,8.5,9.0,9.5,10.0,10.5,11.0,11.5,12.0,12.5,13.0,13.5,14.0,14.5,15.0,15.5,16.0,16.5,17.0,17.5,18.0,18.5,19.0,19.5,20.0
0,0,0,0,0,0,0,0,0,0,0,0,0,0,0,0,0,0,0,0,0,0,0,0,0,0,0,0,0,0,0,0,0,0,0,0,0,0,0,0,0,0
0.03,0.01,0.09,0.17,0.25,0.33,0.4225,0.5149999999999999,0.6074999999999999,0.7,0.7975000000000001,0.8950000000000001,0.9925000000000002,1.09,1.19,1.29,1.3900000000000001,1.49,1.5899999999999999,1.69,1.79,1.89,1.9824999999999995,2.0749999999999993,2.1674999999999995,2.26,2.3374999999999995,2.4149999999999996,2.4924999999999997,2.57,2.6149999999999993,2.6599999999999993,2.7049999999999996,2.75,2.7474999999999996,2.7449999999999997,2.7424999999999997,2.74,2.66,2.58,2.5,2.42
0.04,0.01,0.08642857142857142,0.16285714285714287,0.2435714285714286,0.32428571428571434,0.41714285714285715,0.5099999999999999,0.6028571428571426,0.6957142857142854,0.7932142857142854,0.8907142857142853,0.9882142857142854,1.0857142857142854,1.1849999999999996,1.2842857142857138,1.3835714285714282,1.4828571428571427,1.5810714285714282,1.6792857142857138,1.7774999999999996,1.8757142857142854,1.9657142857142855,2.0557142857142856,2.145714285714286,2.2357142857142867,2.31,2.3842857142857135,2.4585714285714273,2.5328571428571416,2.5749999999999984,2.6171428571428557,2.6592857142857134,2.701428571428571,2.696071428571428,2.6907142857142854,2.6853571428571428,2.68,2.5985714285714288,2.5171428571428573,2.435714285714286,2.354285714285715
0.05,0.01,0.08285714285714285,0.15571428571428572,0.23714285714285716,0.3185714285714286,0.41178571428571425,0.5049999999999999,0.5982142857142856,0.6914285714285712,0.7889285714285712,0.8864285714285711,0.9839285714285712,1.0814285714285712,1.1799999999999997,1.2785714285714282,1.3771428571428568,1.4757142857142855,1.5721428571428568,1.6685714285714282,1.7649999999999997,1.8614285714285712,1.9489285714285711,2.036428571428571,2.1239285714285714,2.211428571428572,2.2824999999999998,2.3535714285714278,2.424642857142856,2.4957142857142847,2.534999999999999,2.574285714285713,2.6135714285714275,2.6528571428571426,2.6446428571428564,2.6364285714285707,2.6282142857142854,2.62,2.5371428571428574,2.4542857142857146,2.371428571428572,2.288571428571429
0.06,0.01,0.07928571428571428,0.14857142857142858,0.23071428571428573,0.3128571428571429,0.40642857142857136,0.4999999999999999,0.5935714285714284,0.6871428571428569,0.784642857142857,0.8821428571428569,0.9796428571428569,1.077142857142857,1.1749999999999998,1.2728571428571427,1.3707142857142856,1.4685714285714284,1.5632142857142854,1.6578571428571425,1.7524999999999997,1.847142857142857,1.932142857142857,2.017142857142857,2.1021428571428573,2.1871428571428577,2.255,2.3228571428571425,2.390714285714285,2.4585714285714277,2.494999999999999,2.5314285714285707,2.567857142857142,2.604285714285714,2.5932142857142852,2.5821428571428564,2.571071428571428,2.56,2.475714285714286,2.3914285714285715,2.3071428571428574,2.2228571428571433
0.07,0.01,0.0757142857142857,0.14142857142857143,0.2242857142857143,0.30714285714285716,0.4010714285714285,0.49499999999999994,0.5889285714285714,0.6828571428571427,0.7803571428571427,0.8778571428571427,0.9753571428571427,1.0728571428571427,1.17,1.267142857142857,1.364285714285714,1.4614285714285713,1.554285714285714,1.6471428571428568,1.7399999999999998,1.8328571428571427,1.9153571428571428,1.997857142857143,2.0803571428571432,2.1628571428571433,2.2275,2.292142857142857,2.3567857142857136,2.421428571428571,2.454999999999999,2.488571428571428,2.522142857142857,2.5557142857142856,2.541785714285714,2.5278571428571426,2.513928571428571,2.5,2.414285714285714,2.3285714285714283,2.242857142857143,2.1571428571428575
0.08,0.01,0.07214285714285715,0.13428571428571429,0.21785714285714286,0.30142857142857143,0.3957142857142857,0.49,0.5842857142857143,0.6785714285714285,0.7760714285714285,0.8735714285714284,0.9710714285714285,1.0685714285714285,1.1649999999999998,1.2614285714285711,1.3578571428571427,1.4542857142857142,1.5453571428571427,1.6364285714285711,1.7274999999999998,1.8185714285714285,1.8985714285714286,1.9785714285714286,2.0585714285714287,2.138571428571429,2.1999999999999997,2.2614285714285707,2.322857142857142,2.384285714285714,2.414999999999999,2.445714285714285,2.476428571428571,2.507142857142857,2.4903571428571425,2.4735714285714283,2.456785714285714,2.44,2.3528571428571423,2.265714285714285,2.1785714285714284,2.0914285714285716
0.09,0.01,0.06857142857142857,0.12714285714285714,0.2114285714285714,0.2957142857142857,0.39035714285714285,0.485,0.5796428571428571,0.6742857142857143,0.7717857142857143,0.8692857142857142,0.9667857142857142,1.0642857142857143,1.1599999999999997,1.2557142857142853,1.3514285714285712,1.447142857142857,1.5364285714285713,1.6257142857142854,1.7149999999999999,1.8042857142857143,1.8817857142857142,1.959285714285714,2.036785714285714,2.1142857142857143,2.1724999999999994,2.230714285714285,2.288928571428571,2.347142857142857,2.3749999999999996,2.402857142857142,2.430714285714285,2.4585714285714286,2.438928571428571,2.4192857142857136,2.3996428571428567,2.38,2.291428571428571,2.2028571428571424,2.114285714285714,2.025714285714286
0.1,0.01,0.065,0.12,0.205,0.29,0.385,0.48,0.575,0.67,0.7675000000000001,0.865,0.9625,1.06,1.1549999999999998,1.2499999999999998,1.3449999999999998,1.44,1.5274999999999999,1.6149999999999998,1.7025,1.79,1.8649999999999998,1.9399999999999997,2.0149999999999997,2.09,2.1449999999999996,2.1999999999999997,2.255,2.31,2.335,2.36,2.385,2.41,2.3874999999999997,2.3649999999999993,2.3424999999999994,2.32,2.2299999999999995,2.1399999999999997,2.05,1.96
0.11,0.01,0.065,0.12,0.20450000000000002,0.28900000000000003,0.383,0.47700000000000004,0.5710000000000001,0.665,0.7617499999999999,0.8584999999999999,0.9552499999999999,1.052,1.146,1.24,1.334,1.4280000000000002,1.5147500000000003,1.6015000000000004,1.6882500000000005,1.7750000000000008,1.8487500000000003,1.9225,1.9962499999999999,2.07,2.1239999999999997,2.178,2.232,2.286,2.31025,2.3345000000000002,2.3587500000000006,2.3830000000000013,2.360500000000001,2.338000000000001,2.315500000000001,2.293000000000001,2.2045000000000003,2.1159999999999997,2.0274999999999994,1.9389999999999992
0.12,0.01,0.065,0.12,0.20400000000000001,0.28800000000000003,0.381,0.47400000000000003,0.5670000000000001,0.66,0.756,0.852,0.948,1.044,1.137,1.23,1.323,1.4160000000000001,1.5020000000000002,1.5880000000000003,1.6740000000000004,1.7600000000000007,1.8325000000000005,1.9050000000000002,1.9775,2.05,2.1029999999999998,2.1559999999999997,2.2089999999999996,2.262,2.2855,2.309,2.3325000000000005,2.356000000000001,2.333500000000001,2.311000000000001,2.288500000000001,2.266000000000001,2.1790000000000003,2.0919999999999996,2.0049999999999994,1.9179999999999993
0.13,0.01,0.065,0.12,0.20350000000000001,0.28700000000000003,0.379,0.47100000000000003,0.5630000000000001,0.655,0.75025,0.8454999999999999,0.94075,1.036,1.128,1.2199999999999998,1.3119999999999998,1.4040000000000001,1.4892500000000002,1.5745000000000002,1.6597500000000003,1.7450000000000006,1.8162500000000001,1.8875,1.9587499999999998,2.03,2.082,2.134,2.186,2.238,2.26075,2.2835,2.3062500000000004,2.329000000000001,2.3065000000000007,2.2840000000000007,2.2615000000000007,2.2390000000000008,2.1535,2.0679999999999996,1.9824999999999995,1.8969999999999994
0.14,0.01,0.065,0.12,0.203,0.28600000000000003,0.377,0.468,0.559,0.65,0.7444999999999999,0.839,0.9335,1.028,1.119,1.21,1.3010000000000002,1.3920000000000001,1.4765000000000001,1.5610000000000002,1.6455000000000002,1.7300000000000004,1.8000000000000003,1.87,1.94,2.01,2.0609999999999995,2.111999999999999,2.1629999999999994,2.214,2.2359999999999998,2.258,2.2800000000000002,2.302000000000001,2.2795000000000005,2.2570000000000006,2.2345000000000006,2.2120000000000006,2.128,2.0439999999999996,1.9599999999999995,1.8759999999999994
0.15,0.01,0.065,0.12,0.2025,0.28500000000000003,0.375,0.465,0.555,0.645,0.73875,0.8325,0.92625,1.02,1.1099999999999999,1.2,1.29,1.3800000000000001,1.46375,1.5475,1.63125,1.7150000000000003,1.7837500000000002,1.8525,1.9212500000000001,1.99,2.04,2.09,2.1399999999999997,2.19,2.2112499999999997,2.2325,2.25375,2.275000000000001,2.2525000000000004,2.2300000000000004,2.2075000000000005,2.1850000000000005,2.1025,2.0199999999999996,1.9374999999999996,1.8549999999999995
0.16,0.01,0.065,0.12,0.202,0.28400000000000003,0.373,0.462,0.551,0.64,0.7329999999999999,0.8259999999999998,0.9189999999999999,1.012,1.101,1.19,1.279,1.368,1.451,1.534,1.617,1.7000000000000002,1.7675,1.835,1.9024999999999999,1.97,2.0189999999999997,2.0679999999999996,2.117,2.166,2.1864999999999997,2.207,2.2275,2.2480000000000007,2.2255000000000003,2.2030000000000003,2.1805000000000003,2.1580000000000004,2.077,1.9959999999999998,1.9149999999999996,1.8339999999999996
0.17,0.01,0.065,0.12,0.2015,0.28300000000000003,0.371,0.459,0.547,0.635,0.72725,0.8194999999999999,0.91175,1.004,1.0919999999999999,1.1799999999999997,1.2679999999999998,1.356,1.43825,1.5205,1.60275,1.685,1.75125,1.8175,1.88375,1.95,1.9979999999999998,2.0459999999999994,2.0939999999999994,2.142,2.1617499999999996,2.1814999999999998,2.20125,2.2210000000000005,2.1985,2.176,2.1535,2.1310000000000002,2.0515,1.9719999999999998,1.8924999999999996,1.8129999999999997
0.18,0.01,0.065,0.12,0.201,0.28200000000000003,0.369,0.456,0.543,0.63,0.7215,0.813,0.9045,0.996,1.083,1.17,1.2570000000000001,1.344,1.4255,1.507,1.5884999999999998,1.67,1.7349999999999999,1.7999999999999998,1.8649999999999998,1.93,1.9769999999999999,2.024,2.0709999999999997,2.118,2.1369999999999996,2.1559999999999997,2.175,2.1940000000000004,2.1715,2.149,2.1265,2.104,2.026,1.9479999999999997,1.8699999999999997,1.7919999999999998
0.19,0.01,0.065,0.12,0.2005,0.281,0.367,0.453,0.539,0.625,0.7157499999999999,0.8064999999999999,0.8972499999999999,0.988,1.0739999999999998,1.16,1.246,1.332,1.41275,1.4934999999999998,1.5742499999999997,1.6549999999999998,1.7187499999999998,1.7824999999999998,1.84625,1.91,1.956,2.002,2.048,2.094,2.1122499999999995,2.1304999999999996,2.1487499999999997,2.1670000000000003,2.1445,2.122,2.0995,2.077,2.0004999999999997,1.9239999999999997,1.8474999999999997,1.771
0.2,0.01,0.065,0.12,0.2,0.28,0.365,0.45,0.535,0.62,0.71,0.7999999999999999,0.8899999999999999,0.98,1.065,1.15,1.2349999999999999,1.32,1.4,1.48,1.56,1.64,1.7024999999999997,1.7649999999999997,1.8274999999999997,1.89,1.9349999999999996,1.9799999999999995,2.0249999999999995,2.07,2.0874999999999995,2.1049999999999995,2.1224999999999996,2.14,2.1174999999999997,2.0949999999999998,2.0725,2.05,1.9749999999999996,1.8999999999999997,1.8249999999999997,1.75
0.21,0.01,0.0645,0.11900000000000001,0.198,0.277,0.36150000000000004,0.446,0.5305,0.615,0.7042499999999999,0.7934999999999999,0.8827499999999999,0.9720000000000001,1.0562500000000001,1.1405000000000003,1.2247500000000007,1.309000000000001,1.3880000000000003,1.4669999999999999,1.5459999999999994,1.6249999999999991,1.686999999999999,1.748999999999999,1.810999999999999,1.872999999999999,1.917499999999999,1.9619999999999993,2.0064999999999995,2.0509999999999997,2.06825,2.0854999999999997,2.10275,2.12,2.0975,2.075,2.0525,2.0300000000000002,1.9555000000000002,1.8810000000000002,1.8065000000000002,1.7320000000000002
0.22,0.01,0.064,0.11800000000000001,0.196,0.274,0.358,0.442,0.526,0.61,0.6984999999999999,0.7869999999999999,0.8755,0.9640000000000001,1.0475,1.1310000000000002,1.2145000000000006,1.298000000000001,1.3760000000000003,1.454,1.5319999999999996,1.6099999999999992,1.671499999999999,1.7329999999999992,1.7944999999999993,1.8559999999999992,1.899999999999999,1.943999999999999,1.9879999999999993,2.0319999999999996,2.0489999999999995,2.066,2.083,2.1,2.0774999999999997,2.0549999999999997,2.0324999999999998,2.0100000000000002,1.9360000000000002,1.862,1.7880000000000003,1.7140000000000002
0.23,0.01,0.0635,0.117,0.194,0.271,0.35450000000000004,0.438,0.5215,0.605,0.69275,0.7805,0.86825,0.9560000000000001,1.03875,1.1215000000000002,1.2042500000000005,1.2870000000000008,1.3640000000000003,1.4409999999999998,1.5179999999999996,1.5949999999999993,1.6559999999999993,1.7169999999999992,1.7779999999999991,1.8389999999999993,1.8824999999999994,1.9259999999999993,1.9694999999999994,2.0129999999999995,2.029749999999999,2.046499999999999,2.0632499999999996,2.08,2.0575,2.035,2.0125,1.9900000000000002,1.9165,1.843,1.7695,1.6960000000000002
0.24,0.01,0.063,0.116,0.192,0.268,0.351,0.434,0.517,0.6,0.687,0.774,0.861,0.9480000000000001,1.03,1.112,1.1940000000000004,1.2760000000000007,1.3520000000000003,1.428,1.5039999999999996,1.5799999999999994,1.6404999999999994,1.7009999999999994,1.7614999999999994,1.8219999999999994,1.8649999999999993,1.9079999999999993,1.9509999999999992,1.9939999999999993,2.0104999999999995,2.0269999999999997,2.0435,2.06,2.0374999999999996,2.0149999999999997,1.9925,1.9700000000000002,1.897,1.8239999999999998,1.751,1.6780000000000002
0.25,0.01,0.0625,0.115,0.19,0.265,0.34750000000000003,0.43,0.5125,0.595,0.6812499999999999,0.7675,0.85375,0.9400000000000001,1.02125,1.1025,1.1837500000000003,1.2650000000000006,1.3400000000000003,1.415,1.4899999999999998,1.5649999999999995,1.6249999999999993,1.6849999999999992,1.7449999999999992,1.8049999999999995,1.8474999999999993,1.8899999999999992,1.9324999999999992,1.9749999999999994,1.9912499999999995,2.0074999999999994,2.0237499999999997,2.04,2.0175,1.995,1.9725000000000001,1.9500000000000002,1.8775,1.805,1.7325,1.6600000000000001
0.26,0.01,0.062000000000000006,0.114,0.188,0.262,0.344,0.426,0.508,0.59,0.6755,0.761,0.8465,0.932,1.0125,1.093,1.1735000000000002,1.2540000000000004,1.328,1.4019999999999997,1.4759999999999995,1.5499999999999996,1.6094999999999997,1.6689999999999996,1.7284999999999995,1.7879999999999996,1.8299999999999996,1.8719999999999994,1.9139999999999995,1.9559999999999995,1.9719999999999995,1.9879999999999995,2.0039999999999996,2.02,1.9975,1.975,1.9525000000000001,1.9300000000000002,1.858,1.786,1.714,1.6420000000000001
0.27,0.01,0.061500000000000006,0.113,0.186,0.259,0.3405,0.422,0.5035,0.585,0.66975,0.7545,0.83925,0.924,1.00375,1.0835,1.1632500000000001,1.2430000000000003,1.316,1.3889999999999998,1.4619999999999997,1.5349999999999997,1.5939999999999996,1.6529999999999996,1.7119999999999997,1.7709999999999997,1.8124999999999996,1.8539999999999996,1.8954999999999997,1.9369999999999996,1.9527499999999995,1.9684999999999997,1.9842499999999998,2,1.9775,1.955,1.9325,1.9100000000000001,1.8385,1.767,1.6955,1.624
0.28,0.01,0.061000000000000006,0.112,0.184,0.256,0.33699999999999997,0.418,0.499,0.58,0.6639999999999999,0.748,0.8320000000000001,0.916,0.9949999999999999,1.0739999999999998,1.153,1.2320000000000002,1.304,1.376,1.448,1.5199999999999998,1.5784999999999996,1.6369999999999996,1.6954999999999996,1.7539999999999998,1.7949999999999995,1.8359999999999994,1.8769999999999996,1.9179999999999997,1.9334999999999996,1.9489999999999996,1.9644999999999997,1.98,1.9575,1.935,1.9125,1.8900000000000001,1.819,1.748,1.677,1.606
0.29,0.01,0.060500000000000005,0.111,0.182,0.253,0.3335,0.414,0.49449999999999994,0.575,0.6582499999999999,0.7414999999999998,0.8247499999999999,0.908,0.9862499999999998,1.0644999999999998,1.14275,1.221,1.2919999999999998,1.3629999999999998,1.4339999999999997,1.505,1.5629999999999997,1.6209999999999998,1.6789999999999998,1.7369999999999999,1.7774999999999999,1.8179999999999998,1.8584999999999998,1.8989999999999998,1.9142499999999996,1.9294999999999995,1.9447499999999998,1.96,1.9375,1.915,1.8925,1.87,1.7995,1.729,1.6585,1.588
0.3,0.01,0.060000000000000005,0.11,0.18,0.25,0.32999999999999996,0.41,0.49,0.57,0.6524999999999999,0.7349999999999999,0.8174999999999999,0.9,0.9774999999999998,1.0549999999999997,1.1324999999999998,1.21,1.2799999999999998,1.3499999999999999,1.42,1.49,1.5474999999999999,1.605,1.6625,1.72,1.7599999999999998,1.7999999999999998,1.8399999999999999,1.88,1.8949999999999998,1.9099999999999997,1.9249999999999998,1.94,1.9175,1.895,1.8725,1.85,1.78,1.71,1.6400000000000001,1.57
0.31,0.01,0.05950000000000001,0.10900000000000001,0.17850000000000002,0.24800000000000003,0.32725000000000004,0.4065000000000001,0.48575000000000007,0.5650000000000001,0.647,0.729,0.8109999999999999,0.893,0.9699999999999998,1.0469999999999995,1.1239999999999992,1.2009999999999992,1.2702499999999994,1.3394999999999997,1.40875,1.4780000000000002,1.5350000000000001,1.592,1.649,1.7060000000000002,1.7455000000000003,1.7850000000000001,1.8245,1.864,1.8787499999999997,1.8934999999999995,1.9082499999999993,1.9229999999999992,1.9007499999999993,1.8784999999999994,1.8562499999999997,1.834,1.7647499999999998,1.6954999999999996,1.6262499999999993,1.556999999999999
0.32,0.01,0.05900000000000001,0.10800000000000001,0.17700000000000002,0.24600000000000002,0.3245,0.403,0.48150000000000004,0.56,0.6415,0.723,0.8045,0.886,0.9624999999999999,1.0389999999999997,1.1154999999999995,1.1919999999999993,1.2604999999999995,1.3289999999999997,1.3975,1.4660000000000002,1.5225,1.579,1.6355,1.6920000000000002,1.731,1.77,1.8090000000000002,1.848,1.8624999999999998,1.8769999999999996,1.8914999999999993,1.9059999999999993,1.8839999999999995,1.8619999999999997,1.8399999999999999,1.818,1.7494999999999998,1.6809999999999996,1.6124999999999994,1.5439999999999992
0.33,0.01,0.05850000000000001,0.10700000000000001,0.17550000000000002,0.24400000000000002,0.32175000000000004,0.3995000000000001,0.47725000000000006,0.555,0.6359999999999999,0.7169999999999999,0.7979999999999999,0.879,0.9549999999999997,1.0309999999999995,1.1069999999999993,1.1829999999999994,1.2507499999999996,1.3184999999999998,1.38625,1.4540000000000002,1.51,1.5659999999999998,1.6219999999999999,1.6780000000000002,1.7165,1.755,1.7934999999999999,1.832,1.84625,1.8604999999999996,1.8747499999999995,1.8889999999999993,1.8672499999999994,1.8454999999999995,1.8237499999999998,1.802,1.7342499999999998,1.6664999999999996,1.5987499999999994,1.5309999999999993
0.34,0.01,0.05800000000000001,0.10600000000000001,0.17400000000000002,0.24200000000000002,0.319,0.396,0.47300000000000003,0.55,0.6305,0.7109999999999999,0.7914999999999999,0.872,0.9474999999999998,1.0229999999999997,1.0984999999999996,1.1739999999999995,1.2409999999999997,1.3079999999999998,1.375,1.4420000000000002,1.4975,1.553,1.6085,1.6640000000000001,1.702,1.74,1.778,1.816,1.8299999999999996,1.8439999999999994,1.8579999999999994,1.8719999999999994,1.8504999999999994,1.8289999999999995,1.8074999999999997,1.786,1.7189999999999999,1.6519999999999997,1.5849999999999995,1.5179999999999993
0.35,0.01,0.05750000000000001,0.10500000000000001,0.17250000000000001,0.24000000000000002,0.31625000000000003,0.39250000000000007,0.46875000000000006,0.545,0.625,0.705,0.7849999999999999,0.865,0.9399999999999998,1.0149999999999997,1.0899999999999996,1.1649999999999996,1.2312499999999997,1.2974999999999999,1.36375,1.4300000000000002,1.485,1.54,1.5950000000000002,1.6500000000000001,1.6875,1.725,1.7625000000000002,1.8,1.8137499999999998,1.8274999999999997,1.8412499999999996,1.8549999999999995,1.8337499999999995,1.8124999999999996,1.7912499999999998,1.77,1.7037499999999999,1.6374999999999997,1.5712499999999996,1.5049999999999994
0.36,0.01,0.05700000000000001,0.10400000000000001,0.171,0.23800000000000002,0.3135,0.389,0.4645,0.54,0.6194999999999999,0.699,0.7785,0.858,0.9324999999999999,1.0069999999999997,1.0814999999999997,1.1559999999999997,1.2214999999999998,1.287,1.3525,1.4180000000000001,1.4725000000000001,1.5270000000000001,1.5815000000000001,1.6360000000000001,1.673,1.71,1.7469999999999999,1.784,1.7974999999999999,1.8109999999999997,1.8244999999999996,1.8379999999999996,1.8169999999999997,1.7959999999999998,1.775,1.754,1.6885,1.6229999999999998,1.5574999999999997,1.4919999999999995
0.37,0.01,0.05650000000000001,0.10300000000000001,0.1695,0.23600000000000002,0.31075,0.38550000000000006,0.46025000000000005,0.535,0.6139999999999999,0.6929999999999998,0.7719999999999999,0.851,0.9249999999999998,0.9989999999999998,1.0729999999999997,1.1469999999999998,1.2117499999999999,1.2765,1.34125,1.4060000000000001,1.46,1.514,1.568,1.622,1.6585,1.695,1.7315,1.768,1.78125,1.7944999999999998,1.8077499999999997,1.8209999999999997,1.8002499999999997,1.7794999999999996,1.7587499999999998,1.738,1.67325,1.6084999999999998,1.5437499999999997,1.4789999999999996
0.38,0.01,0.05600000000000001,0.10200000000000001,0.168,0.234,0.308,0.382,0.456,0.53,0.6084999999999999,0.6869999999999998,0.7654999999999998,0.844,0.9175,0.9909999999999999,1.0644999999999998,1.138,1.202,1.266,1.33,1.3940000000000001,1.4475,1.501,1.5545,1.608,1.644,1.6799999999999997,1.7159999999999997,1.752,1.7649999999999997,1.7779999999999996,1.7909999999999997,1.8039999999999998,1.7834999999999996,1.7629999999999997,1.7424999999999997,1.722,1.658,1.5939999999999999,1.5299999999999998,1.4659999999999997
0.39,0.01,0.05550000000000001,0.101,0.1665,0.232,0.30525,0.37850000000000006,0.45175000000000004,0.525,0.603,0.6809999999999999,0.7589999999999999,0.837,0.9099999999999999,0.983,1.056,1.129,1.19225,1.2555,1.31875,1.3820000000000001,1.435,1.488,1.541,1.594,1.6295000000000002,1.665,1.7005,1.736,1.7487499999999998,1.7614999999999998,1.7742499999999999,1.787,1.7667499999999998,1.7464999999999997,1.7262499999999998,1.706,1.64275,1.5795,1.5162499999999999,1.4529999999999998
0.4,0.01,0.05500000000000001,0.1,0.165,0.23,0.3025,0.375,0.4475,0.52,0.5974999999999999,0.6749999999999999,0.7525,0.83,0.9024999999999999,0.9749999999999999,1.0474999999999999,1.12,1.1825,1.245,1.3075,1.37,1.4224999999999999,1.4749999999999999,1.5274999999999999,1.58,1.615,1.65,1.685,1.72,1.7325,1.7449999999999999,1.7574999999999998,1.77,1.75,1.73,1.71,1.69,1.6275,1.565,1.5025,1.44
0.41,0.01900000000000001,0.059000000000000004,0.099,0.159,0.219,0.2865,0.354,0.4215,0.489,0.5614999999999999,0.6339999999999999,0.7064999999999999,0.779,0.8464999999999998,0.9139999999999995,0.9814999999999993,1.048999999999999,1.106499999999999,1.1639999999999988,1.221499999999999,1.278999999999999,1.326499999999999,1.3739999999999988,1.4214999999999989,1.468999999999999,1.501499999999999,1.533999999999999,1.5664999999999991,1.5989999999999993,1.608999999999999,1.6189999999999989,1.628999999999999,1.638999999999999,1.6214999999999988,1.6039999999999988,1.586499999999999,1.568999999999999,1.508999999999999,1.448999999999999,1.3889999999999991,1.3289999999999993
0.42,0.01800000000000001,0.058,0.098,0.158,0.218,0.2855,0.353,0.4205,0.488,0.5605,0.633,0.7055,0.778,0.8454999999999997,0.9129999999999995,0.9804999999999993,1.0479999999999992,1.105499999999999,1.162999999999999,1.220499999999999,1.2779999999999991,1.325499999999999,1.3729999999999989,1.420499999999999,1.467999999999999,1.500499999999999,1.532999999999999,1.5654999999999992,1.5979999999999994,1.6079999999999992,1.617999999999999,1.627999999999999,1.637999999999999,1.620499999999999,1.6029999999999989,1.585499999999999,1.5679999999999992,1.5079999999999991,1.447999999999999,1.3879999999999992,1.3279999999999994
0.43,0.017000000000000008,0.057,0.097,0.157,0.217,0.2845,0.352,0.4195,0.487,0.5594999999999999,0.6319999999999999,0.7044999999999999,0.777,0.8444999999999998,0.9119999999999996,0.9794999999999994,1.0469999999999993,1.1044999999999991,1.161999999999999,1.2194999999999991,1.2769999999999992,1.3244999999999991,1.371999999999999,1.419499999999999,1.4669999999999992,1.4994999999999992,1.5319999999999991,1.5644999999999993,1.5969999999999995,1.6069999999999993,1.616999999999999,1.6269999999999991,1.6369999999999991,1.619499999999999,1.601999999999999,1.5844999999999991,1.5669999999999993,1.5069999999999992,1.4469999999999992,1.3869999999999993,1.3269999999999995
0.44,0.016000000000000007,0.056,0.096,0.156,0.216,0.2835,0.351,0.4185,0.486,0.5585,0.631,0.7035,0.776,0.8434999999999998,0.9109999999999996,0.9784999999999995,1.0459999999999994,1.1034999999999993,1.1609999999999991,1.2184999999999993,1.2759999999999994,1.3234999999999992,1.370999999999999,1.4184999999999992,1.4659999999999993,1.4984999999999993,1.5309999999999993,1.5634999999999994,1.5959999999999996,1.6059999999999994,1.6159999999999992,1.6259999999999992,1.6359999999999992,1.6184999999999992,1.600999999999999,1.5834999999999992,1.5659999999999994,1.5059999999999993,1.4459999999999993,1.3859999999999995,1.3259999999999996
0.45,0.015000000000000005,0.05500000000000001,0.095,0.155,0.215,0.2825,0.35,0.4175,0.485,0.5574999999999999,0.6299999999999999,0.7024999999999999,0.775,0.8424999999999998,0.9099999999999997,0.9774999999999996,1.0449999999999995,1.1024999999999994,1.1599999999999993,1.2174999999999994,1.2749999999999995,1.3224999999999993,1.3699999999999992,1.4174999999999993,1.4649999999999994,1.4974999999999994,1.5299999999999994,1.5624999999999996,1.5949999999999998,1.6049999999999995,1.6149999999999993,1.6249999999999993,1.6349999999999993,1.6174999999999993,1.5999999999999992,1.5824999999999994,1.5649999999999995,1.5049999999999994,1.4449999999999994,1.3849999999999996,1.3249999999999997
0.46,0.014000000000000004,0.054000000000000006,0.094,0.154,0.214,0.2815,0.349,0.4165,0.484,0.5565,0.629,0.7015,0.774,0.8414999999999999,0.9089999999999998,0.9764999999999997,1.0439999999999996,1.1014999999999995,1.1589999999999994,1.2164999999999995,1.2739999999999996,1.3214999999999995,1.3689999999999993,1.4164999999999994,1.4639999999999995,1.4964999999999995,1.5289999999999995,1.5614999999999997,1.5939999999999999,1.6039999999999996,1.6139999999999994,1.6239999999999994,1.6339999999999995,1.6164999999999994,1.5989999999999993,1.5814999999999995,1.5639999999999996,1.5039999999999996,1.4439999999999995,1.3839999999999997,1.3239999999999998
0.47,0.013000000000000003,0.053000000000000005,0.093,0.153,0.213,0.28049999999999997,0.348,0.4155,0.483,0.5554999999999999,0.6279999999999999,0.7004999999999999,0.773,0.8404999999999998,0.9079999999999997,0.9754999999999997,1.0429999999999997,1.1004999999999996,1.1579999999999995,1.2154999999999996,1.2729999999999997,1.3204999999999996,1.3679999999999994,1.4154999999999995,1.4629999999999996,1.4954999999999996,1.5279999999999996,1.5604999999999998,1.593,1.6029999999999998,1.6129999999999995,1.6229999999999996,1.6329999999999996,1.6154999999999995,1.5979999999999994,1.5804999999999996,1.5629999999999997,1.5029999999999997,1.4429999999999996,1.3829999999999998,1.323
0.48,0.012000000000000002,0.052000000000000005,0.092,0.152,0.212,0.27949999999999997,0.347,0.4145,0.482,0.5545,0.627,0.6995,0.772,0.8394999999999999,0.9069999999999998,0.9744999999999998,1.0419999999999998,1.0994999999999997,1.1569999999999996,1.2144999999999997,1.2719999999999998,1.3194999999999997,1.3669999999999995,1.4144999999999996,1.4619999999999997,1.4944999999999997,1.5269999999999997,1.5594999999999999,1.592,1.6019999999999999,1.6119999999999997,1.6219999999999997,1.6319999999999997,1.6144999999999996,1.5969999999999995,1.5794999999999997,1.5619999999999998,1.5019999999999998,1.4419999999999997,1.382,1.322
0.49,0.011000000000000001,0.051000000000000004,0.091,0.151,0.211,0.27849999999999997,0.346,0.4135,0.481,0.5534999999999999,0.6259999999999999,0.6984999999999999,0.771,0.8385,0.9059999999999999,0.9734999999999999,1.041,1.0984999999999998,1.1559999999999997,1.2134999999999998,1.271,1.3184999999999998,1.3659999999999997,1.4134999999999998,1.4609999999999999,1.4934999999999998,1.5259999999999998,1.5585,1.5910000000000002,1.601,1.6109999999999998,1.6209999999999998,1.6309999999999998,1.6134999999999997,1.5959999999999996,1.5784999999999998,1.561,1.501,1.4409999999999998,1.381,1.3210000000000002
0.5,0.01,0.05,0.09,0.15,0.21,0.27749999999999997,0.345,0.4125,0.48,0.5525,0.625,0.6975,0.77,0.8374999999999999,0.9049999999999999,0.9724999999999999,1.04,1.0975,1.1549999999999998,1.2125,1.27,1.3175,1.3649999999999998,1.4124999999999999,1.46,1.4925,1.525,1.5575,1.59,1.6,1.6099999999999999,1.6199999999999999,1.63,1.6124999999999998,1.5949999999999998,1.5775,1.56,1.5,1.44,1.38,1.32
0.51,0.01,0.04950000000000001,0.08900000000000001,0.14850000000000002,0.20800000000000002,0.27525,0.3425,0.40975000000000006,0.47700000000000004,0.5487500000000001,0.6205,0.69225,0.764,0.83125,0.8985000000000001,0.9657500000000002,1.0330000000000004,1.0902500000000002,1.1475,1.20475,1.262,1.309,1.3559999999999999,1.403,1.4500000000000002,1.4822500000000003,1.5145000000000004,1.5467500000000007,1.579000000000001,1.5890000000000004,1.599,1.6089999999999995,1.618999999999999,1.6014999999999993,1.5839999999999996,1.5665000000000002,1.5490000000000008,1.4895000000000003,1.4299999999999997,1.3704999999999994,1.310999999999999
0.52,0.01,0.04900000000000001,0.08800000000000001,0.14700000000000002,0.20600000000000002,0.273,0.34,0.40700000000000003,0.47400000000000003,0.5449999999999999,0.6159999999999999,0.6869999999999999,0.758,0.825,0.892,0.9590000000000001,1.0260000000000002,1.0830000000000002,1.1400000000000001,1.197,1.254,1.3005,1.347,1.3935,1.4400000000000002,1.4720000000000004,1.5040000000000004,1.5360000000000007,1.568000000000001,1.5780000000000003,1.5879999999999999,1.5979999999999994,1.6079999999999992,1.5904999999999996,1.573,1.5555000000000003,1.5380000000000007,1.479,1.4199999999999997,1.3609999999999993,1.3019999999999992
0.53,0.01,0.04850000000000001,0.08700000000000001,0.14550000000000002,0.20400000000000001,0.27075000000000005,0.3375,0.40425,0.47100000000000003,0.54125,0.6114999999999999,0.68175,0.752,0.81875,0.8855,0.95225,1.0190000000000001,1.07575,1.1324999999999998,1.18925,1.246,1.2919999999999998,1.3379999999999999,1.384,1.4300000000000002,1.4617500000000003,1.4935000000000005,1.5252500000000007,1.5570000000000008,1.5670000000000004,1.577,1.5869999999999997,1.5969999999999993,1.5794999999999995,1.5619999999999998,1.5445000000000002,1.5270000000000006,1.4685000000000001,1.4099999999999997,1.3514999999999995,1.2929999999999993
0.54,0.01,0.04800000000000001,0.08600000000000001,0.14400000000000002,0.202,0.2685,0.335,0.4015,0.468,0.5375,0.607,0.6765,0.746,0.8125,0.879,0.9455,1.012,1.0684999999999998,1.1249999999999998,1.1814999999999998,1.238,1.2834999999999999,1.3289999999999997,1.3744999999999998,1.4200000000000002,1.4515000000000002,1.4830000000000003,1.5145000000000004,1.5460000000000007,1.5560000000000003,1.5659999999999998,1.5759999999999996,1.5859999999999994,1.5684999999999996,1.5509999999999997,1.5335,1.5160000000000005,1.4580000000000002,1.4,1.3419999999999996,1.2839999999999994
0.55,0.01,0.04750000000000001,0.085,0.14250000000000002,0.2,0.26625,0.3325,0.39875000000000005,0.465,0.53375,0.6024999999999999,0.6712499999999999,0.74,0.8062499999999999,0.8724999999999998,0.9387499999999999,1.005,1.0612499999999998,1.1174999999999997,1.1737499999999998,1.23,1.275,1.3199999999999998,1.365,1.4100000000000001,1.4412500000000001,1.4725000000000001,1.5037500000000004,1.5350000000000006,1.5450000000000002,1.5549999999999997,1.5649999999999995,1.5749999999999995,1.5574999999999997,1.5399999999999998,1.5225,1.5050000000000003,1.4475,1.3899999999999997,1.3324999999999996,1.2749999999999995
0.56,0.01,0.04700000000000001,0.084,0.14100000000000001,0.198,0.264,0.33,0.396,0.462,0.5299999999999999,0.5979999999999999,0.6659999999999999,0.734,0.7999999999999999,0.8659999999999999,0.9319999999999999,0.998,1.0539999999999998,1.1099999999999999,1.166,1.222,1.2665,1.311,1.3555000000000001,1.4000000000000001,1.431,1.4620000000000002,1.4930000000000003,1.5240000000000005,1.5340000000000003,1.544,1.5539999999999998,1.5639999999999996,1.5464999999999995,1.5289999999999997,1.5114999999999998,1.4940000000000002,1.4369999999999998,1.3799999999999997,1.3229999999999995,1.2659999999999996
0.57,0.01,0.04650000000000001,0.083,0.1395,0.196,0.26175000000000004,0.3275,0.39325,0.459,0.52625,0.5934999999999999,0.66075,0.728,0.79375,0.8594999999999999,0.9252499999999999,0.991,1.0467499999999998,1.1024999999999998,1.1582499999999998,1.214,1.258,1.302,1.346,1.3900000000000001,1.42075,1.4515,1.48225,1.5130000000000003,1.5230000000000001,1.533,1.5429999999999997,1.5529999999999997,1.5354999999999999,1.5179999999999998,1.5005,1.483,1.4264999999999999,1.3699999999999997,1.3134999999999997,1.2569999999999997
0.58,0.01,0.046000000000000006,0.082,0.138,0.194,0.2595,0.325,0.3905,0.456,0.5225,0.589,0.6555,0.722,0.7874999999999999,0.8529999999999999,0.9184999999999999,0.984,1.0394999999999999,1.0949999999999998,1.1504999999999999,1.206,1.2494999999999998,1.293,1.3365,1.3800000000000001,1.4104999999999999,1.4409999999999998,1.4715,1.5020000000000002,1.512,1.5219999999999998,1.5319999999999998,1.5419999999999998,1.5244999999999997,1.5069999999999997,1.4894999999999998,1.472,1.416,1.3599999999999999,1.3039999999999998,1.2479999999999998
0.59,0.01,0.045500000000000006,0.081,0.1365,0.192,0.25725,0.3225,0.38775000000000004,0.453,0.51875,0.5845,0.65025,0.716,0.7812499999999999,0.8464999999999998,0.9117499999999998,0.977,1.03225,1.0875,1.14275,1.198,1.2409999999999999,1.2839999999999998,1.327,1.37,1.40025,1.4304999999999999,1.46075,1.491,1.501,1.511,1.521,1.531,1.5134999999999996,1.4959999999999996,1.4784999999999997,1.4609999999999999,1.4054999999999997,1.3499999999999996,1.2944999999999998,1.2389999999999999
0.6,0.01,0.045000000000000005,0.08,0.135,0.19,0.255,0.32,0.385,0.45,0.5149999999999999,0.5799999999999998,0.6449999999999999,0.71,0.7749999999999999,0.8399999999999999,0.9049999999999999,0.97,1.025,1.0799999999999998,1.1349999999999998,1.19,1.2325,1.275,1.3175,1.36,1.3900000000000001,1.42,1.45,1.48,1.4899999999999998,1.4999999999999998,1.5099999999999998,1.52,1.5025,1.4849999999999999,1.4674999999999998,1.45,1.395,1.3399999999999999,1.285,1.23
0.61,0.01,0.04450000000000001,0.07900000000000001,0.134,0.189,0.2535,0.318,0.3825,0.447,0.51175,0.5765,0.6412500000000001,0.7060000000000001,0.7705,0.835,0.8995,0.9640000000000001,1.0187499999999996,1.0734999999999992,1.128249999999999,1.1829999999999992,1.2252499999999995,1.2674999999999996,1.3097499999999997,1.352,1.3817499999999998,1.4114999999999995,1.4412499999999993,1.4709999999999992,1.4807499999999993,1.4904999999999995,1.5002499999999999,1.51,1.4927499999999996,1.4754999999999994,1.4582499999999992,1.4409999999999992,1.386249999999999,1.3314999999999992,1.2767499999999996,1.222
0.62,0.01,0.04400000000000001,0.07800000000000001,0.133,0.188,0.252,0.316,0.38,0.444,0.5085,0.573,0.6375,0.7020000000000001,0.766,0.8300000000000001,0.8940000000000001,0.9580000000000001,1.0124999999999997,1.0669999999999995,1.1214999999999993,1.1759999999999993,1.2179999999999993,1.2599999999999993,1.3019999999999996,1.344,1.3735,1.4029999999999996,1.4324999999999994,1.4619999999999993,1.4714999999999994,1.4809999999999994,1.4904999999999997,1.5,1.4829999999999997,1.4659999999999995,1.4489999999999994,1.4319999999999993,1.3774999999999995,1.3229999999999995,1.2684999999999997,1.214
0.63,0.01,0.04350000000000001,0.07700000000000001,0.132,0.187,0.2505,0.314,0.3775,0.441,0.50525,0.5695,0.63375,0.6980000000000001,0.7615000000000001,0.8250000000000001,0.8885000000000001,0.9520000000000001,1.0062499999999999,1.0604999999999998,1.1147499999999995,1.1689999999999994,1.2107499999999995,1.2524999999999997,1.29425,1.336,1.3652499999999996,1.3944999999999994,1.4237499999999994,1.4529999999999994,1.4622499999999994,1.4714999999999994,1.4807499999999996,1.49,1.4732499999999997,1.4564999999999997,1.4397499999999996,1.4229999999999994,1.3687499999999995,1.3144999999999996,1.2602499999999996,1.206
0.64,0.01,0.04300000000000001,0.07600000000000001,0.131,0.186,0.249,0.312,0.375,0.438,0.5019999999999999,0.5659999999999998,0.6299999999999999,0.6940000000000001,0.7570000000000001,0.8200000000000001,0.883,0.9460000000000001,1,1.0539999999999998,1.1079999999999997,1.1619999999999995,1.2034999999999996,1.2449999999999997,1.2864999999999998,1.328,1.3569999999999998,1.3859999999999997,1.4149999999999996,1.4439999999999995,1.4529999999999994,1.4619999999999995,1.4709999999999996,1.48,1.4634999999999998,1.4469999999999996,1.4304999999999994,1.4139999999999995,1.3599999999999994,1.3059999999999996,1.2519999999999998,1.198
0.65,0.01,0.04250000000000001,0.07500000000000001,0.13,0.185,0.2475,0.31,0.3725,0.435,0.49875,0.5625,0.62625,0.6900000000000001,0.7525,0.815,0.8775,0.9400000000000001,0.9937499999999997,1.0474999999999994,1.1012499999999994,1.1549999999999996,1.1962499999999996,1.2374999999999998,1.27875,1.32,1.34875,1.3774999999999997,1.4062499999999996,1.4349999999999996,1.4437499999999996,1.4524999999999997,1.4612499999999997,1.47,1.4537499999999999,1.4374999999999998,1.4212499999999997,1.4049999999999996,1.3512499999999994,1.2974999999999994,1.2437499999999997,1.19
0.66,0.01,0.04200000000000001,0.07400000000000001,0.129,0.184,0.246,0.308,0.37,0.432,0.49549999999999994,0.5589999999999999,0.6225,0.686,0.748,0.81,0.8720000000000001,0.934,0.9874999999999998,1.0409999999999997,1.0944999999999996,1.1479999999999997,1.1889999999999996,1.2299999999999998,1.271,1.312,1.3405,1.3689999999999998,1.3974999999999997,1.4259999999999997,1.4344999999999997,1.4429999999999996,1.4514999999999998,1.46,1.4439999999999997,1.4279999999999995,1.4119999999999995,1.3959999999999997,1.3424999999999998,1.2889999999999997,1.2354999999999998,1.182
0.67,0.01,0.04150000000000001,0.07300000000000001,0.128,0.183,0.2445,0.306,0.3675,0.429,0.49224999999999997,0.5554999999999999,0.6187499999999999,0.682,0.7435,0.805,0.8665,0.928,0.98125,1.0345,1.0877499999999998,1.1409999999999998,1.1817499999999996,1.2224999999999997,1.2632499999999998,1.304,1.3322499999999997,1.3604999999999996,1.3887499999999997,1.4169999999999998,1.4252499999999997,1.4334999999999998,1.4417499999999999,1.45,1.43425,1.4184999999999999,1.4027499999999997,1.3869999999999998,1.3337499999999998,1.2804999999999997,1.2272499999999997,1.174
0.68,0.01,0.041,0.07200000000000001,0.127,0.182,0.243,0.304,0.365,0.426,0.489,0.552,0.615,0.678,0.7390000000000001,0.8,0.861,0.922,0.9750000000000001,1.028,1.081,1.134,1.1744999999999999,1.2149999999999999,1.2555,1.296,1.3239999999999998,1.3519999999999999,1.38,1.408,1.416,1.424,1.432,1.44,1.4244999999999999,1.4089999999999998,1.3935,1.378,1.3249999999999997,1.2719999999999998,1.2189999999999999,1.166
0.69,0.01,0.0405,0.07100000000000001,0.126,0.181,0.2415,0.302,0.3625,0.423,0.48575,0.5485,0.6112500000000001,0.674,0.7344999999999999,0.7949999999999999,0.8554999999999999,0.916,0.9687499999999998,1.0214999999999996,1.0742499999999997,1.127,1.1672500000000001,1.2075,1.24775,1.288,1.31575,1.3435,1.3712499999999999,1.399,1.40675,1.4144999999999999,1.42225,1.43,1.4147499999999997,1.3994999999999997,1.3842499999999998,1.369,1.3162499999999997,1.2634999999999996,1.2107499999999998,1.158
0.7,0.01,0.04,0.07,0.125,0.18,0.24,0.3,0.36,0.42,0.48249999999999993,0.5449999999999999,0.6074999999999999,0.67,0.73,0.79,0.8500000000000001,0.91,0.9624999999999999,1.015,1.0675,1.12,1.16,1.1999999999999997,1.2399999999999998,1.28,1.3075,1.335,1.3624999999999998,1.39,1.3975,1.4049999999999998,1.4124999999999999,1.42,1.4049999999999998,1.39,1.375,1.36,1.3075,1.255,1.2025,1.15
0.71,0.01,0.0395,0.069,0.12350000000000001,0.17800000000000002,0.23775000000000002,0.29750000000000004,0.35725000000000007,0.41700000000000004,0.47925,0.5415,0.60375,0.666,0.7257499999999999,0.7854999999999999,0.84525,0.905,0.9570000000000002,1.0090000000000003,1.0610000000000006,1.1130000000000009,1.153000000000001,1.193000000000001,1.233000000000001,1.273000000000001,1.3002500000000006,1.3275000000000003,1.3547500000000001,1.3820000000000001,1.3895,1.397,1.4045,1.4120000000000001,1.3970000000000002,1.3820000000000001,1.367,1.352,1.2992499999999998,1.2464999999999995,1.1937499999999992,1.1409999999999991
0.72,0.01,0.039,0.068,0.12200000000000001,0.17600000000000002,0.23550000000000004,0.29500000000000004,0.35450000000000004,0.41400000000000003,0.47600000000000003,0.538,0.6000000000000001,0.662,0.7215,0.781,0.8405,0.9,0.9515,1.0030000000000001,1.0545000000000004,1.1060000000000008,1.1460000000000008,1.1860000000000008,1.2260000000000009,1.266000000000001,1.2930000000000006,1.3200000000000003,1.3470000000000002,1.374,1.3815,1.389,1.3965,1.4040000000000001,1.3890000000000002,1.374,1.359,1.344,1.291,1.2379999999999995,1.1849999999999994,1.1319999999999992
0.73,0.01,0.0385,0.067,0.12050000000000001,0.17400000000000002,0.23325,0.29250000000000004,0.35175,0.41100000000000003,0.47275,0.5345,0.59625,0.658,0.7172499999999999,0.7765,0.83575,0.895,0.9460000000000002,0.9970000000000003,1.0480000000000005,1.0990000000000006,1.1390000000000007,1.1790000000000007,1.2190000000000007,1.2590000000000008,1.2857500000000006,1.3125000000000004,1.3392500000000003,1.366,1.3735,1.381,1.3885,1.3960000000000001,1.3810000000000002,1.366,1.351,1.336,1.2827499999999996,1.2294999999999994,1.1762499999999994,1.1229999999999993
0.74,0.01,0.038,0.066,0.11900000000000001,0.17200000000000001,0.23100000000000004,0.29000000000000004,0.34900000000000003,0.40800000000000003,0.46950000000000003,0.531,0.5925,0.654,0.7130000000000001,0.772,0.831,0.89,0.9405000000000001,0.9910000000000002,1.0415000000000003,1.0920000000000005,1.1320000000000006,1.1720000000000006,1.2120000000000006,1.2520000000000007,1.2785000000000004,1.3050000000000002,1.3315000000000001,1.358,1.3655,1.373,1.3805,1.3880000000000001,1.3730000000000002,1.358,1.343,1.328,1.2744999999999997,1.2209999999999996,1.1674999999999995,1.1139999999999994
0.75,0.01,0.0375,0.065,0.11750000000000001,0.17,0.22875,0.28750000000000003,0.34625000000000006,0.405,0.46624999999999994,0.5274999999999999,0.5887499999999999,0.65,0.70875,0.7675,0.8262499999999999,0.885,0.935,0.9850000000000001,1.0350000000000001,1.0850000000000004,1.1250000000000004,1.1650000000000005,1.2050000000000005,1.2450000000000006,1.2712500000000002,1.2975,1.32375,1.35,1.3575,1.365,1.3725,1.3800000000000001,1.3650000000000002,1.35,1.335,1.32,1.2662499999999999,1.2124999999999997,1.1587499999999995,1.1049999999999995
0.76,0.01,0.037,0.064,0.116,0.168,0.22650000000000003,0.28500000000000003,0.3435,0.402,0.463,0.524,0.585,0.646,0.7044999999999999,0.7629999999999999,0.8214999999999999,0.88,0.9295,0.9790000000000001,1.0285000000000002,1.0780000000000003,1.1180000000000003,1.1580000000000004,1.1980000000000004,1.2380000000000004,1.2640000000000002,1.29,1.316,1.342,1.3495,1.357,1.3645,1.372,1.3570000000000002,1.342,1.327,1.312,1.258,1.2039999999999997,1.1499999999999997,1.0959999999999996
0.77,0.01,0.0365,0.063,0.1145,0.166,0.22425,0.28250000000000003,0.34075,0.399,0.45975,0.5205,0.58125,0.642,0.70025,0.7585,0.81675,0.875,0.9239999999999999,0.973,1.022,1.0710000000000002,1.1110000000000002,1.1510000000000002,1.1910000000000003,1.2310000000000003,1.2567500000000003,1.2825000000000002,1.3082500000000001,1.334,1.3415,1.349,1.3565,1.364,1.3490000000000002,1.334,1.319,1.304,1.2497499999999997,1.1954999999999996,1.1412499999999997,1.0869999999999997
0.78,0.01,0.036,0.062,0.113,0.164,0.22200000000000003,0.28,0.338,0.396,0.45649999999999996,0.5169999999999999,0.5774999999999999,0.638,0.696,0.754,0.812,0.87,0.9184999999999999,0.9669999999999999,1.0154999999999998,1.064,1.104,1.1440000000000001,1.1840000000000002,1.2240000000000002,1.2495,1.275,1.3005,1.326,1.3335,1.341,1.3485,1.356,1.3410000000000002,1.326,1.311,1.296,1.2414999999999998,1.1869999999999998,1.1324999999999998,1.0779999999999998
0.79,0.01,0.0355,0.061,0.1115,0.162,0.21975,0.2775,0.33525000000000005,0.393,0.45325,0.5135,0.57375,0.634,0.6917499999999999,0.7494999999999998,0.8072499999999999,0.865,0.9129999999999999,0.9609999999999999,1.009,1.057,1.097,1.137,1.177,1.217,1.2422499999999999,1.2674999999999998,1.2927499999999998,1.318,1.3255,1.333,1.3405,1.348,1.3330000000000002,1.318,1.303,1.288,1.23325,1.1784999999999999,1.1237499999999998,1.069
0.8,0.01,0.034999999999999996,0.06,0.11,0.16,0.21750000000000003,0.275,0.3325,0.39,0.45,0.51,0.5700000000000001,0.63,0.6875,0.745,0.8025,0.86,0.9075,0.955,1.0025,1.05,1.0899999999999999,1.13,1.17,1.21,1.2349999999999999,1.2599999999999998,1.285,1.31,1.3175,1.325,1.3325,1.34,1.3250000000000002,1.31,1.295,1.28,1.225,1.17,1.115,1.06
0.81,0.01,0.0345,0.05900000000000001,0.10900000000000001,0.159,0.21625,0.2735,0.33075,0.388,0.44775000000000004,0.5075000000000001,0.56725,0.627,0.6839999999999999,0.741,0.798,0.8550000000000001,0.9024999999999999,0.9499999999999995,0.9974999999999993,1.044999999999999,1.0844999999999994,1.1239999999999997,1.1635000000000002,1.2030000000000007,1.2280000000000006,1.2530000000000006,1.2780000000000007,1.3030000000000008,1.3105000000000007,1.3180000000000007,1.3255000000000008,1.333000000000001,1.318000000000001,1.3030000000000008,1.288000000000001,1.273000000000001,1.2187500000000007,1.1645000000000003,1.1102500000000002,1.056
0.82,0.01,0.034,0.05800000000000001,0.10800000000000001,0.158,0.21500000000000002,0.272,0.329,0.386,0.4455,0.505,0.5645,0.624,0.6804999999999999,0.7369999999999999,0.7935,0.8500000000000001,0.8974999999999997,0.9449999999999995,0.9924999999999993,1.0399999999999991,1.0789999999999993,1.1179999999999997,1.157,1.1960000000000006,1.2210000000000005,1.2460000000000004,1.2710000000000006,1.2960000000000007,1.3035000000000005,1.3110000000000006,1.3185000000000007,1.326000000000001,1.3110000000000008,1.2960000000000007,1.2810000000000008,1.266000000000001,1.2125000000000006,1.1590000000000003,1.1055000000000001,1.052
0.83,0.01,0.0335,0.05700000000000001,0.10700000000000001,0.157,0.21375,0.2705,0.32725000000000004,0.384,0.44325,0.5025,0.56175,0.621,0.6769999999999999,0.7329999999999999,0.7889999999999999,0.8450000000000001,0.8924999999999998,0.9399999999999996,0.9874999999999994,1.0349999999999993,1.0734999999999995,1.1119999999999997,1.1505,1.1890000000000005,1.2140000000000004,1.2390000000000003,1.2640000000000005,1.2890000000000006,1.2965000000000004,1.3040000000000005,1.3115000000000006,1.3190000000000008,1.3040000000000007,1.2890000000000006,1.2740000000000007,1.2590000000000008,1.2062500000000005,1.1535000000000002,1.1007500000000001,1.048
0.84,0.01,0.033,0.05600000000000001,0.10600000000000001,0.156,0.21250000000000002,0.269,0.3255,0.382,0.44099999999999995,0.49999999999999994,0.5589999999999999,0.618,0.6735,0.729,0.7845,0.8400000000000001,0.8874999999999998,0.9349999999999996,0.9824999999999995,1.0299999999999994,1.0679999999999996,1.1059999999999999,1.1440000000000001,1.1820000000000004,1.2070000000000003,1.2320000000000002,1.2570000000000003,1.2820000000000005,1.2895000000000003,1.2970000000000004,1.3045000000000004,1.3120000000000007,1.2970000000000006,1.2820000000000005,1.2670000000000006,1.2520000000000007,1.2000000000000004,1.1480000000000001,1.096,1.044
0.85,0.01,0.0325,0.05500000000000001,0.10500000000000001,0.155,0.21125,0.2675,0.32375,0.38,0.43875,0.49749999999999994,0.5562499999999999,0.615,0.6699999999999999,0.725,0.78,0.8350000000000001,0.8824999999999998,0.9299999999999997,0.9774999999999996,1.0249999999999995,1.0624999999999996,1.0999999999999996,1.1375,1.1750000000000003,1.2000000000000002,1.225,1.2500000000000002,1.2750000000000004,1.2825000000000002,1.2900000000000003,1.2975000000000003,1.3050000000000006,1.2900000000000005,1.2750000000000004,1.2600000000000005,1.2450000000000006,1.1937500000000003,1.1425,1.09125,1.04
0.86,0.01,0.032,0.054000000000000006,0.10400000000000001,0.154,0.21000000000000002,0.266,0.322,0.378,0.43649999999999994,0.4949999999999999,0.5534999999999999,0.612,0.6664999999999999,0.7209999999999999,0.7755,0.8300000000000001,0.8775,0.9249999999999998,0.9724999999999997,1.0199999999999996,1.0569999999999995,1.0939999999999996,1.1309999999999998,1.1680000000000001,1.193,1.218,1.243,1.2680000000000002,1.2755,1.2830000000000001,1.2905000000000002,1.2980000000000005,1.2830000000000004,1.2680000000000002,1.2530000000000003,1.2380000000000004,1.1875000000000002,1.137,1.0865,1.036
0.87,0.01,0.0315,0.053000000000000005,0.10300000000000001,0.153,0.20875,0.2645,0.32025000000000003,0.376,0.43424999999999997,0.49249999999999994,0.55075,0.609,0.6629999999999999,0.7169999999999999,0.7709999999999999,0.8250000000000001,0.8724999999999998,0.9199999999999997,0.9674999999999997,1.0149999999999997,1.0514999999999997,1.0879999999999996,1.1244999999999998,1.161,1.186,1.2109999999999999,1.236,1.2610000000000001,1.2685,1.276,1.2835,1.2910000000000004,1.2760000000000002,1.2610000000000001,1.2460000000000002,1.2310000000000003,1.1812500000000001,1.1315,1.08175,1.032
0.88,0.01,0.031,0.052000000000000005,0.10200000000000001,0.152,0.20750000000000002,0.263,0.3185,0.374,0.43199999999999994,0.48999999999999994,0.5479999999999999,0.606,0.6595,0.713,0.7665,0.8200000000000001,0.8674999999999999,0.9149999999999998,0.9624999999999998,1.0099999999999998,1.0459999999999998,1.0819999999999999,1.1179999999999999,1.154,1.1789999999999998,1.2039999999999997,1.2289999999999999,1.254,1.2614999999999998,1.269,1.2765,1.2840000000000003,1.2690000000000001,1.254,1.239,1.2240000000000002,1.175,1.126,1.077,1.028
0.89,0.01,0.0305,0.051000000000000004,0.101,0.151,0.20625,0.2615,0.31675,0.372,0.42974999999999997,0.4875,0.54525,0.603,0.6559999999999999,0.709,0.762,0.8150000000000001,0.8625,0.9099999999999999,0.9574999999999999,1.005,1.0404999999999998,1.0759999999999996,1.1114999999999997,1.1469999999999998,1.1719999999999997,1.1969999999999996,1.2219999999999998,1.2469999999999999,1.2544999999999997,1.2619999999999998,1.2694999999999999,1.2770000000000001,1.262,1.2469999999999999,1.232,1.217,1.16875,1.1204999999999998,1.07225,1.024
0.9,0.01,0.03,0.05,0.1,0.15,0.20500000000000002,0.26,0.315,0.37,0.4275,0.485,0.5425,0.6,0.6524999999999999,0.7049999999999998,0.7575,0.81,0.8574999999999999,0.9049999999999999,0.9524999999999999,1,1.035,1.0699999999999998,1.105,1.14,1.165,1.19,1.2149999999999999,1.24,1.2475,1.255,1.2625,1.27,1.255,1.2399999999999998,1.2249999999999999,1.21,1.1624999999999999,1.1149999999999998,1.0675,1.02
0.91,0.01,0.03,0.05,0.0995,0.14900000000000002,0.20375000000000001,0.2585,0.31325000000000003,0.368,0.42524999999999996,0.48249999999999993,0.53975,0.597,0.6492499999999999,0.7014999999999999,0.7537499999999999,0.806,0.85325,0.9004999999999999,0.9477499999999999,0.995,1.0299999999999998,1.0649999999999995,1.0999999999999992,1.1349999999999991,1.1597499999999994,1.1844999999999994,1.2092499999999997,1.234,1.24125,1.2485000000000002,1.2557500000000004,1.2630000000000008,1.2482500000000005,1.2335000000000003,1.21875,1.204,1.1567499999999997,1.1094999999999997,1.0622499999999997,1.0149999999999997
0.92,0.01,0.03,0.05,0.099,0.14800000000000002,0.2025,0.257,0.3115,0.366,0.42299999999999993,0.4799999999999999,0.5369999999999999,0.594,0.6459999999999999,0.698,0.75,0.802,0.849,0.8959999999999999,0.943,0.99,1.025,1.0599999999999996,1.0949999999999993,1.1299999999999992,1.1544999999999992,1.1789999999999994,1.2034999999999996,1.228,1.2349999999999999,1.242,1.2490000000000003,1.2560000000000007,1.2415000000000003,1.227,1.2125,1.198,1.1509999999999998,1.1039999999999996,1.0569999999999997,1.0099999999999998
0.93,0.01,0.03,0.05,0.0985,0.14700000000000002,0.20125,0.2555,0.30974999999999997,0.364,0.42074999999999996,0.4774999999999999,0.5342499999999999,0.591,0.6427499999999999,0.6944999999999999,0.74625,0.798,0.84475,0.8915,0.93825,0.985,1.0199999999999998,1.0549999999999997,1.0899999999999994,1.1249999999999993,1.1492499999999994,1.1734999999999995,1.1977499999999996,1.222,1.22875,1.2355,1.2422500000000003,1.2490000000000006,1.2347500000000002,1.2205,1.2062499999999998,1.192,1.1452499999999999,1.0984999999999998,1.0517499999999997,1.005
0.94,0.01,0.03,0.05,0.098,0.14600000000000002,0.2,0.254,0.308,0.362,0.4184999999999999,0.47499999999999987,0.5314999999999999,0.588,0.6395,0.691,0.7424999999999999,0.794,0.8405,0.887,0.9335,0.98,1.0149999999999997,1.0499999999999996,1.0849999999999995,1.1199999999999994,1.1439999999999997,1.1679999999999997,1.1919999999999997,1.216,1.2225000000000001,1.229,1.2355000000000003,1.2420000000000004,1.2280000000000002,1.214,1.2,1.186,1.1395,1.093,1.0465,1
0.95,0.01,0.03,0.05,0.0975,0.14500000000000002,0.19875,0.2525,0.30625,0.36,0.41624999999999995,0.4724999999999999,0.5287499999999999,0.585,0.63625,0.6875,0.73875,0.79,0.8362499999999999,0.8825,0.92875,0.975,1.0099999999999998,1.0449999999999997,1.0799999999999996,1.1149999999999995,1.1387499999999995,1.1624999999999996,1.1862499999999998,1.21,1.21625,1.2225000000000001,1.2287500000000002,1.2350000000000003,1.2212500000000002,1.2075,1.19375,1.18,1.13375,1.0875,1.04125,0.995
0.96,0.01,0.03,0.05,0.097,0.14400000000000002,0.1975,0.251,0.3045,0.358,0.4139999999999999,0.4699999999999999,0.5259999999999999,0.582,0.633,0.6839999999999999,0.735,0.786,0.832,0.8779999999999999,0.9239999999999999,0.97,1.005,1.0399999999999998,1.0749999999999997,1.1099999999999997,1.1334999999999997,1.1569999999999998,1.1804999999999999,1.204,1.21,1.216,1.222,1.2280000000000002,1.2145000000000001,1.201,1.1875,1.174,1.128,1.0819999999999999,1.036,0.99
0.97,0.01,0.03,0.05,0.0965,0.14300000000000002,0.19625,0.2495,0.30274999999999996,0.356,0.41174999999999995,0.46749999999999997,0.52325,0.579,0.6297499999999999,0.6804999999999999,0.73125,0.782,0.82775,0.8734999999999999,0.9192499999999999,0.965,0.9999999999999998,1.0349999999999997,1.0699999999999998,1.1049999999999998,1.1282499999999995,1.1514999999999995,1.1747499999999997,1.198,1.2037499999999999,1.2094999999999998,1.21525,1.221,1.2077499999999999,1.1945,1.18125,1.168,1.1222499999999997,1.0764999999999998,1.0307499999999998,0.985
0.98,0.01,0.03,0.05,0.096,0.14200000000000002,0.195,0.248,0.301,0.354,0.4095,0.46499999999999997,0.5205,0.576,0.6264999999999998,0.6769999999999998,0.7274999999999999,0.778,0.8234999999999999,0.8689999999999999,0.9144999999999999,0.96,0.9949999999999999,1.0299999999999998,1.065,1.0999999999999999,1.1229999999999998,1.146,1.169,1.192,1.1974999999999998,1.2029999999999998,1.2085,1.214,1.2009999999999998,1.1879999999999997,1.1749999999999998,1.162,1.1164999999999998,1.0709999999999997,1.0254999999999999,0.98
0.99,0.01,0.03,0.05,0.0955,0.14100000000000001,0.19375,0.2465,0.29925,0.352,0.40724999999999995,0.4624999999999999,0.5177499999999999,0.573,0.6232499999999999,0.6734999999999999,0.7237499999999999,0.774,0.8192499999999999,0.8644999999999998,0.9097499999999998,0.955,0.99,1.025,1.06,1.095,1.11775,1.1404999999999998,1.16325,1.186,1.1912499999999997,1.1964999999999997,1.2017499999999997,1.2069999999999999,1.1942499999999998,1.1814999999999998,1.1687499999999997,1.156,1.11075,1.0655,1.0202499999999999,0.975
1,0.01,0.03,0.05,0.095,0.14,0.1925,0.245,0.2975,0.35,0.4049999999999999,0.4599999999999999,0.5149999999999999,0.57,0.6199999999999999,0.6699999999999999,0.72,0.77,0.815,0.8599999999999999,0.9049999999999999,0.95,0.985,1.02,1.0550000000000002,1.09,1.1124999999999998,1.1349999999999998,1.1574999999999998,1.18,1.185,1.19,1.1949999999999998,1.2,1.1875,1.1749999999999998,1.1624999999999999,1.15,1.1049999999999998,1.0599999999999996,1.0149999999999997,0.97
1.01,0.01,0.029500000000000005,0.04900000000000001,0.094,0.139,0.19125000000000003,0.24350000000000002,0.29575,0.34800000000000003,0.40275000000000005,0.4575000000000001,0.5122500000000001,0.5670000000000001,0.617,0.667,0.7170000000000001,0.767,0.81175,0.8565,0.9012500000000001,0.9460000000000001,0.9807499999999998,1.0154999999999994,1.0502499999999992,1.084999999999999,1.1072499999999992,1.1294999999999995,1.1517499999999998,1.1740000000000002,1.1792499999999997,1.1844999999999994,1.1897499999999992,1.194999999999999,1.1822499999999991,1.1694999999999993,1.1567499999999997,1.1440000000000001,1.09925,1.0545,1.00975,0.9650000000000001
1.02,0.01,0.029000000000000005,0.04800000000000001,0.093,0.138,0.19,0.24200000000000002,0.29400000000000004,0.34600000000000003,0.4005000000000001,0.45500000000000007,0.5095000000000001,0.5640000000000001,0.614,0.6639999999999999,0.714,0.764,0.8085,0.853,0.8975,0.9420000000000001,0.9764999999999997,1.0109999999999995,1.0454999999999992,1.0799999999999992,1.1019999999999994,1.1239999999999997,1.146,1.1680000000000001,1.1734999999999998,1.1789999999999994,1.1844999999999992,1.189999999999999,1.1769999999999992,1.1639999999999995,1.1509999999999998,1.1380000000000001,1.0935000000000001,1.049,1.0045,0.9600000000000001
1.03,0.01,0.028500000000000004,0.04700000000000001,0.092,0.137,0.18875000000000003,0.24050000000000002,0.29225,0.34400000000000003,0.39825,0.4525,0.50675,0.561,0.611,0.661,0.7110000000000001,0.761,0.80525,0.8495,0.89375,0.9380000000000001,0.9722499999999998,1.0064999999999995,1.0407499999999994,1.0749999999999993,1.0967499999999994,1.1184999999999996,1.14025,1.1620000000000001,1.1677499999999998,1.1734999999999995,1.1792499999999992,1.1849999999999992,1.1717499999999994,1.1584999999999996,1.1452499999999999,1.1320000000000001,1.08775,1.0434999999999999,0.99925,0.9550000000000001
1.04,0.01,0.028000000000000004,0.046000000000000006,0.091,0.136,0.1875,0.23900000000000002,0.29050000000000004,0.342,0.396,0.45,0.504,0.558,0.608,0.6579999999999999,0.708,0.758,0.8019999999999999,0.8459999999999999,0.8899999999999999,0.934,0.968,1.0019999999999998,1.0359999999999996,1.0699999999999994,1.0914999999999995,1.1129999999999995,1.1344999999999998,1.1560000000000001,1.162,1.1679999999999997,1.1739999999999995,1.1799999999999993,1.1664999999999994,1.1529999999999996,1.1395,1.1260000000000001,1.0819999999999999,1.0379999999999998,0.994,0.9500000000000001
1.05,0.01,0.027500000000000004,0.045000000000000005,0.09,0.135,0.18625000000000003,0.23750000000000002,0.28875,0.34,0.39375000000000004,0.4475,0.50125,0.555,0.605,0.655,0.7050000000000001,0.755,0.7987500000000001,0.8425,0.88625,0.93,0.9637499999999999,0.9974999999999997,1.0312499999999996,1.0649999999999995,1.0862499999999995,1.1074999999999995,1.1287499999999997,1.1500000000000001,1.15625,1.1624999999999996,1.1687499999999995,1.1749999999999994,1.1612499999999994,1.1474999999999995,1.1337499999999998,1.12,1.07625,1.0325,0.98875,0.9450000000000001
1.06,0.01,0.027000000000000003,0.044000000000000004,0.089,0.134,0.185,0.23600000000000002,0.28700000000000003,0.338,0.39149999999999996,0.44499999999999995,0.4985,0.552,0.602,0.6519999999999999,0.702,0.752,0.7955,0.839,0.8825000000000001,0.926,0.9594999999999998,0.9929999999999997,1.0264999999999995,1.0599999999999996,1.0809999999999995,1.1019999999999996,1.1229999999999998,1.1440000000000001,1.1504999999999999,1.1569999999999996,1.1634999999999995,1.1699999999999995,1.1559999999999995,1.1419999999999995,1.1279999999999997,1.114,1.0705,1.0270000000000001,0.9835,0.9400000000000001
1.07,0.01,0.026500000000000003,0.043000000000000003,0.088,0.133,0.18375000000000002,0.23450000000000001,0.28525,0.336,0.38925,0.4425,0.49575,0.549,0.599,0.649,0.6990000000000001,0.749,0.7922499999999999,0.8354999999999999,0.8787499999999999,0.922,0.9552499999999999,0.9884999999999998,1.0217499999999997,1.0549999999999997,1.0757499999999998,1.0964999999999998,1.1172499999999999,1.1380000000000001,1.1447499999999997,1.1514999999999995,1.1582499999999996,1.1649999999999996,1.1507499999999995,1.1364999999999996,1.1222499999999997,1.108,1.06475,1.0215,0.9782500000000001,0.935
1.08,0.01,0.026000000000000002,0.042,0.087,0.132,0.1825,0.233,0.28350000000000003,0.334,0.387,0.44,0.493,0.546,0.596,0.6459999999999999,0.696,0.746,0.7889999999999999,0.832,0.875,0.918,0.9510000000000001,0.984,1.017,1.0499999999999998,1.0704999999999998,1.0909999999999997,1.1115,1.1320000000000001,1.1389999999999998,1.1459999999999997,1.1529999999999996,1.1599999999999997,1.1454999999999997,1.1309999999999998,1.1164999999999998,1.102,1.0590000000000002,1.016,0.9730000000000001,0.93
1.09,0.01,0.025500000000000002,0.041,0.086,0.131,0.18125000000000002,0.2315,0.28175,0.332,0.38475000000000004,0.4375,0.49025,0.543,0.593,0.643,0.6930000000000001,0.743,0.78575,0.8285,0.8712500000000001,0.914,0.94675,0.9794999999999999,1.0122499999999999,1.045,1.0652499999999998,1.0855,1.10575,1.1260000000000001,1.1332499999999999,1.1404999999999998,1.1477499999999998,1.1549999999999998,1.1402499999999998,1.1254999999999997,1.11075,1.096,1.05325,1.0105,0.96775,0.925
1.1,0.01,0.025,0.04,0.08499999999999999,0.13,0.18,0.23,0.28,0.33,0.38249999999999995,0.43499999999999994,0.4875,0.54,0.59,0.6399999999999999,0.69,0.74,0.7825,0.825,0.8674999999999999,0.91,0.9424999999999999,0.9749999999999999,1.0074999999999998,1.04,1.06,1.08,1.1,1.12,1.1275,1.1349999999999998,1.1424999999999998,1.15,1.1349999999999998,1.1199999999999999,1.105,1.09,1.0474999999999999,1.005,0.9624999999999999,0.92
1.11,0.01,0.025,0.04,0.08449999999999999,0.129,0.179,0.229,0.279,0.329,0.38125,0.4335,0.48575,0.538,0.58775,0.6375,0.6872499999999999,0.737,0.77925,0.8215,0.86375,0.906,0.9384999999999999,0.9709999999999999,1.0034999999999998,1.036,1.0557499999999997,1.0754999999999995,1.0952499999999994,1.1149999999999993,1.1224999999999992,1.129999999999999,1.137499999999999,1.1449999999999991,1.129999999999999,1.1149999999999989,1.099999999999999,1.084999999999999,1.0427499999999992,1.0004999999999993,0.9582499999999996,0.916
1.12,0.01,0.025,0.04,0.08399999999999999,0.128,0.178,0.228,0.278,0.328,0.38,0.432,0.484,0.536,0.5854999999999999,0.6349999999999999,0.6844999999999999,0.734,0.7759999999999999,0.8179999999999998,0.8599999999999999,0.902,0.9344999999999999,0.9669999999999999,0.9994999999999999,1.032,1.0514999999999999,1.0709999999999997,1.0904999999999996,1.1099999999999994,1.1174999999999993,1.1249999999999991,1.1324999999999992,1.1399999999999992,1.1249999999999991,1.109999999999999,1.094999999999999,1.0799999999999992,1.0379999999999994,0.9959999999999996,0.9539999999999997,0.912
1.13,0.01,0.025,0.04,0.08349999999999999,0.127,0.177,0.227,0.277,0.327,0.37875000000000003,0.4305,0.48225,0.534,0.5832499999999999,0.6324999999999998,0.6817499999999999,0.731,0.77275,0.8145,0.85625,0.898,0.9304999999999999,0.9629999999999999,0.9954999999999999,1.028,1.0472499999999998,1.0664999999999996,1.0857499999999995,1.1049999999999995,1.1124999999999994,1.1199999999999992,1.1274999999999993,1.1349999999999993,1.1199999999999992,1.104999999999999,1.0899999999999992,1.0749999999999993,1.0332499999999993,0.9914999999999996,0.9497499999999999,0.908
1.14,0.01,0.025,0.04,0.08299999999999999,0.126,0.176,0.226,0.276,0.326,0.37749999999999995,0.42899999999999994,0.4805,0.532,0.581,0.6299999999999999,0.6789999999999999,0.728,0.7695,0.8109999999999999,0.8525,0.894,0.9264999999999999,0.9589999999999999,0.9914999999999999,1.024,1.0429999999999997,1.0619999999999996,1.0809999999999995,1.0999999999999996,1.1074999999999995,1.1149999999999993,1.1224999999999994,1.1299999999999994,1.1149999999999993,1.0999999999999992,1.0849999999999993,1.0699999999999994,1.0284999999999995,0.9869999999999997,0.9454999999999998,0.904
1.15,0.01,0.025,0.04,0.08249999999999999,0.125,0.175,0.225,0.275,0.325,0.37625,0.4275,0.47875,0.53,0.57875,0.6275,0.67625,0.725,0.7662499999999999,0.8074999999999999,0.8487499999999999,0.89,0.9224999999999999,0.9549999999999998,0.9874999999999999,1.02,1.0387499999999998,1.0574999999999997,1.0762499999999997,1.0949999999999998,1.1024999999999996,1.1099999999999994,1.1174999999999995,1.1249999999999996,1.1099999999999994,1.0949999999999993,1.0799999999999994,1.0649999999999995,1.0237499999999997,0.9824999999999998,0.9412499999999999,0.9
1.16,0.01,0.025,0.04,0.08199999999999999,0.124,0.174,0.224,0.274,0.324,0.375,0.426,0.477,0.528,0.5765,0.625,0.6735,0.722,0.7629999999999999,0.8039999999999999,0.845,0.886,0.9184999999999999,0.9509999999999998,0.9834999999999999,1.016,1.0345,1.053,1.0715,1.0899999999999999,1.0974999999999997,1.1049999999999995,1.1124999999999996,1.1199999999999997,1.1049999999999995,1.0899999999999994,1.0749999999999995,1.0599999999999996,1.0189999999999997,0.9779999999999998,0.9369999999999998,0.896
1.17,0.01,0.025,0.04,0.08149999999999999,0.123,0.173,0.223,0.273,0.323,0.37375,0.4245,0.47525,0.526,0.5742499999999999,0.6224999999999999,0.67075,0.719,0.7597499999999999,0.8005,0.84125,0.882,0.9144999999999999,0.9469999999999998,0.9794999999999999,1.012,1.0302499999999999,1.0484999999999998,1.0667499999999999,1.085,1.0924999999999998,1.0999999999999996,1.1074999999999997,1.1149999999999998,1.0999999999999996,1.0849999999999995,1.0699999999999996,1.0549999999999997,1.0142499999999997,0.9734999999999998,0.93275,0.892
1.18,0.01,0.025,0.04,0.08099999999999999,0.122,0.172,0.222,0.272,0.322,0.37249999999999994,0.42299999999999993,0.4735,0.524,0.572,0.6199999999999999,0.6679999999999999,0.716,0.7565,0.7969999999999999,0.8374999999999999,0.878,0.9104999999999999,0.9429999999999998,0.9754999999999999,1.008,1.0259999999999998,1.0439999999999998,1.0619999999999998,1.08,1.0875,1.0949999999999998,1.1024999999999998,1.1099999999999999,1.0949999999999998,1.0799999999999996,1.0649999999999997,1.0499999999999998,1.0094999999999998,0.9689999999999999,0.9284999999999999,0.888
1.19,0.01,0.025,0.04,0.08049999999999999,0.121,0.17099999999999999,0.221,0.271,0.321,0.37124999999999997,0.4215,0.47175,0.522,0.56975,0.6174999999999999,0.6652499999999999,0.713,0.75325,0.7935,0.83375,0.874,0.9064999999999999,0.9389999999999998,0.9714999999999999,1.004,1.02175,1.0394999999999999,1.05725,1.0750000000000002,1.0825,1.0899999999999999,1.0975,1.105,1.0899999999999999,1.0749999999999997,1.0599999999999998,1.045,1.00475,0.9645,0.92425,0.884
1.2,0.01,0.025,0.04,0.07999999999999999,0.12,0.16999999999999998,0.22,0.27,0.32,0.37,0.42,0.47,0.52,0.5674999999999999,0.6149999999999999,0.6624999999999999,0.71,0.7499999999999999,0.7899999999999998,0.8299999999999998,0.87,0.9024999999999999,0.9349999999999998,0.9674999999999999,1,1.0174999999999998,1.0349999999999997,1.0524999999999998,1.07,1.0775000000000001,1.085,1.0925,1.1,1.085,1.0699999999999998,1.055,1.04,1,0.96,0.9199999999999999,0.88
1.21,0.01,0.025,0.04,0.07999999999999999,0.12,0.16949999999999998,0.219,0.2685,0.318,0.368,0.418,0.46799999999999997,0.518,0.56525,0.6125,0.6597500000000001,0.7070000000000001,0.747,0.7869999999999999,0.827,0.867,0.8992499999999999,0.9314999999999999,0.9637499999999999,0.996,1.0134999999999998,1.0309999999999997,1.0484999999999998,1.066,1.0732499999999998,1.0804999999999996,1.0877499999999993,1.0949999999999993,1.0802499999999995,1.0654999999999997,1.0507499999999999,1.036,0.996,0.956,0.9159999999999999,0.876
1.22,0.01,0.025,0.04,0.07999999999999999,0.12,0.16899999999999998,0.218,0.267,0.316,0.366,0.416,0.46599999999999997,0.516,0.563,0.61,0.657,0.7040000000000001,0.744,0.784,0.8240000000000001,0.864,0.8959999999999999,0.9279999999999999,0.96,0.992,1.0094999999999998,1.0269999999999997,1.0444999999999998,1.062,1.069,1.0759999999999996,1.0829999999999995,1.0899999999999994,1.0754999999999995,1.0609999999999995,1.0464999999999998,1.032,0.992,0.952,0.9119999999999999,0.872
1.23,0.01,0.025,0.04,0.07999999999999999,0.12,0.16849999999999998,0.217,0.2655,0.314,0.364,0.414,0.46399999999999997,0.514,0.56075,0.6074999999999999,0.65425,0.7010000000000001,0.741,0.7809999999999999,0.821,0.861,0.8927499999999999,0.9244999999999999,0.9562499999999999,0.988,1.0054999999999998,1.0229999999999997,1.0404999999999998,1.058,1.0647499999999996,1.0714999999999995,1.0782499999999995,1.0849999999999995,1.0707499999999994,1.0564999999999996,1.0422499999999997,1.028,0.988,0.948,0.9079999999999999,0.868
1.24,0.01,0.025,0.04,0.07999999999999999,0.12,0.16799999999999998,0.216,0.264,0.312,0.362,0.412,0.46199999999999997,0.512,0.5585,0.605,0.6515,0.6980000000000001,0.738,0.778,0.8180000000000001,0.858,0.8895,0.9209999999999999,0.9524999999999999,0.984,1.0014999999999998,1.0189999999999997,1.0364999999999998,1.054,1.0604999999999998,1.0669999999999997,1.0734999999999997,1.0799999999999996,1.0659999999999996,1.0519999999999996,1.0379999999999998,1.024,0.984,0.944,0.9039999999999999,0.864
1.25,0.01,0.025,0.04,0.07999999999999999,0.12,0.16749999999999998,0.215,0.2625,0.31,0.36,0.41,0.45999999999999996,0.51,0.5562499999999999,0.6024999999999999,0.6487499999999999,0.6950000000000001,0.735,0.7749999999999999,0.815,0.855,0.88625,0.9175,0.94875,0.98,0.9974999999999998,1.0149999999999997,1.0324999999999998,1.05,1.05625,1.0624999999999998,1.0687499999999996,1.0749999999999997,1.0612499999999998,1.0474999999999999,1.03375,1.02,0.98,0.94,0.8999999999999999,0.86
1.26,0.01,0.025,0.04,0.07999999999999999,0.12,0.16699999999999998,0.214,0.261,0.308,0.358,0.408,0.45799999999999996,0.508,0.5539999999999999,0.5999999999999999,0.6459999999999999,0.6920000000000001,0.732,0.772,0.812,0.852,0.883,0.9139999999999999,0.945,0.976,0.9934999999999998,1.0109999999999997,1.0284999999999997,1.046,1.052,1.0579999999999998,1.0639999999999998,1.0699999999999998,1.0564999999999998,1.0429999999999997,1.0294999999999999,1.016,0.976,0.9359999999999999,0.8959999999999999,0.856
1.27,0.01,0.025,0.04,0.07999999999999999,0.12,0.16649999999999998,0.213,0.2595,0.306,0.356,0.40599999999999997,0.45599999999999996,0.506,0.55175,0.5974999999999999,0.64325,0.6890000000000001,0.729,0.7689999999999999,0.8089999999999999,0.849,0.8797499999999999,0.9104999999999999,0.9412499999999999,0.972,0.9894999999999998,1.0069999999999997,1.0244999999999997,1.042,1.0477499999999997,1.0534999999999997,1.0592499999999998,1.065,1.0517499999999997,1.0384999999999998,1.0252499999999998,1.012,0.972,0.9319999999999999,0.8919999999999999,0.852
1.28,0.01,0.025,0.04,0.07999999999999999,0.12,0.16599999999999998,0.212,0.258,0.304,0.354,0.40399999999999997,0.45399999999999996,0.504,0.5495,0.595,0.6405000000000001,0.686,0.726,0.766,0.806,0.846,0.8764999999999998,0.9069999999999998,0.9374999999999999,0.968,0.9854999999999998,1.0029999999999997,1.0204999999999997,1.038,1.0434999999999999,1.049,1.0545,1.06,1.047,1.0339999999999998,1.021,1.008,0.968,0.9279999999999999,0.8879999999999999,0.848
1.29,0.01,0.025,0.04,0.07999999999999999,0.12,0.16549999999999998,0.211,0.2565,0.302,0.352,0.40199999999999997,0.45199999999999996,0.502,0.54725,0.5925,0.63775,0.683,0.723,0.7629999999999999,0.8029999999999999,0.843,0.8732499999999999,0.9034999999999999,0.9337499999999999,0.964,0.9814999999999999,0.9989999999999999,1.0165,1.034,1.03925,1.0445,1.04975,1.0550000000000002,1.0422500000000001,1.0295,1.01675,1.004,0.964,0.9239999999999999,0.8839999999999999,0.844
1.3,0.01,0.025,0.04,0.07999999999999999,0.12,0.16499999999999998,0.21,0.255,0.3,0.35,0.39999999999999997,0.44999999999999996,0.5,0.5449999999999999,0.59,0.635,0.68,0.72,0.76,0.8,0.84,0.8699999999999999,0.8999999999999999,0.9299999999999999,0.96,0.9774999999999999,0.9949999999999999,1.0125,1.03,1.0350000000000001,1.04,1.045,1.05,1.0375,1.025,1.0125,1,0.96,0.9199999999999999,0.8799999999999999,0.84
1.31,0.01,0.0245,0.03900000000000001,0.07900000000000001,0.11900000000000001,0.164,0.20900000000000002,0.254,0.299,0.34875,0.39849999999999997,0.44825,0.498,0.54275,0.5874999999999999,0.63225,0.677,0.71675,0.7565,0.79625,0.8360000000000001,0.866,0.8959999999999999,0.9259999999999999,0.9560000000000001,0.9735,0.991,1.0085,1.026,1.0310000000000001,1.036,1.041,1.046,1.0335,1.021,1.0085,0.996,0.956,0.9159999999999999,0.876,0.8360000000000001
1.32,0.01,0.024,0.038000000000000006,0.07800000000000001,0.11800000000000001,0.163,0.20800000000000002,0.253,0.298,0.3474999999999999,0.3969999999999999,0.44649999999999995,0.496,0.5405,0.585,0.6295,0.674,0.7135,0.753,0.7925,0.8320000000000001,0.862,0.8919999999999999,0.9219999999999999,0.9520000000000001,0.9695,0.987,1.0045,1.022,1.0270000000000001,1.032,1.037,1.042,1.0295,1.017,1.0045,0.992,0.952,0.9119999999999999,0.872,0.8320000000000001
1.33,0.01,0.0235,0.037000000000000005,0.07700000000000001,0.117,0.162,0.20700000000000002,0.252,0.297,0.34624999999999995,0.39549999999999996,0.44475,0.494,0.5382499999999999,0.5824999999999999,0.6267499999999999,0.671,0.71025,0.7495,0.7887500000000001,0.8280000000000001,0.858,0.8879999999999999,0.9179999999999999,0.9480000000000001,0.9655,0.983,1.0005,1.018,1.0230000000000001,1.028,1.033,1.038,1.0255,1.013,1.0005,0.988,0.948,0.9079999999999999,0.868,0.8280000000000001
1.34,0.01,0.023,0.036000000000000004,0.07600000000000001,0.116,0.161,0.20600000000000002,0.251,0.296,0.345,0.39399999999999996,0.44299999999999995,0.492,0.5359999999999999,0.5799999999999998,0.6239999999999999,0.668,0.7070000000000001,0.746,0.785,0.8240000000000001,0.854,0.8839999999999999,0.9139999999999999,0.9440000000000001,0.9615,0.979,0.9964999999999999,1.014,1.0190000000000001,1.024,1.029,1.034,1.0215,1.009,0.9964999999999999,0.984,0.944,0.9039999999999999,0.864,0.8240000000000001
1.35,0.01,0.0225,0.035,0.07500000000000001,0.115,0.16,0.20500000000000002,0.25,0.295,0.34375,0.39249999999999996,0.44125,0.49,0.53375,0.5774999999999999,0.62125,0.665,0.70375,0.7424999999999999,0.78125,0.8200000000000001,0.85,0.8799999999999999,0.9099999999999999,0.9400000000000001,0.9575,0.975,0.9924999999999999,1.01,1.0150000000000001,1.02,1.025,1.03,1.0175,1.005,0.9924999999999999,0.98,0.94,0.8999999999999999,0.86,0.8200000000000001
1.36,0.01,0.022,0.034,0.07400000000000001,0.114,0.159,0.20400000000000001,0.249,0.294,0.3424999999999999,0.3909999999999999,0.43949999999999995,0.488,0.5315,0.575,0.6185,0.662,0.7004999999999999,0.7389999999999999,0.7775,0.8160000000000001,0.846,0.8759999999999999,0.9059999999999999,0.936,0.9535,0.971,0.9884999999999999,1.006,1.0110000000000001,1.016,1.021,1.026,1.0135,1.001,0.9884999999999999,0.976,0.9359999999999999,0.8959999999999999,0.856,0.8160000000000001
1.37,0.01,0.0215,0.033,0.07300000000000001,0.113,0.158,0.203,0.248,0.293,0.34124999999999994,0.38949999999999996,0.43775,0.486,0.52925,0.5725,0.61575,0.659,0.6972499999999999,0.7354999999999999,0.7737499999999999,0.812,0.842,0.8719999999999999,0.9019999999999999,0.932,0.9495,0.967,0.9844999999999999,1.002,1.0070000000000001,1.012,1.017,1.022,1.0095,0.997,0.9844999999999999,0.972,0.9319999999999999,0.8919999999999999,0.852,0.812
1.38,0.01,0.020999999999999998,0.032,0.07200000000000001,0.112,0.157,0.202,0.247,0.292,0.33999999999999997,0.38799999999999996,0.43599999999999994,0.484,0.5269999999999999,0.57,0.613,0.656,0.694,0.732,0.77,0.808,0.838,0.8679999999999999,0.8979999999999999,0.928,0.9455,0.963,0.9804999999999999,0.998,1.0030000000000001,1.008,1.013,1.018,1.0055,0.993,0.9804999999999999,0.968,0.9279999999999999,0.8879999999999999,0.848,0.808
1.39,0.01,0.020499999999999997,0.031,0.07100000000000001,0.111,0.156,0.201,0.246,0.291,0.33875,0.38649999999999995,0.43424999999999997,0.482,0.5247499999999999,0.5674999999999999,0.61025,0.653,0.69075,0.7284999999999999,0.76625,0.804,0.834,0.8639999999999999,0.8939999999999999,0.924,0.9415,0.959,0.9764999999999999,0.994,0.999,1.004,1.009,1.014,1.0015,0.989,0.9764999999999999,0.964,0.9239999999999999,0.8839999999999999,0.844,0.804
1.4,0.01,0.019999999999999997,0.03,0.07,0.11,0.155,0.2,0.245,0.29,0.3374999999999999,0.3849999999999999,0.43249999999999994,0.48,0.5225,0.565,0.6074999999999999,0.65,0.6875,0.725,0.7625,0.8,0.83,0.8599999999999999,0.8899999999999999,0.92,0.9375,0.955,0.9724999999999999,0.99,0.9949999999999999,0.9999999999999999,1.005,1.01,0.9974999999999999,0.9849999999999999,0.9724999999999999,0.96,0.9199999999999999,0.8799999999999999,0.84,0.8
1.41,0.01,0.019999999999999997,0.03,0.07,0.11,0.15475,0.1995,0.24425000000000002,0.28900000000000003,0.33625,0.38349999999999995,0.43074999999999997,0.47800000000000004,0.5205,0.563,0.6054999999999999,0.648,0.6855,0.723,0.7605,0.798,0.82775,0.8574999999999999,0.88725,0.917,0.93425,0.9515,0.96875,0.986,0.9909999999999999,0.9959999999999999,1.001,1.006,0.9934999999999999,0.9809999999999999,0.9684999999999999,0.9560000000000001,0.91625,0.8765000000000001,0.8367500000000001,0.797
1.42,0.01,0.019999999999999997,0.03,0.07,0.11,0.1545,0.199,0.24350000000000002,0.28800000000000003,0.335,0.382,0.42900000000000005,0.47600000000000003,0.5185,0.5609999999999999,0.6034999999999999,0.646,0.6835,0.721,0.7585,0.796,0.8255,0.855,0.8845000000000001,0.914,0.931,0.948,0.965,0.982,0.9869999999999999,0.9919999999999999,0.9969999999999999,1.002,0.9894999999999999,0.9769999999999999,0.9644999999999999,0.9520000000000001,0.9125000000000001,0.873,0.8335,0.794
1.43,0.01,0.019999999999999997,0.03,0.07,0.11,0.15425,0.1985,0.24275000000000002,0.28700000000000003,0.33375,0.3805,0.42725,0.47400000000000003,0.5165,0.5589999999999999,0.6014999999999999,0.644,0.6815,0.719,0.7565,0.794,0.82325,0.8525,0.88175,0.911,0.92775,0.9444999999999999,0.9612499999999999,0.978,0.9829999999999999,0.9879999999999999,0.9929999999999999,0.998,0.9854999999999999,0.9729999999999999,0.9604999999999999,0.9480000000000001,0.90875,0.8694999999999999,0.8302499999999999,0.791
1.44,0.01,0.019999999999999997,0.03,0.07,0.11,0.154,0.198,0.24200000000000002,0.28600000000000003,0.3325,0.379,0.4255,0.47200000000000003,0.5145,0.5569999999999999,0.5994999999999999,0.642,0.6795,0.717,0.7545,0.792,0.821,0.85,0.879,0.908,0.9244999999999999,0.9409999999999998,0.9574999999999999,0.974,0.9789999999999999,0.9839999999999999,0.9889999999999999,0.994,0.9814999999999999,0.9689999999999999,0.9564999999999999,0.9440000000000001,0.905,0.866,0.827,0.788
1.45,0.01,0.019999999999999997,0.03,0.07,0.11,0.15375,0.1975,0.24125000000000002,0.28500000000000003,0.33125,0.37749999999999995,0.42374999999999996,0.47000000000000003,0.5125,0.5549999999999999,0.5974999999999999,0.64,0.6775,0.715,0.7525,0.79,0.81875,0.8474999999999999,0.87625,0.905,0.9212499999999999,0.9374999999999999,0.9537499999999999,0.97,0.9749999999999999,0.9799999999999999,0.9849999999999999,0.99,0.9774999999999999,0.9649999999999999,0.9524999999999999,0.9400000000000001,0.9012500000000001,0.8625,0.82375,0.785
1.46,0.01,0.019999999999999997,0.03,0.07,0.11,0.1535,0.197,0.24050000000000002,0.28400000000000003,0.33,0.376,0.42200000000000004,0.468,0.5105,0.5529999999999999,0.5954999999999999,0.638,0.6755,0.713,0.7505,0.788,0.8165,0.845,0.8734999999999999,0.902,0.9179999999999999,0.9339999999999999,0.95,0.966,0.9709999999999999,0.9759999999999999,0.9809999999999999,0.986,0.9734999999999999,0.9609999999999999,0.9484999999999999,0.936,0.8975,0.859,0.8205,0.782
1.47,0.01,0.019999999999999997,0.03,0.07,0.11,0.15325,0.1965,0.23975000000000002,0.28300000000000003,0.32875,0.3745,0.42025,0.466,0.5085,0.5509999999999999,0.5934999999999999,0.636,0.6735,0.711,0.7484999999999999,0.786,0.8142499999999999,0.8424999999999999,0.8707499999999999,0.899,0.91475,0.9304999999999999,0.9462499999999999,0.962,0.9669999999999999,0.9719999999999999,0.9769999999999999,0.982,0.9694999999999999,0.9569999999999999,0.9444999999999999,0.932,0.89375,0.8555,0.81725,0.779
1.48,0.01,0.019999999999999997,0.03,0.07,0.11,0.153,0.196,0.23900000000000002,0.28200000000000003,0.3275,0.373,0.4185,0.464,0.5065,0.5489999999999999,0.5914999999999999,0.634,0.6715,0.709,0.7464999999999999,0.784,0.8119999999999999,0.8399999999999999,0.8679999999999999,0.896,0.9115,0.9269999999999999,0.9424999999999999,0.958,0.9629999999999999,0.9679999999999999,0.9729999999999999,0.978,0.9654999999999999,0.9529999999999998,0.9404999999999999,0.928,0.8899999999999999,0.8519999999999999,0.814,0.776
1.49,0.01,0.019999999999999997,0.03,0.07,0.11,0.15275,0.1955,0.23825000000000002,0.281,0.32625,0.37149999999999994,0.41674999999999995,0.462,0.5045,0.5469999999999999,0.5894999999999999,0.632,0.6695,0.707,0.7444999999999999,0.782,0.80975,0.8374999999999999,0.86525,0.893,0.90825,0.9235,0.93875,0.954,0.9589999999999999,0.9639999999999999,0.9689999999999999,0.974,0.9614999999999999,0.9489999999999998,0.9364999999999999,0.924,0.88625,0.8485,0.8107500000000001,0.773
1.5,0.01,0.019999999999999997,0.03,0.07,0.11,0.1525,0.195,0.23750000000000002,0.28,0.325,0.37,0.41500000000000004,0.46,0.5025,0.5449999999999999,0.5874999999999999,0.63,0.6675,0.705,0.7424999999999999,0.78,0.8075,0.835,0.8625,0.89,0.905,0.9199999999999999,0.9349999999999999,0.95,0.9549999999999998,0.9599999999999999,0.9649999999999999,0.97,0.9574999999999999,0.9449999999999998,0.9324999999999999,0.92,0.8825000000000001,0.845,0.8075,0.77
1.51,0.01,0.019999999999999997,0.03,0.0695,0.10900000000000001,0.15150000000000002,0.194,0.23650000000000002,0.279,0.324,0.369,0.41400000000000003,0.459,0.50125,0.5435,0.58575,0.628,0.6652499999999999,0.7024999999999999,0.7397499999999999,0.777,0.8045,0.832,0.8594999999999999,0.887,0.9019999999999999,0.9169999999999999,0.9319999999999999,0.9470000000000001,0.952,0.957,0.962,0.967,0.9544999999999999,0.942,0.9295,0.917,0.8795,0.842,0.8045,0.767
1.52,0.01,0.019999999999999997,0.03,0.069,0.10800000000000001,0.15050000000000002,0.193,0.23550000000000001,0.278,0.323,0.368,0.41300000000000003,0.458,0.4999999999999999,0.5419999999999998,0.5839999999999999,0.626,0.663,0.7,0.737,0.774,0.8015,0.829,0.8565,0.884,0.899,0.914,0.929,0.9440000000000001,0.9490000000000001,0.954,0.959,0.964,0.9514999999999999,0.9389999999999998,0.9264999999999999,0.914,0.8765000000000001,0.839,0.8015,0.764
1.53,0.01,0.019999999999999997,0.03,0.0685,0.10700000000000001,0.14950000000000002,0.192,0.23450000000000001,0.277,0.322,0.367,0.41200000000000003,0.457,0.49875,0.5405,0.5822499999999999,0.624,0.66075,0.6975,0.7342500000000001,0.771,0.7985,0.826,0.8534999999999999,0.881,0.8959999999999999,0.9109999999999999,0.9259999999999999,0.9410000000000001,0.946,0.951,0.956,0.961,0.9484999999999999,0.9359999999999999,0.9235,0.911,0.8734999999999999,0.836,0.7985,0.761
1.54,0.01,0.019999999999999997,0.03,0.068,0.10600000000000001,0.14850000000000002,0.191,0.2335,0.276,0.321,0.366,0.41100000000000003,0.456,0.49749999999999994,0.5389999999999999,0.5805,0.622,0.6584999999999999,0.6949999999999998,0.7314999999999999,0.768,0.7955,0.823,0.8505,0.878,0.893,0.908,0.923,0.9380000000000001,0.9430000000000001,0.948,0.953,0.958,0.9454999999999999,0.9329999999999998,0.9204999999999999,0.908,0.8705,0.833,0.7955,0.758
1.55,0.01,0.019999999999999997,0.03,0.0675,0.10500000000000001,0.14750000000000002,0.19,0.2325,0.275,0.32,0.365,0.41000000000000003,0.455,0.49624999999999997,0.5374999999999999,0.5787499999999999,0.62,0.65625,0.6925,0.72875,0.765,0.7925,0.82,0.8474999999999999,0.875,0.8899999999999999,0.9049999999999999,0.9199999999999999,0.935,0.94,0.945,0.95,0.955,0.9424999999999999,0.9299999999999999,0.9175,0.905,0.8674999999999999,0.83,0.7925,0.755
1.56,0.01,0.019999999999999997,0.03,0.067,0.10400000000000001,0.14650000000000002,0.189,0.2315,0.274,0.319,0.364,0.40900000000000003,0.454,0.495,0.536,0.577,0.618,0.6539999999999999,0.69,0.726,0.762,0.7895,0.817,0.8445,0.872,0.887,0.902,0.917,0.932,0.937,0.942,0.947,0.952,0.9394999999999999,0.9269999999999998,0.9144999999999999,0.902,0.8645,0.827,0.7895,0.752
1.57,0.01,0.019999999999999997,0.03,0.0665,0.10300000000000001,0.14550000000000002,0.188,0.2305,0.273,0.318,0.363,0.40800000000000003,0.453,0.49375,0.5345,0.57525,0.616,0.65175,0.6875,0.72325,0.759,0.7865,0.814,0.8414999999999999,0.869,0.8839999999999999,0.8989999999999999,0.9139999999999999,0.929,0.9339999999999999,0.939,0.944,0.949,0.9364999999999999,0.9239999999999999,0.9115,0.899,0.8614999999999999,0.824,0.7865,0.749
1.58,0.01,0.019999999999999997,0.03,0.066,0.10200000000000001,0.14450000000000002,0.187,0.2295,0.272,0.317,0.362,0.40700000000000003,0.452,0.49249999999999994,0.5329999999999999,0.5734999999999999,0.614,0.6495,0.6849999999999999,0.7204999999999999,0.756,0.7835,0.8109999999999999,0.8385,0.866,0.881,0.896,0.911,0.926,0.931,0.9359999999999999,0.941,0.946,0.9334999999999999,0.9209999999999998,0.9084999999999999,0.896,0.8585,0.821,0.7835,0.746
1.59,0.01,0.019999999999999997,0.03,0.0655,0.101,0.14350000000000002,0.186,0.2285,0.271,0.316,0.361,0.406,0.451,0.49124999999999996,0.5315,0.57175,0.612,0.6472499999999999,0.6824999999999999,0.7177499999999999,0.753,0.7805,0.8079999999999999,0.8354999999999999,0.863,0.8779999999999999,0.8929999999999999,0.9079999999999999,0.923,0.9279999999999999,0.9329999999999999,0.938,0.943,0.9304999999999999,0.9179999999999999,0.9055,0.893,0.8554999999999999,0.818,0.7805,0.743
1.6,0.01,0.019999999999999997,0.03,0.065,0.1,0.14250000000000002,0.185,0.2275,0.27,0.315,0.36,0.405,0.45,0.4899999999999999,0.5299999999999998,0.5699999999999998,0.61,0.645,0.6799999999999999,0.715,0.75,0.7775,0.8049999999999999,0.8325,0.86,0.875,0.89,0.905,0.92,0.925,0.9299999999999999,0.9349999999999999,0.94,0.9274999999999999,0.9149999999999998,0.9024999999999999,0.89,0.8525,0.815,0.7775,0.74
1.61,0.01,0.019999999999999997,0.03,0.065,0.1,0.14225,0.1845,0.22675,0.269,0.31375,0.3585,0.40325,0.448,0.4879999999999999,0.5279999999999998,0.5679999999999998,0.608,0.643,0.6779999999999999,0.713,0.748,0.77525,0.8025,0.82975,0.857,0.8719999999999999,0.8869999999999999,0.9019999999999999,0.917,0.9219999999999999,0.9269999999999999,0.9319999999999999,0.937,0.9245,0.9119999999999999,0.8995,0.887,0.84975,0.8125,0.77525,0.738
1.62,0.01,0.019999999999999997,0.03,0.065,0.1,0.14200000000000002,0.184,0.226,0.268,0.3125,0.357,0.40149999999999997,0.446,0.4859999999999999,0.5259999999999998,0.5659999999999998,0.606,0.641,0.6759999999999999,0.711,0.746,0.7729999999999999,0.7999999999999999,0.827,0.854,0.869,0.884,0.899,0.914,0.919,0.924,0.929,0.934,0.9215,0.909,0.8965000000000001,0.884,0.847,0.8099999999999999,0.7729999999999999,0.736
1.63,0.01,0.019999999999999997,0.03,0.065,0.1,0.14175,0.1835,0.22525,0.267,0.31124999999999997,0.3554999999999999,0.39974999999999994,0.444,0.4839999999999999,0.5239999999999998,0.5639999999999998,0.604,0.639,0.6739999999999999,0.709,0.744,0.7707499999999999,0.7974999999999999,0.8242499999999999,0.851,0.8659999999999999,0.8809999999999999,0.8959999999999999,0.911,0.9159999999999999,0.9209999999999999,0.9259999999999999,0.931,0.9185,0.9059999999999999,0.8935,0.881,0.84425,0.8074999999999999,0.7707499999999999,0.734
1.64,0.01,0.019999999999999997,0.03,0.065,0.1,0.14150000000000001,0.183,0.2245,0.266,0.31,0.354,0.398,0.442,0.4819999999999999,0.5219999999999998,0.5619999999999998,0.602,0.637,0.6719999999999999,0.707,0.742,0.7685,0.7949999999999999,0.8214999999999999,0.848,0.863,0.878,0.893,0.908,0.913,0.918,0.923,0.928,0.9155,0.903,0.8905000000000001,0.878,0.8414999999999999,0.8049999999999999,0.7685,0.732
1.65,0.01,0.019999999999999997,0.03,0.065,0.1,0.14125,0.1825,0.22375,0.265,0.30874999999999997,0.3525,0.39625,0.44,0.47999999999999987,0.5199999999999998,0.5599999999999998,0.6,0.635,0.6699999999999999,0.705,0.74,0.7662499999999999,0.7924999999999999,0.8187499999999999,0.845,0.8599999999999999,0.8749999999999999,0.8899999999999999,0.905,0.9099999999999999,0.9149999999999999,0.9199999999999999,0.925,0.9125,0.8999999999999999,0.8875,0.875,0.8387499999999999,0.8024999999999999,0.7662499999999999,0.73
1.66,0.01,0.019999999999999997,0.03,0.065,0.1,0.14100000000000001,0.182,0.223,0.264,0.3075,0.351,0.39449999999999996,0.438,0.47799999999999987,0.5179999999999998,0.5579999999999998,0.598,0.633,0.6679999999999999,0.703,0.738,0.7639999999999999,0.7899999999999998,0.8159999999999998,0.842,0.857,0.872,0.887,0.902,0.907,0.912,0.917,0.922,0.9095,0.897,0.8845000000000001,0.872,0.8359999999999999,0.7999999999999998,0.7639999999999999,0.728
1.67,0.01,0.019999999999999997,0.03,0.065,0.1,0.14075,0.1815,0.22225,0.263,0.30624999999999997,0.3494999999999999,0.39274999999999993,0.436,0.47599999999999987,0.5159999999999998,0.5559999999999998,0.596,0.631,0.6659999999999999,0.701,0.736,0.7617499999999999,0.7874999999999999,0.8132499999999999,0.839,0.8539999999999999,0.8689999999999999,0.8839999999999999,0.899,0.9039999999999999,0.9089999999999999,0.9139999999999999,0.919,0.9065,0.8939999999999999,0.8815,0.869,0.8332499999999999,0.7974999999999999,0.7617499999999999,0.726
1.68,0.01,0.019999999999999997,0.03,0.065,0.1,0.1405,0.181,0.2215,0.262,0.305,0.348,0.391,0.434,0.47399999999999987,0.5139999999999998,0.5539999999999998,0.594,0.629,0.6639999999999999,0.699,0.734,0.7595,0.7849999999999999,0.8105,0.836,0.851,0.866,0.881,0.896,0.901,0.906,0.911,0.916,0.9035,0.891,0.8785000000000001,0.866,0.8305,0.7949999999999999,0.7595,0.724
1.69,0.01,0.019999999999999997,0.03,0.065,0.1,0.14024999999999999,0.1805,0.22075,0.261,0.30374999999999996,0.3465,0.38925,0.432,0.47199999999999986,0.5119999999999998,0.5519999999999998,0.592,0.627,0.6619999999999999,0.697,0.732,0.75725,0.7825,0.80775,0.833,0.8479999999999999,0.8629999999999999,0.8779999999999999,0.893,0.8979999999999999,0.9029999999999999,0.9079999999999999,0.913,0.9005,0.8879999999999999,0.8755,0.863,0.82775,0.7925,0.75725,0.722
1.7,0.01,0.019999999999999997,0.03,0.065,0.1,0.14,0.18,0.22,0.26,0.3025,0.345,0.38749999999999996,0.43,0.46999999999999986,0.5099999999999998,0.5499999999999998,0.59,0.625,0.6599999999999999,0.695,0.73,0.7549999999999999,0.7799999999999999,0.8049999999999999,0.83,0.845,0.86,0.875,0.89,0.895,0.9,0.905,0.91,0.8975,0.885,0.8725,0.86,0.825,0.7899999999999999,0.7549999999999999,0.72
1.71,0.01,0.019999999999999997,0.03,0.0645,0.099,0.139,0.179,0.219,0.259,0.3015,0.344,0.38649999999999995,0.429,0.46875,0.5085,0.5482499999999999,0.588,0.623,0.6579999999999999,0.693,0.728,0.7527499999999999,0.7774999999999999,0.8022499999999999,0.8270000000000001,0.8420000000000001,0.857,0.872,0.887,0.8919999999999999,0.8969999999999999,0.9019999999999999,0.907,0.8945,0.8819999999999999,0.8694999999999999,0.857,0.822,0.7869999999999999,0.752,0.717
1.72,0.01,0.019999999999999997,0.03,0.064,0.098,0.138,0.178,0.218,0.258,0.3005,0.34299999999999997,0.38549999999999995,0.428,0.4674999999999999,0.5069999999999999,0.5465,0.586,0.621,0.6559999999999999,0.691,0.726,0.7505,0.7749999999999999,0.7995,0.8240000000000001,0.839,0.854,0.869,0.884,0.889,0.894,0.899,0.904,0.8915,0.879,0.8665,0.854,0.819,0.7839999999999999,0.7489999999999999,0.714
1.73,0.01,0.019999999999999997,0.03,0.0635,0.097,0.137,0.177,0.217,0.257,0.2995,0.34199999999999997,0.38449999999999995,0.427,0.46624999999999994,0.5054999999999998,0.5447499999999998,0.584,0.619,0.6539999999999999,0.689,0.724,0.74825,0.7725,0.7967500000000001,0.8210000000000001,0.8360000000000001,0.851,0.866,0.881,0.8859999999999999,0.8909999999999999,0.8959999999999999,0.901,0.8885,0.8759999999999999,0.8634999999999999,0.851,0.816,0.7809999999999999,0.746,0.711
1.74,0.01,0.019999999999999997,0.03,0.063,0.096,0.136,0.176,0.216,0.256,0.2985,0.34099999999999997,0.38349999999999995,0.426,0.46499999999999997,0.504,0.5429999999999999,0.582,0.617,0.6519999999999999,0.6869999999999999,0.722,0.746,0.77,0.794,0.8180000000000001,0.833,0.848,0.863,0.878,0.883,0.888,0.893,0.898,0.8855,0.873,0.8605,0.848,0.813,0.7779999999999999,0.7429999999999999,0.708
1.75,0.01,0.019999999999999997,0.03,0.0625,0.095,0.135,0.175,0.215,0.255,0.2975,0.33999999999999997,0.38249999999999995,0.425,0.46375,0.5025,0.54125,0.58,0.615,0.6499999999999999,0.6849999999999999,0.72,0.7437499999999999,0.7675,0.79125,0.8150000000000001,0.8300000000000001,0.845,0.86,0.875,0.8799999999999999,0.8849999999999999,0.8899999999999999,0.895,0.8825,0.8699999999999999,0.8574999999999999,0.845,0.8099999999999999,0.7749999999999999,0.74,0.705
1.76,0.01,0.019999999999999997,0.03,0.062,0.094,0.134,0.174,0.214,0.254,0.2965,0.33899999999999997,0.38149999999999995,0.424,0.4624999999999999,0.5009999999999999,0.5394999999999999,0.578,0.613,0.6479999999999999,0.6829999999999999,0.718,0.7414999999999999,0.7649999999999999,0.7885,0.812,0.827,0.842,0.857,0.872,0.877,0.882,0.887,0.892,0.8795,0.867,0.8545,0.842,0.8069999999999999,0.7719999999999999,0.7369999999999999,0.702
1.77,0.01,0.019999999999999997,0.03,0.0615,0.093,0.133,0.173,0.213,0.253,0.2955,0.33799999999999997,0.38049999999999995,0.423,0.46124999999999994,0.49949999999999994,0.53775,0.576,0.611,0.6459999999999999,0.6809999999999999,0.716,0.73925,0.7625,0.78575,0.809,0.8240000000000001,0.839,0.854,0.869,0.8739999999999999,0.8789999999999999,0.8839999999999999,0.889,0.8765,0.8639999999999999,0.8514999999999999,0.839,0.8039999999999999,0.7689999999999999,0.734,0.699
1.78,0.01,0.019999999999999997,0.03,0.061,0.092,0.132,0.172,0.212,0.252,0.2945,0.33699999999999997,0.37949999999999995,0.422,0.45999999999999996,0.49799999999999994,0.5359999999999999,0.574,0.609,0.6439999999999999,0.6789999999999999,0.714,0.7369999999999999,0.7599999999999999,0.7829999999999999,0.806,0.821,0.836,0.851,0.866,0.871,0.876,0.881,0.886,0.8734999999999999,0.861,0.8485,0.836,0.8009999999999999,0.7659999999999999,0.7309999999999999,0.696
1.79,0.01,0.019999999999999997,0.03,0.0605,0.091,0.131,0.17099999999999999,0.211,0.251,0.2935,0.33599999999999997,0.37849999999999995,0.421,0.45875,0.49649999999999994,0.5342499999999999,0.572,0.607,0.6419999999999999,0.6769999999999999,0.712,0.7347499999999999,0.7574999999999998,0.7802499999999999,0.803,0.8180000000000001,0.833,0.848,0.863,0.8679999999999999,0.8729999999999999,0.8779999999999999,0.883,0.8704999999999999,0.8579999999999999,0.8454999999999999,0.833,0.7979999999999999,0.7629999999999999,0.728,0.693
1.8,0.01,0.019999999999999997,0.03,0.06,0.09,0.13,0.16999999999999998,0.21,0.25,0.2925,0.33499999999999996,0.37749999999999995,0.42,0.4575,0.495,0.5325,0.57,0.605,0.6399999999999999,0.6749999999999999,0.71,0.7324999999999999,0.7549999999999999,0.7775,0.8,0.815,0.83,0.845,0.86,0.865,0.87,0.875,0.88,0.8674999999999999,0.855,0.8425,0.83,0.7949999999999999,0.7599999999999999,0.7249999999999999,0.69
1.81,0.01,0.019999999999999997,0.03,0.06,0.09,0.12974999999999998,0.16949999999999998,0.20925,0.249,0.2915,0.33399999999999996,0.37649999999999995,0.419,0.4565,0.49400000000000005,0.5315000000000001,0.5690000000000001,0.60375,0.6385,0.6732499999999999,0.708,0.7304999999999999,0.7529999999999999,0.7755,0.798,0.813,0.828,0.843,0.858,0.8627499999999999,0.8674999999999999,0.87225,0.877,0.8644999999999999,0.8519999999999999,0.8394999999999999,0.8270000000000001,0.7922500000000001,0.7575000000000001,0.72275,0.6880000000000001
1.82,0.01,0.019999999999999997,0.03,0.06,0.09,0.1295,0.16899999999999998,0.2085,0.248,0.2905,0.33299999999999996,0.37549999999999994,0.418,0.4555,0.493,0.5305,0.5680000000000001,0.6025,0.637,0.6715,0.706,0.7284999999999999,0.7509999999999999,0.7735,0.796,0.8109999999999999,0.826,0.841,0.856,0.8605,0.865,0.8694999999999999,0.874,0.8614999999999999,0.849,0.8365,0.8240000000000001,0.7895,0.7549999999999999,0.7204999999999999,0.686
1.83,0.01,0.019999999999999997,0.03,0.06,0.09,0.12924999999999998,0.16849999999999998,0.20775,0.247,0.2895,0.33199999999999996,0.37449999999999994,0.417,0.4545,0.49200000000000005,0.5295000000000001,0.5670000000000001,0.6012500000000001,0.6355,0.66975,0.704,0.7264999999999999,0.7489999999999999,0.7715,0.794,0.8089999999999999,0.824,0.839,0.854,0.85825,0.8624999999999999,0.8667499999999999,0.871,0.8584999999999999,0.8459999999999999,0.8334999999999999,0.8210000000000001,0.7867500000000001,0.7525000000000001,0.71825,0.684
1.84,0.01,0.019999999999999997,0.03,0.06,0.09,0.129,0.16799999999999998,0.207,0.246,0.2885,0.33099999999999996,0.37349999999999994,0.416,0.4535,0.491,0.5285,0.5660000000000001,0.6,0.6339999999999999,0.6679999999999999,0.702,0.7244999999999999,0.7469999999999999,0.7695,0.792,0.8069999999999999,0.822,0.837,0.852,0.8559999999999999,0.8599999999999999,0.8639999999999999,0.868,0.8554999999999999,0.843,0.8305,0.8180000000000001,0.784,0.75,0.716,0.682
1.85,0.01,0.019999999999999997,0.03,0.06,0.09,0.12874999999999998,0.16749999999999998,0.20625,0.245,0.2875,0.32999999999999996,0.37249999999999994,0.415,0.4525,0.49000000000000005,0.5275000000000001,0.5650000000000001,0.5987499999999999,0.6324999999999998,0.6662499999999999,0.7,0.7224999999999999,0.7449999999999999,0.7675,0.79,0.8049999999999999,0.82,0.835,0.85,0.85375,0.8574999999999999,0.86125,0.865,0.8524999999999999,0.8399999999999999,0.8274999999999999,0.8150000000000001,0.78125,0.7475,0.7137500000000001,0.68
1.86,0.01,0.019999999999999997,0.03,0.06,0.09,0.1285,0.16699999999999998,0.2055,0.244,0.2865,0.32899999999999996,0.37149999999999994,0.414,0.4515,0.489,0.5265,0.5640000000000001,0.5974999999999999,0.6309999999999999,0.6644999999999999,0.698,0.7204999999999999,0.7429999999999999,0.7655,0.788,0.8029999999999999,0.818,0.833,0.848,0.8514999999999999,0.855,0.8585,0.862,0.8494999999999999,0.837,0.8245,0.812,0.7785,0.745,0.7115,0.678
1.87,0.01,0.019999999999999997,0.03,0.06,0.09,0.12824999999999998,0.16649999999999998,0.20475,0.243,0.2855,0.32799999999999996,0.37049999999999994,0.413,0.4505,0.48800000000000004,0.5255000000000001,0.5630000000000001,0.59625,0.6295,0.66275,0.696,0.7184999999999999,0.7409999999999999,0.7635,0.786,0.8009999999999999,0.816,0.831,0.846,0.8492499999999998,0.8524999999999998,0.8557499999999999,0.859,0.8464999999999999,0.8339999999999999,0.8214999999999999,0.809,0.7757499999999999,0.7424999999999999,0.7092499999999999,0.676
1.88,0.01,0.019999999999999997,0.03,0.06,0.09,0.128,0.16599999999999998,0.204,0.242,0.2845,0.32699999999999996,0.36949999999999994,0.412,0.4495,0.487,0.5245,0.562,0.595,0.6279999999999999,0.6609999999999999,0.694,0.7164999999999999,0.7389999999999999,0.7615,0.784,0.7989999999999999,0.814,0.829,0.844,0.847,0.85,0.853,0.856,0.8434999999999999,0.831,0.8185,0.806,0.773,0.74,0.7070000000000001,0.674
1.89,0.01,0.019999999999999997,0.03,0.06,0.09,0.12774999999999997,0.16549999999999998,0.20325,0.241,0.2835,0.32599999999999996,0.36849999999999994,0.411,0.4485,0.48600000000000004,0.5235000000000001,0.561,0.59375,0.6265,0.6592499999999999,0.692,0.7144999999999999,0.7369999999999999,0.7595,0.782,0.7969999999999999,0.8119999999999999,0.827,0.842,0.8447499999999999,0.8474999999999999,0.85025,0.853,0.8404999999999999,0.8279999999999998,0.8154999999999999,0.803,0.7702500000000001,0.7375,0.70475,0.672
1.9,0.01,0.019999999999999997,0.03,0.06,0.09,0.1275,0.16499999999999998,0.20249999999999999,0.24,0.2825,0.32499999999999996,0.36749999999999994,0.41,0.4475,0.485,0.5225,0.56,0.5925,0.625,0.6575,0.69,0.7124999999999999,0.7349999999999999,0.7575,0.78,0.7949999999999999,0.8099999999999999,0.825,0.84,0.8425,0.845,0.8474999999999999,0.85,0.8374999999999999,0.825,0.8125,0.8,0.7675,0.7349999999999999,0.7024999999999999,0.67
1.91,0.01,0.019999999999999997,0.03,0.06,0.09,0.1275,0.16499999999999998,0.20249999999999999,0.24,0.28225,0.3245,0.36675,0.40900000000000003,0.44625000000000004,0.48350000000000004,0.52075,0.558,0.5905,0.623,0.6555,0.6880000000000001,0.7104999999999999,0.7329999999999999,0.7555,0.778,0.79275,0.8074999999999999,0.8222499999999999,0.8370000000000001,0.8394999999999999,0.8419999999999999,0.8444999999999999,0.847,0.8347499999999999,0.8224999999999999,0.8102499999999999,0.798,0.7655,0.7329999999999999,0.7004999999999999,0.668
1.92,0.01,0.019999999999999997,0.03,0.06,0.09,0.1275,0.16499999999999998,0.20249999999999999,0.24,0.282,0.32399999999999995,0.366,0.40800000000000003,0.445,0.482,0.519,0.556,0.5885,0.621,0.6535,0.686,0.7084999999999999,0.7309999999999999,0.7535,0.776,0.7905,0.8049999999999999,0.8195,0.8340000000000001,0.8365,0.839,0.8414999999999999,0.844,0.8319999999999999,0.8199999999999998,0.8079999999999999,0.796,0.7635,0.7309999999999999,0.6984999999999999,0.666
1.93,0.01,0.019999999999999997,0.03,0.06,0.09,0.1275,0.16499999999999998,0.20249999999999999,0.24,0.28174999999999994,0.32349999999999995,0.36524999999999996,0.40700000000000003,0.44375,0.4805,0.51725,0.554,0.5865,0.619,0.6515,0.684,0.7064999999999999,0.7289999999999999,0.7515,0.774,0.78825,0.8025,0.8167500000000001,0.8310000000000001,0.8334999999999999,0.8359999999999999,0.8384999999999999,0.841,0.8292499999999999,0.8174999999999999,0.80575,0.794,0.7615,0.7289999999999999,0.6964999999999999,0.664
1.94,0.01,0.019999999999999997,0.03,0.06,0.09,0.1275,0.16499999999999998,0.20249999999999999,0.24,0.2815,0.32299999999999995,0.3645,0.406,0.4425,0.47900000000000004,0.5155000000000001,0.552,0.5845,0.617,0.6495,0.682,0.7044999999999999,0.7269999999999999,0.7494999999999999,0.772,0.786,0.8,0.8140000000000001,0.8280000000000001,0.8305,0.833,0.8354999999999999,0.838,0.8265,0.815,0.8035,0.792,0.7595,0.7269999999999999,0.6944999999999999,0.662
1.95,0.01,0.019999999999999997,0.03,0.06,0.09,0.1275,0.16499999999999998,0.20249999999999999,0.24,0.28125,0.3225,0.36375,0.405,0.44125,0.4774999999999999,0.5137499999999999,0.55,0.5825,0.615,0.6475,0.68,0.7024999999999999,0.7249999999999999,0.7474999999999999,0.77,0.78375,0.7975,0.81125,0.8250000000000001,0.8274999999999999,0.8299999999999998,0.8324999999999999,0.835,0.82375,0.8125,0.80125,0.79,0.7575,0.7249999999999999,0.6924999999999999,0.66
1.96,0.01,0.019999999999999997,0.03,0.06,0.09,0.1275,0.16499999999999998,0.20249999999999999,0.24,0.28099999999999997,0.32199999999999995,0.363,0.404,0.44,0.476,0.512,0.548,0.5805,0.613,0.6455,0.678,0.7004999999999999,0.7229999999999999,0.7454999999999999,0.768,0.7815,0.7949999999999999,0.8085,0.8220000000000001,0.8245,0.827,0.8294999999999999,0.832,0.821,0.8099999999999999,0.7989999999999999,0.788,0.7555,0.7229999999999999,0.6904999999999999,0.658
1.97,0.01,0.019999999999999997,0.03,0.06,0.09,0.1275,0.16499999999999998,0.20249999999999999,0.24,0.28074999999999994,0.32149999999999995,0.36224999999999996,0.403,0.43875,0.4745,0.51025,0.546,0.5785,0.611,0.6435,0.676,0.6984999999999999,0.7209999999999999,0.7434999999999999,0.766,0.77925,0.7925,0.80575,0.8190000000000001,0.8214999999999999,0.8239999999999998,0.8264999999999999,0.829,0.8182499999999999,0.8074999999999999,0.79675,0.786,0.7535,0.7209999999999999,0.6884999999999999,0.656
1.98,0.01,0.019999999999999997,0.03,0.06,0.09,0.1275,0.16499999999999998,0.20249999999999999,0.24,0.28049999999999997,0.32099999999999995,0.3615,0.402,0.4375,0.473,0.5085,0.544,0.5765,0.609,0.6415,0.674,0.6964999999999999,0.7189999999999999,0.7414999999999999,0.764,0.7769999999999999,0.7899999999999999,0.8029999999999999,0.8160000000000001,0.8185,0.821,0.8234999999999999,0.826,0.8154999999999999,0.8049999999999999,0.7945,0.784,0.7515,0.7189999999999999,0.6864999999999999,0.654
1.99,0.01,0.019999999999999997,0.03,0.06,0.09,0.1275,0.16499999999999998,0.20249999999999999,0.24,0.28025,0.3205,0.36075,0.401,0.43625,0.47150000000000003,0.50675,0.542,0.5745,0.607,0.6395,0.672,0.6944999999999999,0.7169999999999999,0.7394999999999999,0.762,0.7747499999999999,0.7874999999999999,0.8002499999999999,0.8130000000000001,0.8154999999999999,0.8179999999999998,0.8204999999999999,0.823,0.8127499999999999,0.8024999999999999,0.7922499999999999,0.782,0.7494999999999999,0.7169999999999999,0.6844999999999999,0.652
2,0.01,0.019999999999999997,0.03,0.06,0.09,0.1275,0.16499999999999998,0.20249999999999999,0.24,0.27999999999999997,0.31999999999999995,0.36,0.4,0.435,0.47,0.505,0.54,0.5725,0.605,0.6375,0.67,0.6924999999999999,0.7149999999999999,0.7374999999999999,0.76,0.7725,0.7849999999999999,0.7975,0.81,0.8125,0.815,0.8174999999999999,0.82,0.8099999999999998,0.7999999999999998,0.7899999999999999,0.78,0.7474999999999999,0.7149999999999999,0.6824999999999999,0.65
2.01,0.01,0.019949999999999968,0.02989999999999994,0.05985000000000026,0.08980000000000057,0.12722500000000042,0.1646500000000003,0.20207500000000017,0.23950000000000005,0.2794250000000006,0.31935000000000113,0.3592750000000017,0.3992000000000023,0.4341500000000017,0.4691000000000011,0.5040500000000006,0.539,0.5714249999999992,0.6038499999999984,0.6362749999999977,0.6686999999999969,0.6911499999999962,0.7135999999999956,0.7360499999999951,0.7584999999999946,0.7709499999999968,0.783399999999999,0.7958500000000013,0.8083000000000035,0.8108000000000035,0.8133000000000035,0.8158000000000034,0.8183000000000035,0.8083000000000033,0.7983000000000033,0.7883000000000033,0.7783000000000034,0.7458500000000012,0.713399999999999,0.6809499999999968,0.6484999999999946
2.02,0.01,0.019899999999999973,0.02979999999999994,0.05970000000000025,0.08960000000000057,0.12695000000000045,0.1643000000000003,0.20165000000000016,0.23900000000000005,0.2788500000000006,0.31870000000000115,0.3585500000000017,0.39840000000000225,0.4333000000000017,0.4682000000000011,0.5031000000000005,0.538,0.5703499999999992,0.6026999999999985,0.6350499999999977,0.6673999999999969,0.6897999999999963,0.7121999999999957,0.7345999999999953,0.7569999999999947,0.7693999999999968,0.7817999999999989,0.7942000000000011,0.8066000000000034,0.8091000000000035,0.8116000000000034,0.8141000000000034,0.8166000000000034,0.8066000000000033,0.7966000000000033,0.7866000000000033,0.7766000000000034,0.7442000000000011,0.7117999999999989,0.6793999999999968,0.6469999999999947
2.03,0.01,0.019849999999999972,0.02969999999999994,0.059550000000000256,0.08940000000000056,0.12667500000000043,0.16395000000000032,0.20122500000000018,0.23850000000000005,0.27827500000000055,0.31805000000000105,0.3578250000000016,0.39760000000000223,0.43245000000000167,0.4673000000000011,0.5021500000000005,0.537,0.5692749999999993,0.6015499999999985,0.6338249999999976,0.6660999999999969,0.6884499999999962,0.7107999999999957,0.7331499999999952,0.7554999999999947,0.7678499999999968,0.780199999999999,0.7925500000000012,0.8049000000000034,0.8074000000000034,0.8099000000000034,0.8124000000000033,0.8149000000000034,0.8049000000000033,0.7949000000000033,0.7849000000000033,0.7749000000000034,0.7425500000000012,0.710199999999999,0.677849999999997,0.6454999999999947
2.04,0.01,0.01979999999999997,0.029599999999999942,0.059400000000000244,0.08920000000000056,0.12640000000000043,0.1636000000000003,0.20080000000000017,0.23800000000000004,0.2777000000000006,0.3174000000000011,0.35710000000000164,0.3968000000000022,0.43160000000000165,0.4664000000000011,0.5012000000000005,0.536,0.5681999999999992,0.6003999999999984,0.6325999999999976,0.664799999999997,0.6870999999999964,0.7093999999999958,0.7316999999999954,0.7539999999999948,0.7662999999999969,0.7785999999999991,0.7909000000000013,0.8032000000000034,0.8057000000000034,0.8082000000000034,0.8107000000000033,0.8132000000000034,0.8032000000000032,0.7932000000000032,0.7832000000000032,0.7732000000000033,0.7409000000000012,0.708599999999999,0.6762999999999969,0.6439999999999948
2.05,0.01,0.01974999999999997,0.029499999999999943,0.05925000000000025,0.08900000000000055,0.12612500000000043,0.16325000000000028,0.20037500000000016,0.23750000000000004,0.27712500000000057,0.3167500000000011,0.35637500000000166,0.3960000000000022,0.43075000000000163,0.4655000000000011,0.5002500000000005,0.535,0.5671249999999992,0.5992499999999985,0.6313749999999978,0.663499999999997,0.6857499999999963,0.7079999999999957,0.7302499999999953,0.7524999999999948,0.7647499999999969,0.776999999999999,0.7892500000000011,0.8015000000000033,0.8040000000000034,0.8065000000000033,0.8090000000000033,0.8115000000000033,0.8015000000000032,0.7915000000000032,0.7815000000000032,0.7715000000000033,0.7392500000000011,0.706999999999999,0.6747499999999969,0.6424999999999949
2.06,0.01,0.019699999999999974,0.029399999999999944,0.05910000000000025,0.08880000000000055,0.1258500000000004,0.1629000000000003,0.19995000000000018,0.23700000000000004,0.2765500000000005,0.31610000000000105,0.3556500000000016,0.39520000000000216,0.4299000000000016,0.46460000000000107,0.4993000000000005,0.534,0.5660499999999993,0.5980999999999985,0.6301499999999978,0.662199999999997,0.6843999999999965,0.7065999999999959,0.7287999999999955,0.7509999999999949,0.763199999999997,0.7753999999999991,0.7876000000000012,0.7998000000000033,0.8023000000000033,0.8048000000000033,0.8073000000000032,0.8098000000000033,0.7998000000000032,0.7898000000000032,0.7798000000000032,0.7698000000000033,0.7376000000000011,0.705399999999999,0.6731999999999969,0.6409999999999949
2.07,0.01,0.019649999999999973,0.029299999999999944,0.05895000000000024,0.08860000000000054,0.12557500000000044,0.1625500000000003,0.19952500000000017,0.23650000000000004,0.2759750000000005,0.31545000000000106,0.3549250000000016,0.39440000000000214,0.4290500000000016,0.46370000000000106,0.4983500000000005,0.533,0.5649749999999993,0.5969499999999985,0.6289249999999977,0.660899999999997,0.6830499999999964,0.7051999999999958,0.7273499999999954,0.749499999999995,0.7616499999999969,0.7737999999999989,0.785950000000001,0.7981000000000033,0.8006000000000033,0.8031000000000033,0.8056000000000032,0.8081000000000033,0.7981000000000031,0.7881000000000031,0.7781000000000031,0.7681000000000032,0.7359500000000012,0.7037999999999991,0.671649999999997,0.639499999999995
2.08,0.01,0.01959999999999997,0.029199999999999945,0.05880000000000024,0.08840000000000053,0.1253000000000004,0.1622000000000003,0.19910000000000017,0.23600000000000004,0.27540000000000053,0.3148000000000011,0.3542000000000016,0.3936000000000021,0.4282000000000016,0.46280000000000104,0.4974000000000005,0.532,0.5638999999999992,0.5957999999999984,0.6276999999999977,0.6595999999999971,0.6816999999999965,0.703799999999996,0.7258999999999955,0.747999999999995,0.7600999999999971,0.7721999999999991,0.7843000000000011,0.7964000000000032,0.7989000000000033,0.8014000000000032,0.8039000000000032,0.8064000000000032,0.7964000000000031,0.7864000000000031,0.7764000000000031,0.7664000000000032,0.7343000000000011,0.702199999999999,0.670099999999997,0.637999999999995
2.09,0.01,0.01954999999999997,0.029099999999999945,0.05865000000000024,0.08820000000000053,0.12502500000000039,0.16185000000000027,0.19867500000000016,0.23550000000000004,0.27482500000000054,0.31415000000000104,0.35347500000000154,0.3928000000000021,0.42735000000000156,0.46190000000000103,0.4964500000000005,0.531,0.5628249999999992,0.5946499999999986,0.6264749999999979,0.6582999999999971,0.6803499999999965,0.7023999999999959,0.7244499999999955,0.7464999999999951,0.7585499999999971,0.7705999999999991,0.7826500000000012,0.7947000000000032,0.7972000000000032,0.7997000000000032,0.8022000000000031,0.8047000000000032,0.7947000000000031,0.7847000000000031,0.774700000000003,0.7647000000000032,0.7326500000000011,0.7005999999999991,0.6685499999999971,0.6364999999999951
2.1,0.01,0.019499999999999976,0.028999999999999946,0.05850000000000023,0.08800000000000052,0.1247500000000004,0.16150000000000028,0.19825000000000015,0.23500000000000004,0.27425000000000055,0.31350000000000106,0.35275000000000156,0.39200000000000207,0.42650000000000154,0.461000000000001,0.4955000000000005,0.53,0.5617499999999993,0.5934999999999986,0.6252499999999979,0.6569999999999971,0.6789999999999966,0.7009999999999961,0.7229999999999956,0.7449999999999951,0.756999999999997,0.768999999999999,0.781000000000001,0.7930000000000031,0.7955000000000032,0.7980000000000032,0.8005000000000031,0.8030000000000032,0.793000000000003,0.783000000000003,0.773000000000003,0.7630000000000031,0.731000000000001,0.698999999999999,0.666999999999997,0.6349999999999951
2.11,0.01,0.019449999999999974,0.028899999999999947,0.058350000000000235,0.08780000000000052,0.1244750000000004,0.1611500000000003,0.19782500000000017,0.23450000000000004,0.2736750000000005,0.31285000000000096,0.3520250000000015,0.39120000000000205,0.4256500000000015,0.460100000000001,0.4945500000000005,0.529,0.5606749999999994,0.5923499999999986,0.6240249999999978,0.6556999999999972,0.6776499999999965,0.699599999999996,0.7215499999999956,0.7434999999999952,0.7554499999999971,0.7673999999999991,0.7793500000000011,0.7913000000000031,0.7938000000000032,0.7963000000000031,0.7988000000000031,0.8013000000000031,0.791300000000003,0.781300000000003,0.771300000000003,0.7613000000000031,0.729350000000001,0.6973999999999991,0.6654499999999972,0.6334999999999952
2.12,0.01,0.019399999999999973,0.028799999999999947,0.058200000000000224,0.08760000000000051,0.1242000000000004,0.16080000000000028,0.19740000000000016,0.23400000000000004,0.27310000000000056,0.31220000000000103,0.3513000000000015,0.390400000000002,0.4248000000000015,0.459200000000001,0.4936000000000005,0.528,0.5595999999999992,0.5911999999999985,0.6227999999999978,0.6543999999999972,0.6762999999999967,0.6981999999999962,0.7200999999999957,0.7419999999999952,0.7538999999999971,0.7657999999999991,0.7777000000000012,0.7896000000000031,0.7921000000000031,0.7946000000000031,0.797100000000003,0.7996000000000031,0.789600000000003,0.779600000000003,0.769600000000003,0.759600000000003,0.7277000000000011,0.6957999999999991,0.6638999999999972,0.6319999999999952
2.13,0.01,0.01934999999999997,0.028699999999999948,0.058050000000000226,0.0874000000000005,0.12392500000000038,0.16045000000000026,0.19697500000000015,0.23350000000000004,0.2725250000000005,0.311550000000001,0.3505750000000015,0.389600000000002,0.4239500000000015,0.458300000000001,0.4926500000000005,0.527,0.5585249999999993,0.5900499999999986,0.621574999999998,0.6530999999999972,0.6749499999999966,0.6967999999999961,0.7186499999999957,0.7404999999999953,0.7523499999999972,0.7641999999999991,0.776050000000001,0.787900000000003,0.7904000000000031,0.792900000000003,0.795400000000003,0.797900000000003,0.7879000000000029,0.7779000000000029,0.7679000000000029,0.757900000000003,0.726050000000001,0.694199999999999,0.6623499999999971,0.6304999999999953
2.14,0.01,0.019299999999999977,0.02859999999999995,0.05790000000000023,0.0872000000000005,0.12365000000000038,0.16010000000000027,0.19655000000000017,0.23300000000000004,0.27195000000000047,0.31090000000000095,0.34985000000000144,0.388800000000002,0.4231000000000015,0.457400000000001,0.49170000000000047,0.526,0.5574499999999993,0.5888999999999986,0.620349999999998,0.6517999999999973,0.6735999999999968,0.6953999999999962,0.7171999999999958,0.7389999999999953,0.7507999999999972,0.7625999999999992,0.7744000000000011,0.786200000000003,0.7887000000000031,0.791200000000003,0.793700000000003,0.796200000000003,0.7862000000000029,0.7762000000000029,0.7662000000000029,0.756200000000003,0.724400000000001,0.6925999999999991,0.6607999999999972,0.6289999999999953
2.15,0.01,0.019249999999999975,0.02849999999999995,0.05775000000000022,0.0870000000000005,0.12337500000000039,0.15975000000000028,0.19612500000000016,0.23250000000000004,0.2713750000000005,0.31025000000000097,0.34912500000000146,0.38800000000000195,0.42225000000000146,0.45650000000000096,0.49075000000000046,0.525,0.5563749999999994,0.5877499999999987,0.6191249999999979,0.6504999999999973,0.6722499999999967,0.6939999999999962,0.7157499999999958,0.7374999999999954,0.7492499999999972,0.760999999999999,0.7727500000000009,0.784500000000003,0.787000000000003,0.789500000000003,0.7920000000000029,0.794500000000003,0.7845000000000029,0.7745000000000029,0.7645000000000028,0.754500000000003,0.7227500000000011,0.6909999999999992,0.6592499999999972,0.6274999999999954
2.16,0.01,0.019199999999999974,0.02839999999999995,0.05760000000000022,0.08680000000000049,0.12310000000000038,0.15940000000000026,0.19570000000000015,0.23200000000000004,0.2708000000000005,0.309600000000001,0.3484000000000015,0.38720000000000193,0.42140000000000144,0.45560000000000095,0.48980000000000046,0.524,0.5552999999999992,0.5865999999999986,0.6178999999999979,0.6491999999999973,0.6708999999999968,0.6925999999999963,0.7142999999999959,0.7359999999999954,0.7476999999999974,0.7593999999999992,0.771100000000001,0.7828000000000029,0.785300000000003,0.7878000000000029,0.7903000000000029,0.792800000000003,0.7828000000000028,0.7728000000000028,0.7628000000000028,0.7528000000000029,0.721100000000001,0.6893999999999991,0.6576999999999973,0.6259999999999954
2.17,0.01,0.019149999999999973,0.02829999999999995,0.057450000000000216,0.08660000000000048,0.12282500000000036,0.15905000000000025,0.19527500000000014,0.23150000000000004,0.2702250000000005,0.30895000000000095,0.3476750000000014,0.3864000000000019,0.4205500000000014,0.45470000000000094,0.48885000000000045,0.523,0.5542249999999993,0.5854499999999987,0.6166749999999981,0.6478999999999974,0.6695499999999968,0.6911999999999963,0.7128499999999959,0.7344999999999955,0.7461499999999973,0.7577999999999991,0.7694500000000011,0.7811000000000029,0.783600000000003,0.7861000000000029,0.7886000000000029,0.7911000000000029,0.7811000000000028,0.7711000000000028,0.7611000000000028,0.7511000000000029,0.719450000000001,0.6877999999999992,0.6561499999999973,0.6244999999999955
2.18,0.01,0.019099999999999978,0.02819999999999995,0.05730000000000021,0.08640000000000048,0.12255000000000037,0.15870000000000026,0.19485000000000013,0.23100000000000004,0.2696500000000005,0.30830000000000096,0.3469500000000014,0.3856000000000019,0.4197000000000014,0.4538000000000009,0.48790000000000044,0.522,0.5531499999999994,0.5842999999999987,0.615449999999998,0.6465999999999974,0.6681999999999969,0.6897999999999964,0.711399999999996,0.7329999999999955,0.7445999999999973,0.7561999999999991,0.7678000000000009,0.7794000000000029,0.7819000000000029,0.7844000000000029,0.7869000000000028,0.7894000000000029,0.7794000000000028,0.7694000000000027,0.7594000000000027,0.7494000000000028,0.7178000000000009,0.686199999999999,0.6545999999999973,0.6229999999999956
2.19,0.01,0.019049999999999977,0.02809999999999995,0.057150000000000215,0.08620000000000047,0.12227500000000037,0.15835000000000027,0.19442500000000015,0.23050000000000004,0.26907500000000045,0.30765000000000087,0.34622500000000134,0.38480000000000186,0.4188500000000014,0.4529000000000009,0.48695000000000044,0.521,0.5520749999999994,0.5831499999999987,0.614224999999998,0.6452999999999974,0.6668499999999968,0.6883999999999963,0.709949999999996,0.7314999999999956,0.7430499999999973,0.7545999999999992,0.766150000000001,0.7777000000000028,0.7802000000000029,0.7827000000000028,0.7852000000000028,0.7877000000000028,0.7777000000000027,0.7677000000000027,0.7577000000000027,0.7477000000000028,0.716150000000001,0.6845999999999992,0.6530499999999975,0.6214999999999956
2.2,0.01,0.018999999999999975,0.027999999999999952,0.0570000000000002,0.08600000000000046,0.12200000000000036,0.15800000000000025,0.19400000000000014,0.23000000000000004,0.2685000000000005,0.30700000000000094,0.34550000000000136,0.38400000000000184,0.41800000000000137,0.4520000000000009,0.48600000000000043,0.52,0.5509999999999993,0.5819999999999986,0.612999999999998,0.6439999999999975,0.665499999999997,0.6869999999999965,0.7084999999999961,0.7299999999999957,0.7414999999999974,0.7529999999999992,0.7645000000000011,0.7760000000000028,0.7785000000000029,0.7810000000000028,0.7835000000000027,0.7860000000000028,0.7760000000000027,0.7660000000000027,0.7560000000000027,0.7460000000000028,0.714500000000001,0.6829999999999992,0.6514999999999974,0.6199999999999957
2.21,0.01,0.018949999999999974,0.027899999999999953,0.056850000000000206,0.08580000000000046,0.12172500000000035,0.15765000000000023,0.19357500000000014,0.22950000000000004,0.26792500000000047,0.3063500000000009,0.3447750000000014,0.3832000000000018,0.41715000000000135,0.4511000000000009,0.4850500000000004,0.519,0.5499249999999993,0.5808499999999988,0.6117749999999982,0.6426999999999975,0.6641499999999969,0.6855999999999964,0.7070499999999961,0.7284999999999957,0.7399499999999974,0.7513999999999992,0.7628500000000009,0.7743000000000028,0.7768000000000028,0.7793000000000028,0.7818000000000027,0.7843000000000028,0.7743000000000027,0.7643000000000026,0.7543000000000026,0.7443000000000027,0.7128500000000009,0.6813999999999991,0.6499499999999974,0.6184999999999957
2.22,0.01,0.01889999999999998,0.027799999999999953,0.05670000000000021,0.08560000000000045,0.12145000000000035,0.15730000000000025,0.19315000000000015,0.22900000000000004,0.2673500000000004,0.30570000000000086,0.3440500000000013,0.3824000000000018,0.41630000000000134,0.4502000000000009,0.4841000000000004,0.518,0.5488499999999994,0.5796999999999988,0.6105499999999981,0.6413999999999975,0.6627999999999971,0.6841999999999966,0.7055999999999962,0.7269999999999958,0.7383999999999975,0.7497999999999992,0.761200000000001,0.7726000000000027,0.7751000000000028,0.7776000000000027,0.7801000000000027,0.7826000000000027,0.7726000000000026,0.7626000000000026,0.7526000000000026,0.7426000000000027,0.7112000000000009,0.6797999999999992,0.6483999999999974,0.6169999999999958
2.23,0.01,0.018849999999999978,0.027699999999999954,0.0565500000000002,0.08540000000000045,0.12117500000000035,0.15695000000000026,0.19272500000000015,0.22850000000000004,0.26677500000000043,0.3050500000000009,0.3433250000000013,0.38160000000000177,0.4154500000000013,0.44930000000000087,0.4831500000000004,0.517,0.5477749999999995,0.5785499999999988,0.6093249999999981,0.6400999999999976,0.661449999999997,0.6827999999999965,0.7041499999999962,0.7254999999999958,0.7368499999999975,0.7481999999999991,0.7595500000000008,0.7709000000000027,0.7734000000000028,0.7759000000000027,0.7784000000000026,0.7809000000000027,0.7709000000000026,0.7609000000000026,0.7509000000000026,0.7409000000000027,0.709550000000001,0.6781999999999992,0.6468499999999975,0.6154999999999958
2.24,0.01,0.018799999999999976,0.027599999999999954,0.0564000000000002,0.08520000000000044,0.12090000000000034,0.15660000000000024,0.19230000000000014,0.22800000000000004,0.26620000000000044,0.3044000000000009,0.34260000000000135,0.38080000000000175,0.4146000000000013,0.44840000000000085,0.4822000000000004,0.516,0.5466999999999993,0.5773999999999987,0.6080999999999981,0.6387999999999976,0.6600999999999971,0.6813999999999967,0.7026999999999963,0.7239999999999959,0.7352999999999976,0.7465999999999993,0.7579000000000009,0.7692000000000027,0.7717000000000027,0.7742000000000027,0.7767000000000026,0.7792000000000027,0.7692000000000025,0.7592000000000025,0.7492000000000025,0.7392000000000026,0.7079000000000009,0.6765999999999992,0.6452999999999975,0.6139999999999959
2.25,0.01,0.018749999999999975,0.027499999999999955,0.056250000000000196,0.08500000000000044,0.12062500000000033,0.15625000000000022,0.19187500000000013,0.22750000000000004,0.26562500000000044,0.30375000000000085,0.34187500000000126,0.3800000000000017,0.4137500000000013,0.44750000000000084,0.4812500000000004,0.515,0.5456249999999994,0.5762499999999988,0.6068749999999983,0.6374999999999976,0.6587499999999971,0.6799999999999966,0.7012499999999963,0.7224999999999959,0.7337499999999976,0.7449999999999992,0.756250000000001,0.7675000000000026,0.7700000000000027,0.7725000000000026,0.7750000000000026,0.7775000000000026,0.7675000000000025,0.7575000000000025,0.7475000000000025,0.7375000000000026,0.7062500000000009,0.6749999999999993,0.6437499999999976,0.6124999999999959
2.26,0.01,0.01869999999999998,0.027399999999999956,0.05610000000000019,0.08480000000000043,0.12035000000000033,0.15590000000000023,0.19145000000000012,0.22700000000000004,0.26505000000000045,0.30310000000000087,0.3411500000000013,0.3792000000000017,0.41290000000000127,0.44660000000000083,0.4803000000000004,0.514,0.5445499999999994,0.5750999999999988,0.6056499999999982,0.6361999999999977,0.6573999999999972,0.6785999999999968,0.6997999999999964,0.720999999999996,0.7321999999999975,0.7433999999999992,0.7546000000000008,0.7658000000000026,0.7683000000000026,0.7708000000000026,0.7733000000000025,0.7758000000000026,0.7658000000000025,0.7558000000000025,0.7458000000000025,0.7358000000000026,0.7046000000000008,0.6733999999999991,0.6421999999999976,0.610999999999996
2.27,0.01,0.01864999999999998,0.027299999999999956,0.055950000000000194,0.08460000000000042,0.12007500000000033,0.15555000000000024,0.19102500000000014,0.22650000000000003,0.2644750000000004,0.3024500000000008,0.3404250000000012,0.3784000000000017,0.41205000000000125,0.4457000000000008,0.4793500000000004,0.513,0.5434749999999995,0.5739499999999988,0.6044249999999982,0.6348999999999977,0.6560499999999971,0.6771999999999967,0.6983499999999964,0.719499999999996,0.7306499999999976,0.7417999999999992,0.7529500000000009,0.7641000000000026,0.7666000000000026,0.7691000000000026,0.7716000000000025,0.7741000000000026,0.7641000000000024,0.7541000000000024,0.7441000000000024,0.7341000000000025,0.7029500000000009,0.6717999999999993,0.6406499999999977,0.609499999999996
2.28,0.01,0.018599999999999978,0.027199999999999957,0.05580000000000018,0.08440000000000042,0.11980000000000032,0.15520000000000023,0.19060000000000013,0.22600000000000003,0.26390000000000047,0.30180000000000085,0.3397000000000012,0.37760000000000166,0.41120000000000123,0.4448000000000008,0.4784000000000004,0.512,0.5423999999999993,0.5727999999999988,0.6031999999999982,0.6335999999999977,0.6546999999999973,0.6757999999999968,0.6968999999999965,0.7179999999999961,0.7290999999999976,0.7401999999999993,0.751300000000001,0.7624000000000025,0.7649000000000026,0.7674000000000025,0.7699000000000025,0.7724000000000025,0.7624000000000024,0.7524000000000024,0.7424000000000024,0.7324000000000025,0.7013000000000009,0.6701999999999992,0.6390999999999977,0.6079999999999961
2.29,0.01,0.018549999999999976,0.027099999999999957,0.055650000000000185,0.08420000000000041,0.11952500000000031,0.1548500000000002,0.19017500000000012,0.22550000000000003,0.2633250000000004,0.3011500000000008,0.33897500000000125,0.37680000000000163,0.4103500000000012,0.4439000000000008,0.4774500000000004,0.511,0.5413249999999994,0.5716499999999989,0.6019749999999984,0.6322999999999978,0.6533499999999972,0.6743999999999968,0.6954499999999965,0.7164999999999961,0.7275499999999977,0.7385999999999993,0.7496500000000008,0.7607000000000025,0.7632000000000025,0.7657000000000025,0.7682000000000024,0.7707000000000025,0.7607000000000024,0.7507000000000024,0.7407000000000024,0.7307000000000025,0.6996500000000008,0.6685999999999992,0.6375499999999976,0.6064999999999962
2.3,0.01,0.018499999999999982,0.026999999999999958,0.05550000000000019,0.08400000000000041,0.11925000000000031,0.15450000000000022,0.18975000000000014,0.22500000000000003,0.26275000000000037,0.30050000000000077,0.33825000000000116,0.3760000000000016,0.4095000000000012,0.4430000000000008,0.47650000000000037,0.51,0.5402499999999995,0.5704999999999989,0.6007499999999983,0.6309999999999978,0.6519999999999974,0.6729999999999969,0.6939999999999966,0.7149999999999962,0.7259999999999978,0.7369999999999993,0.7480000000000009,0.7590000000000025,0.7615000000000025,0.7640000000000025,0.7665000000000024,0.7690000000000025,0.7590000000000023,0.7490000000000023,0.7390000000000023,0.7290000000000024,0.6980000000000008,0.6669999999999993,0.6359999999999977,0.6049999999999962
2.31,0.01,0.01844999999999998,0.02689999999999996,0.05535000000000018,0.0838000000000004,0.11897500000000032,0.15415000000000023,0.18932500000000013,0.22450000000000003,0.2621750000000004,0.2998500000000008,0.3375250000000012,0.3752000000000016,0.4086500000000012,0.44210000000000077,0.47555000000000036,0.509,0.5391749999999995,0.5693499999999989,0.5995249999999983,0.6296999999999978,0.6506499999999973,0.6715999999999969,0.6925499999999966,0.7134999999999962,0.7244499999999977,0.7353999999999992,0.7463500000000007,0.7573000000000024,0.7598000000000025,0.7623000000000024,0.7648000000000024,0.7673000000000024,0.7573000000000023,0.7473000000000023,0.7373000000000023,0.7273000000000024,0.6963500000000009,0.6653999999999993,0.6344499999999977,0.6034999999999963
2.32,0.01,0.01839999999999998,0.02679999999999996,0.05520000000000018,0.0836000000000004,0.1187000000000003,0.15380000000000021,0.18890000000000012,0.22400000000000003,0.2616000000000004,0.2992000000000008,0.3368000000000012,0.37440000000000156,0.40780000000000116,0.44120000000000076,0.47460000000000035,0.508,0.5380999999999994,0.5681999999999988,0.5982999999999983,0.6283999999999978,0.6492999999999974,0.670199999999997,0.6910999999999967,0.7119999999999963,0.7228999999999979,0.7337999999999993,0.7447000000000008,0.7556000000000024,0.7581000000000024,0.7606000000000024,0.7631000000000023,0.7656000000000024,0.7556000000000023,0.7456000000000023,0.7356000000000023,0.7256000000000024,0.6947000000000008,0.6637999999999993,0.6328999999999978,0.6019999999999963
2.33,0.01,0.018349999999999977,0.02669999999999996,0.055050000000000175,0.08340000000000039,0.1184250000000003,0.1534500000000002,0.18847500000000011,0.22350000000000003,0.2610250000000004,0.29855000000000076,0.3360750000000011,0.37360000000000154,0.40695000000000114,0.44030000000000075,0.47365000000000035,0.507,0.5370249999999994,0.5670499999999989,0.5970749999999985,0.6270999999999979,0.6479499999999974,0.668799999999997,0.6896499999999967,0.7104999999999964,0.7213499999999978,0.7321999999999993,0.7430500000000009,0.7539000000000023,0.7564000000000024,0.7589000000000024,0.7614000000000023,0.7639000000000024,0.7539000000000022,0.7439000000000022,0.7339000000000022,0.7239000000000023,0.6930500000000008,0.6621999999999993,0.6313499999999979,0.6004999999999964
2.34,0.01,0.018299999999999983,0.02659999999999996,0.05490000000000017,0.08320000000000038,0.1181500000000003,0.1531000000000002,0.1880500000000001,0.22300000000000003,0.2604500000000004,0.2979000000000008,0.33535000000000115,0.3728000000000015,0.4061000000000011,0.43940000000000073,0.47270000000000034,0.506,0.5359499999999995,0.565899999999999,0.5958499999999984,0.6257999999999979,0.6465999999999975,0.6673999999999971,0.6881999999999968,0.7089999999999964,0.7197999999999978,0.7305999999999993,0.7414000000000007,0.7522000000000023,0.7547000000000024,0.7572000000000023,0.7597000000000023,0.7622000000000023,0.7522000000000022,0.7422000000000022,0.7322000000000022,0.7222000000000023,0.6914000000000007,0.6605999999999992,0.6297999999999978,0.5989999999999964
2.35,0.01,0.01824999999999998,0.02649999999999996,0.054750000000000174,0.08300000000000038,0.1178750000000003,0.15275000000000022,0.18762500000000013,0.22250000000000003,0.25987500000000036,0.2972500000000007,0.33462500000000106,0.3720000000000015,0.4052500000000011,0.4385000000000007,0.47175000000000034,0.505,0.5348749999999995,0.564749999999999,0.5946249999999984,0.624499999999998,0.6452499999999974,0.665999999999997,0.6867499999999968,0.7074999999999965,0.7182499999999978,0.7289999999999993,0.7397500000000008,0.7505000000000023,0.7530000000000023,0.7555000000000023,0.7580000000000022,0.7605000000000023,0.7505000000000022,0.7405000000000022,0.7305000000000021,0.7205000000000022,0.6897500000000008,0.6589999999999994,0.628249999999998,0.5974999999999965
2.36,0.01,0.01819999999999998,0.02639999999999996,0.05460000000000016,0.08280000000000037,0.11760000000000029,0.1524000000000002,0.18720000000000012,0.22200000000000003,0.2593000000000004,0.29660000000000075,0.3339000000000011,0.3712000000000015,0.4044000000000011,0.4376000000000007,0.47080000000000033,0.504,0.5337999999999994,0.5635999999999989,0.5933999999999984,0.623199999999998,0.6438999999999976,0.6645999999999972,0.6852999999999969,0.7059999999999965,0.7166999999999979,0.7273999999999994,0.7381000000000009,0.7488000000000022,0.7513000000000023,0.7538000000000022,0.7563000000000022,0.7588000000000023,0.7488000000000021,0.7388000000000021,0.7288000000000021,0.7188000000000022,0.6881000000000008,0.6573999999999993,0.6266999999999979,0.5959999999999965
2.37,0.01,0.01814999999999998,0.026299999999999962,0.054450000000000165,0.08260000000000037,0.11732500000000028,0.15205000000000019,0.1867750000000001,0.22150000000000003,0.25872500000000037,0.2959500000000007,0.3331750000000011,0.37040000000000145,0.4035500000000011,0.4367000000000007,0.4698500000000003,0.503,0.5327249999999994,0.562449999999999,0.5921749999999986,0.621899999999998,0.6425499999999975,0.6631999999999971,0.6838499999999968,0.7044999999999966,0.715149999999998,0.7257999999999993,0.7364500000000007,0.7471000000000022,0.7496000000000023,0.7521000000000022,0.7546000000000022,0.7571000000000022,0.7471000000000021,0.7371000000000021,0.7271000000000021,0.7171000000000022,0.6864500000000007,0.6557999999999993,0.6251499999999979,0.5944999999999966
2.38,0.01,0.018099999999999984,0.026199999999999963,0.05430000000000017,0.08240000000000036,0.11705000000000028,0.1517000000000002,0.18635000000000013,0.22100000000000003,0.2581500000000003,0.2953000000000007,0.332450000000001,0.3696000000000014,0.40270000000000106,0.4358000000000007,0.4689000000000003,0.502,0.5316499999999995,0.561299999999999,0.5909499999999985,0.620599999999998,0.6411999999999977,0.6617999999999973,0.682399999999997,0.7029999999999966,0.713599999999998,0.7241999999999994,0.7348000000000008,0.7454000000000022,0.7479000000000022,0.7504000000000022,0.7529000000000021,0.7554000000000022,0.7454000000000021,0.735400000000002,0.725400000000002,0.7154000000000021,0.6848000000000007,0.6541999999999993,0.6235999999999979,0.5929999999999966
2.39,0.01,0.018049999999999983,0.026099999999999964,0.054150000000000156,0.08220000000000036,0.11677500000000028,0.1513500000000002,0.18592500000000012,0.22050000000000003,0.25757500000000033,0.2946500000000007,0.33172500000000105,0.3688000000000014,0.40185000000000104,0.4349000000000007,0.4679500000000003,0.501,0.5305749999999996,0.560149999999999,0.5897249999999985,0.6192999999999981,0.6398499999999976,0.6603999999999972,0.680949999999997,0.7014999999999967,0.712049999999998,0.7225999999999992,0.7331500000000006,0.7437000000000021,0.7462000000000022,0.7487000000000021,0.7512000000000021,0.7537000000000021,0.743700000000002,0.733700000000002,0.723700000000002,0.7137000000000021,0.6831500000000008,0.6525999999999994,0.622049999999998,0.5914999999999967
2.4,0.01,0.01799999999999998,0.025999999999999964,0.05400000000000016,0.08200000000000035,0.11650000000000027,0.1510000000000002,0.1855000000000001,0.22000000000000003,0.25700000000000034,0.2940000000000007,0.33100000000000107,0.3680000000000014,0.401000000000001,0.43400000000000066,0.4670000000000003,0.5,0.5294999999999994,0.5589999999999989,0.5884999999999985,0.6179999999999981,0.6384999999999977,0.6589999999999974,0.6794999999999971,0.6999999999999967,0.7104999999999981,0.7209999999999994,0.7315000000000007,0.7420000000000021,0.7445000000000022,0.7470000000000021,0.749500000000002,0.7520000000000021,0.742000000000002,0.732000000000002,0.722000000000002,0.7120000000000021,0.6815000000000007,0.6509999999999994,0.620499999999998,0.5899999999999967
2.41,0.01,0.01794999999999998,0.025899999999999965,0.053850000000000155,0.08180000000000034,0.11622500000000026,0.15065000000000017,0.1850750000000001,0.21950000000000003,0.25642500000000035,0.29335000000000067,0.330275000000001,0.36720000000000136,0.400150000000001,0.4331000000000007,0.4660500000000004,0.49900000000000005,0.5284249999999996,0.5578499999999991,0.5872749999999987,0.6166999999999981,0.6371499999999977,0.6575999999999973,0.678049999999997,0.6984999999999968,0.7089499999999981,0.7193999999999994,0.7298500000000008,0.7403000000000021,0.7428000000000021,0.7453000000000021,0.747800000000002,0.7503000000000021,0.740300000000002,0.730300000000002,0.7203000000000019,0.710300000000002,0.6798500000000007,0.6493999999999994,0.6189499999999981,0.5884999999999968
2.42,0.01,0.017899999999999985,0.025799999999999965,0.05370000000000015,0.08160000000000034,0.11595000000000026,0.15030000000000018,0.1846500000000001,0.21900000000000003,0.25585000000000035,0.2927000000000007,0.329550000000001,0.36640000000000134,0.399300000000001,0.4322000000000007,0.4651000000000004,0.49800000000000005,0.5273499999999995,0.5566999999999991,0.5860499999999986,0.6153999999999982,0.6357999999999978,0.6561999999999975,0.6765999999999972,0.6969999999999968,0.707399999999998,0.7177999999999993,0.7282000000000006,0.738600000000002,0.7411000000000021,0.743600000000002,0.746100000000002,0.748600000000002,0.7386000000000019,0.7286000000000019,0.7186000000000019,0.708600000000002,0.6782000000000006,0.6477999999999993,0.6173999999999981,0.5869999999999969
2.43,0.01,0.017849999999999984,0.025699999999999966,0.05355000000000015,0.08140000000000033,0.11567500000000026,0.1499500000000002,0.1842250000000001,0.21850000000000003,0.2552750000000003,0.2920500000000006,0.3288250000000009,0.3656000000000013,0.39845000000000097,0.4313000000000007,0.4641500000000004,0.49700000000000005,0.5262749999999996,0.5555499999999991,0.5848249999999986,0.6140999999999982,0.6344499999999977,0.6547999999999974,0.6751499999999971,0.6954999999999969,0.7058499999999981,0.7161999999999994,0.7265500000000007,0.736900000000002,0.7394000000000021,0.741900000000002,0.744400000000002,0.746900000000002,0.7369000000000019,0.7269000000000019,0.7169000000000019,0.706900000000002,0.6765500000000007,0.6461999999999994,0.6158499999999982,0.5854999999999969
2.44,0.01,0.017799999999999983,0.025599999999999967,0.05340000000000014,0.08120000000000033,0.11540000000000025,0.14960000000000018,0.1838000000000001,0.21800000000000003,0.25470000000000037,0.29140000000000066,0.32810000000000095,0.3648000000000013,0.39760000000000095,0.43040000000000067,0.4632000000000004,0.49600000000000005,0.5251999999999996,0.5543999999999991,0.5835999999999987,0.6127999999999982,0.6330999999999979,0.6533999999999975,0.6736999999999973,0.693999999999997,0.7042999999999981,0.7145999999999995,0.7249000000000008,0.735200000000002,0.737700000000002,0.740200000000002,0.7427000000000019,0.745200000000002,0.7352000000000019,0.7252000000000018,0.7152000000000018,0.7052000000000019,0.6749000000000007,0.6445999999999994,0.6142999999999982,0.583999999999997
2.45,0.01,0.017749999999999985,0.025499999999999967,0.053250000000000144,0.08100000000000032,0.11512500000000024,0.14925000000000016,0.1833750000000001,0.21750000000000003,0.2541250000000003,0.2907500000000006,0.32737500000000097,0.36400000000000127,0.39675000000000094,0.42950000000000066,0.4622500000000004,0.49500000000000005,0.5241249999999996,0.5532499999999991,0.5823749999999988,0.6114999999999983,0.6317499999999978,0.6519999999999975,0.6722499999999972,0.692499999999997,0.7027499999999982,0.7129999999999994,0.7232500000000006,0.7335000000000019,0.736000000000002,0.7385000000000019,0.7410000000000019,0.7435000000000019,0.7335000000000018,0.7235000000000018,0.7135000000000018,0.7035000000000019,0.6732500000000006,0.6429999999999993,0.6127499999999981,0.582499999999997
2.46,0.01,0.017699999999999983,0.025399999999999968,0.05310000000000015,0.08080000000000032,0.11485000000000024,0.14890000000000017,0.1829500000000001,0.21700000000000003,0.2535500000000003,0.2901000000000006,0.3266500000000009,0.36320000000000124,0.3959000000000009,0.42860000000000065,0.4613000000000004,0.49400000000000005,0.5230499999999996,0.5520999999999991,0.5811499999999987,0.6101999999999983,0.630399999999998,0.6505999999999976,0.6707999999999974,0.6909999999999971,0.7011999999999983,0.7113999999999995,0.7216000000000007,0.7318000000000019,0.734300000000002,0.7368000000000019,0.7393000000000018,0.7418000000000019,0.7318000000000018,0.7218000000000018,0.7118000000000018,0.7018000000000019,0.6716000000000006,0.6413999999999994,0.6111999999999982,0.5809999999999971
2.47,0.01,0.017649999999999985,0.02529999999999997,0.052950000000000136,0.08060000000000031,0.11457500000000025,0.14855000000000018,0.1825250000000001,0.21650000000000003,0.2529750000000003,0.2894500000000006,0.3259250000000009,0.3624000000000012,0.3950500000000009,0.42770000000000064,0.46035000000000037,0.49300000000000005,0.5219749999999996,0.5509499999999992,0.5799249999999987,0.6088999999999983,0.6290499999999979,0.6491999999999976,0.6693499999999973,0.6894999999999971,0.6996499999999982,0.7097999999999993,0.7199500000000005,0.7301000000000019,0.7326000000000019,0.7351000000000019,0.7376000000000018,0.7401000000000019,0.7301000000000017,0.7201000000000017,0.7101000000000017,0.7001000000000018,0.6699500000000007,0.6397999999999995,0.6096499999999982,0.5794999999999971
2.48,0.01,0.017599999999999984,0.02519999999999997,0.05280000000000014,0.0804000000000003,0.11430000000000023,0.14820000000000016,0.1821000000000001,0.21600000000000003,0.2524000000000003,0.2888000000000006,0.32520000000000093,0.3616000000000012,0.3942000000000009,0.4268000000000006,0.45940000000000036,0.49200000000000005,0.5208999999999996,0.5497999999999992,0.5786999999999988,0.6075999999999984,0.627699999999998,0.6477999999999977,0.6678999999999975,0.6879999999999972,0.6980999999999984,0.7081999999999995,0.7183000000000006,0.7284000000000018,0.7309000000000019,0.7334000000000018,0.7359000000000018,0.7384000000000018,0.7284000000000017,0.7184000000000017,0.7084000000000017,0.6984000000000018,0.6683000000000006,0.6381999999999994,0.6080999999999983,0.5779999999999972
2.49,0.01,0.017549999999999986,0.02509999999999997,0.052650000000000134,0.0802000000000003,0.11402500000000022,0.14785000000000015,0.1816750000000001,0.21550000000000002,0.2518250000000003,0.2881500000000006,0.32447500000000085,0.3608000000000012,0.39335000000000087,0.4259000000000006,0.45845000000000036,0.49100000000000005,0.5198249999999996,0.5486499999999992,0.5774749999999989,0.6062999999999984,0.626349999999998,0.6463999999999976,0.6664499999999974,0.6864999999999972,0.6965499999999983,0.7065999999999995,0.7166500000000007,0.7267000000000018,0.7292000000000018,0.7317000000000018,0.7342000000000017,0.7367000000000018,0.7267000000000017,0.7167000000000017,0.7067000000000017,0.6967000000000018,0.6666500000000006,0.6365999999999995,0.6065499999999984,0.5764999999999972
2.5,0.01,0.017499999999999984,0.02499999999999997,0.05250000000000013,0.0800000000000003,0.11375000000000023,0.14750000000000016,0.18125000000000008,0.21500000000000002,0.2512500000000003,0.2875000000000006,0.32375000000000087,0.36000000000000115,0.39250000000000085,0.4250000000000006,0.45750000000000035,0.49000000000000005,0.5187499999999996,0.5474999999999992,0.5762499999999988,0.6049999999999984,0.6249999999999981,0.6449999999999978,0.6649999999999976,0.6849999999999973,0.6949999999999983,0.7049999999999994,0.7150000000000005,0.7250000000000018,0.7275000000000018,0.7300000000000018,0.7325000000000017,0.7350000000000018,0.7250000000000016,0.7150000000000016,0.7050000000000016,0.6950000000000017,0.6650000000000005,0.6349999999999993,0.6049999999999983,0.5749999999999973
2.51,0.01,0.017449999999999986,0.02489999999999997,0.05235000000000013,0.07980000000000029,0.11347500000000023,0.14715000000000017,0.1808250000000001,0.21450000000000002,0.25067500000000026,0.2868500000000005,0.3230250000000008,0.35920000000000113,0.39165000000000083,0.4241000000000006,0.45655000000000034,0.48900000000000005,0.5176749999999997,0.5463499999999992,0.5750249999999988,0.6036999999999985,0.623649999999998,0.6435999999999977,0.6635499999999975,0.6834999999999973,0.6934499999999983,0.7033999999999995,0.7133500000000006,0.7233000000000017,0.7258000000000018,0.7283000000000017,0.7308000000000017,0.7333000000000017,0.7233000000000016,0.7133000000000016,0.7033000000000016,0.6933000000000017,0.6633500000000006,0.6333999999999995,0.6034499999999985,0.5734999999999973
2.52,0.01,0.017399999999999985,0.02479999999999997,0.05220000000000012,0.07960000000000028,0.11320000000000022,0.14680000000000015,0.1804000000000001,0.21400000000000002,0.2501000000000003,0.28620000000000057,0.3223000000000008,0.3584000000000011,0.3908000000000008,0.4232000000000006,0.45560000000000034,0.48800000000000004,0.5165999999999996,0.5451999999999992,0.5737999999999989,0.6023999999999985,0.6222999999999982,0.6421999999999979,0.6620999999999977,0.6819999999999974,0.6918999999999984,0.7017999999999995,0.7117000000000007,0.7216000000000017,0.7241000000000017,0.7266000000000017,0.7291000000000016,0.7316000000000017,0.7216000000000016,0.7116000000000016,0.7016000000000016,0.6916000000000017,0.6617000000000006,0.6317999999999995,0.6018999999999984,0.5719999999999974
2.53,0.01,0.017349999999999987,0.024699999999999972,0.052050000000000124,0.07940000000000028,0.1129250000000002,0.14645000000000014,0.17997500000000008,0.21350000000000002,0.24952500000000027,0.2855500000000005,0.32157500000000083,0.3576000000000011,0.3899500000000008,0.42230000000000056,0.45465000000000033,0.48700000000000004,0.5155249999999997,0.5440499999999993,0.572574999999999,0.6010999999999985,0.6209499999999981,0.6407999999999978,0.6606499999999976,0.6804999999999974,0.6903499999999985,0.7001999999999995,0.7100500000000005,0.7199000000000016,0.7224000000000017,0.7249000000000017,0.7274000000000016,0.7299000000000017,0.7199000000000015,0.7099000000000015,0.6999000000000015,0.6899000000000016,0.6600500000000005,0.6301999999999994,0.6003499999999984,0.5704999999999975
2.54,0.01,0.017299999999999986,0.024599999999999973,0.05190000000000013,0.07920000000000027,0.11265000000000021,0.14610000000000015,0.1795500000000001,0.21300000000000002,0.24895000000000025,0.2849000000000005,0.32085000000000075,0.35680000000000106,0.3891000000000008,0.42140000000000055,0.4537000000000003,0.48600000000000004,0.5144499999999996,0.5428999999999993,0.5713499999999989,0.5997999999999986,0.6195999999999983,0.639399999999998,0.6591999999999978,0.6789999999999975,0.6887999999999985,0.6985999999999996,0.7084000000000006,0.7182000000000016,0.7207000000000017,0.7232000000000016,0.7257000000000016,0.7282000000000016,0.7182000000000015,0.7082000000000015,0.6982000000000015,0.6882000000000016,0.6584000000000005,0.6285999999999995,0.5987999999999984,0.5689999999999975
2.55,0.01,0.017249999999999988,0.024499999999999973,0.051750000000000115,0.07900000000000026,0.11237500000000021,0.14575000000000016,0.1791250000000001,0.21250000000000002,0.24837500000000026,0.2842500000000005,0.32012500000000077,0.35600000000000104,0.38825000000000076,0.42050000000000054,0.4527500000000003,0.48500000000000004,0.5133749999999997,0.5417499999999993,0.5701249999999989,0.5984999999999986,0.6182499999999982,0.6379999999999979,0.6577499999999977,0.6774999999999975,0.6872499999999985,0.6969999999999994,0.7067500000000004,0.7165000000000016,0.7190000000000016,0.7215000000000016,0.7240000000000015,0.7265000000000016,0.7165000000000015,0.7065000000000015,0.6965000000000015,0.6865000000000016,0.6567500000000006,0.6269999999999996,0.5972499999999985,0.5674999999999976
2.56,0.01,0.017199999999999986,0.024399999999999974,0.05160000000000012,0.07880000000000026,0.1121000000000002,0.14540000000000014,0.17870000000000008,0.21200000000000002,0.24780000000000027,0.2836000000000005,0.3194000000000008,0.355200000000001,0.38740000000000074,0.41960000000000053,0.4518000000000003,0.48400000000000004,0.5122999999999996,0.5405999999999993,0.568899999999999,0.5971999999999986,0.6168999999999983,0.6365999999999981,0.6562999999999979,0.6759999999999976,0.6856999999999986,0.6953999999999996,0.7051000000000005,0.7148000000000015,0.7173000000000016,0.7198000000000015,0.7223000000000015,0.7248000000000016,0.7148000000000014,0.7048000000000014,0.6948000000000014,0.6848000000000015,0.6551000000000005,0.6253999999999995,0.5956999999999986,0.5659999999999976
2.57,0.01,0.017149999999999988,0.024299999999999974,0.051450000000000114,0.07860000000000025,0.11182500000000019,0.14505000000000012,0.17827500000000007,0.21150000000000002,0.24722500000000025,0.2829500000000005,0.3186750000000007,0.354400000000001,0.3865500000000007,0.4187000000000005,0.4508500000000003,0.48300000000000004,0.5112249999999997,0.5394499999999993,0.567674999999999,0.5958999999999987,0.6155499999999983,0.635199999999998,0.6548499999999978,0.6744999999999977,0.6841499999999986,0.6937999999999995,0.7034500000000006,0.7131000000000015,0.7156000000000016,0.7181000000000015,0.7206000000000015,0.7231000000000015,0.7131000000000014,0.7031000000000014,0.6931000000000014,0.6831000000000015,0.6534500000000005,0.6237999999999996,0.5941499999999986,0.5644999999999977
2.58,0.01,0.017099999999999987,0.024199999999999975,0.05130000000000011,0.07840000000000025,0.11155000000000019,0.14470000000000013,0.17785000000000006,0.21100000000000002,0.24665000000000026,0.2823000000000005,0.31795000000000073,0.35360000000000097,0.3857000000000007,0.4178000000000005,0.4499000000000003,0.48200000000000004,0.5101499999999997,0.5382999999999993,0.566449999999999,0.5945999999999987,0.6141999999999984,0.6337999999999981,0.653399999999998,0.6729999999999977,0.6825999999999985,0.6921999999999995,0.7018000000000004,0.7114000000000015,0.7139000000000015,0.7164000000000015,0.7189000000000014,0.7214000000000015,0.7114000000000014,0.7014000000000014,0.6914000000000013,0.6814000000000014,0.6518000000000004,0.6221999999999994,0.5925999999999986,0.5629999999999977
2.59,0.01,0.01704999999999999,0.024099999999999976,0.05115000000000011,0.07820000000000024,0.1112750000000002,0.14435000000000014,0.17742500000000008,0.21050000000000002,0.2460750000000002,0.2816500000000004,0.31722500000000065,0.35280000000000095,0.3848500000000007,0.4169000000000005,0.4489500000000003,0.48100000000000004,0.5090749999999997,0.5371499999999994,0.565224999999999,0.5932999999999987,0.6128499999999983,0.6323999999999981,0.6519499999999979,0.6714999999999978,0.6810499999999986,0.6905999999999995,0.7001500000000005,0.7097000000000014,0.7122000000000015,0.7147000000000014,0.7172000000000014,0.7197000000000014,0.7097000000000013,0.6997000000000013,0.6897000000000013,0.6797000000000014,0.6501500000000004,0.6205999999999996,0.5910499999999987,0.5614999999999978
2.6,0.01,0.016999999999999987,0.023999999999999976,0.0510000000000001,0.07800000000000024,0.11100000000000018,0.14400000000000013,0.17700000000000007,0.21000000000000002,0.24550000000000025,0.28100000000000047,0.31650000000000067,0.3520000000000009,0.3840000000000007,0.4160000000000005,0.4480000000000003,0.48000000000000004,0.5079999999999997,0.5359999999999994,0.5639999999999991,0.5919999999999987,0.6114999999999985,0.6309999999999982,0.6504999999999981,0.6699999999999978,0.6794999999999987,0.6889999999999996,0.6985000000000006,0.7080000000000014,0.7105000000000015,0.7130000000000014,0.7155000000000014,0.7180000000000014,0.7080000000000013,0.6980000000000013,0.6880000000000013,0.6780000000000014,0.6485000000000005,0.6189999999999996,0.5894999999999987,0.5599999999999978
2.61,0.01,0.01694999999999999,0.023899999999999977,0.0508500000000001,0.07780000000000023,0.11072500000000017,0.1436500000000001,0.17657500000000007,0.20950000000000002,0.24492500000000023,0.28035000000000043,0.3157750000000007,0.3512000000000009,0.38315000000000066,0.41510000000000047,0.4470500000000003,0.47900000000000004,0.5069249999999997,0.5348499999999994,0.5627749999999991,0.5906999999999988,0.6101499999999984,0.6295999999999982,0.649049999999998,0.6684999999999979,0.6779499999999987,0.6873999999999996,0.6968500000000004,0.7063000000000014,0.7088000000000014,0.7113000000000014,0.7138000000000013,0.7163000000000014,0.7063000000000013,0.6963000000000013,0.6863000000000012,0.6763000000000013,0.6468500000000004,0.6173999999999995,0.5879499999999986,0.5584999999999979
2.62,0.01,0.016899999999999988,0.023799999999999977,0.050700000000000106,0.07760000000000022,0.11045000000000017,0.14330000000000012,0.17615000000000008,0.20900000000000002,0.2443500000000002,0.2797000000000004,0.3150500000000006,0.3504000000000009,0.38230000000000064,0.41420000000000046,0.4461000000000003,0.47800000000000004,0.5058499999999997,0.5336999999999994,0.5615499999999991,0.5893999999999988,0.6087999999999986,0.6281999999999983,0.6475999999999982,0.6669999999999979,0.6763999999999988,0.6857999999999996,0.6952000000000005,0.7046000000000013,0.7071000000000014,0.7096000000000013,0.7121000000000013,0.7146000000000013,0.7046000000000012,0.6946000000000012,0.6846000000000012,0.6746000000000013,0.6452000000000004,0.6157999999999996,0.5863999999999987,0.5569999999999979
2.63,0.01,0.01684999999999999,0.023699999999999978,0.050550000000000095,0.07740000000000022,0.11017500000000018,0.14295000000000013,0.17572500000000008,0.20850000000000002,0.2437750000000002,0.2790500000000004,0.31432500000000063,0.34960000000000085,0.3814500000000006,0.41330000000000044,0.44515000000000027,0.47700000000000004,0.5047749999999998,0.5325499999999994,0.5603249999999991,0.5880999999999988,0.6074499999999985,0.6267999999999982,0.6461499999999981,0.665499999999998,0.6748499999999987,0.6841999999999995,0.6935500000000003,0.7029000000000013,0.7054000000000014,0.7079000000000013,0.7104000000000013,0.7129000000000013,0.7029000000000012,0.6929000000000012,0.6829000000000012,0.6729000000000013,0.6435500000000005,0.6141999999999996,0.5848499999999988,0.555499999999998
2.64,0.01,0.01679999999999999,0.02359999999999998,0.0504000000000001,0.07720000000000021,0.10990000000000016,0.14260000000000012,0.17530000000000007,0.20800000000000002,0.24320000000000022,0.2784000000000004,0.31360000000000066,0.34880000000000083,0.3806000000000006,0.41240000000000043,0.44420000000000026,0.47600000000000003,0.5036999999999997,0.5313999999999994,0.5590999999999992,0.5867999999999989,0.6060999999999986,0.6253999999999984,0.6446999999999983,0.663999999999998,0.6732999999999989,0.6825999999999997,0.6919000000000004,0.7012000000000013,0.7037000000000013,0.7062000000000013,0.7087000000000012,0.7112000000000013,0.7012000000000012,0.6912000000000011,0.6812000000000011,0.6712000000000012,0.6419000000000004,0.6125999999999996,0.5832999999999988,0.553999999999998
2.65,0.01,0.01674999999999999,0.02349999999999998,0.05025000000000009,0.07700000000000021,0.10962500000000015,0.1422500000000001,0.17487500000000006,0.20750000000000002,0.2426250000000002,0.2777500000000004,0.31287500000000057,0.3480000000000008,0.3797500000000006,0.4115000000000004,0.44325000000000025,0.47500000000000003,0.5026249999999998,0.5302499999999994,0.5578749999999992,0.5854999999999989,0.6047499999999986,0.6239999999999983,0.6432499999999982,0.6624999999999981,0.6717499999999988,0.6809999999999996,0.6902500000000005,0.6995000000000012,0.7020000000000013,0.7045000000000012,0.7070000000000012,0.7095000000000012,0.6995000000000011,0.6895000000000011,0.6795000000000011,0.6695000000000012,0.6402500000000004,0.6109999999999997,0.5817499999999989,0.5524999999999981
2.66,0.01,0.01669999999999999,0.02339999999999998,0.05010000000000009,0.0768000000000002,0.10935000000000016,0.1419000000000001,0.17445000000000005,0.20700000000000002,0.2420500000000002,0.2771000000000004,0.3121500000000006,0.3472000000000008,0.37890000000000057,0.4106000000000004,0.44230000000000025,0.47400000000000003,0.5015499999999997,0.5290999999999995,0.5566499999999992,0.5841999999999989,0.6033999999999987,0.6225999999999985,0.6417999999999984,0.6609999999999981,0.6701999999999988,0.6793999999999996,0.6886000000000003,0.6978000000000012,0.7003000000000013,0.7028000000000012,0.7053000000000011,0.7078000000000012,0.6978000000000011,0.6878000000000011,0.6778000000000011,0.6678000000000012,0.6386000000000003,0.6093999999999995,0.5801999999999988,0.5509999999999982
2.67,0.01,0.01664999999999999,0.02329999999999998,0.04995000000000009,0.0766000000000002,0.10907500000000016,0.14155000000000012,0.17402500000000007,0.20650000000000002,0.24147500000000016,0.2764500000000003,0.3114250000000005,0.34640000000000076,0.37805000000000055,0.4097000000000004,0.44135000000000024,0.47300000000000003,0.5004749999999998,0.5279499999999995,0.5554249999999992,0.582899999999999,0.6020499999999986,0.6211999999999984,0.6403499999999983,0.6594999999999982,0.6686499999999989,0.6777999999999996,0.6869500000000004,0.6961000000000012,0.6986000000000012,0.7011000000000012,0.7036000000000011,0.7061000000000012,0.696100000000001,0.686100000000001,0.676100000000001,0.6661000000000011,0.6369500000000003,0.6077999999999997,0.578649999999999,0.5494999999999982
2.68,0.01,0.01659999999999999,0.02319999999999998,0.04980000000000008,0.07640000000000019,0.10880000000000015,0.1412000000000001,0.17360000000000006,0.20600000000000002,0.2409000000000002,0.2758000000000004,0.31070000000000053,0.34560000000000074,0.37720000000000053,0.4088000000000004,0.44040000000000024,0.47200000000000003,0.49939999999999973,0.5267999999999995,0.5541999999999992,0.581599999999999,0.6006999999999988,0.6197999999999986,0.6388999999999985,0.6579999999999983,0.6670999999999989,0.6761999999999997,0.6853000000000005,0.6944000000000011,0.6969000000000012,0.6994000000000011,0.7019000000000011,0.7044000000000011,0.694400000000001,0.684400000000001,0.674400000000001,0.6644000000000011,0.6353000000000004,0.6061999999999996,0.577099999999999,0.5479999999999983
2.69,0.01,0.016549999999999992,0.02309999999999998,0.04965000000000008,0.07620000000000018,0.10852500000000014,0.1408500000000001,0.17317500000000005,0.20550000000000002,0.24032500000000018,0.27515000000000034,0.30997500000000056,0.3448000000000007,0.3763500000000005,0.4079000000000004,0.43945000000000023,0.47100000000000003,0.4983249999999998,0.5256499999999995,0.5529749999999993,0.580299999999999,0.5993499999999987,0.6183999999999985,0.6374499999999984,0.6564999999999983,0.665549999999999,0.6745999999999996,0.6836500000000003,0.6927000000000011,0.6952000000000012,0.6977000000000011,0.700200000000001,0.7027000000000011,0.692700000000001,0.682700000000001,0.672700000000001,0.6627000000000011,0.6336500000000003,0.6045999999999996,0.5755499999999989,0.5464999999999983
2.7,0.01,0.01649999999999999,0.022999999999999982,0.049500000000000086,0.07600000000000018,0.10825000000000014,0.1405000000000001,0.17275000000000007,0.20500000000000002,0.23975000000000016,0.2745000000000003,0.30925000000000047,0.3440000000000007,0.3755000000000005,0.40700000000000036,0.4385000000000002,0.47000000000000003,0.49724999999999975,0.5244999999999995,0.5517499999999993,0.5789999999999991,0.5979999999999989,0.6169999999999987,0.6359999999999986,0.6549999999999984,0.663999999999999,0.6729999999999997,0.6820000000000004,0.6910000000000011,0.6935000000000011,0.6960000000000011,0.698500000000001,0.7010000000000011,0.691000000000001,0.6810000000000009,0.6710000000000009,0.661000000000001,0.6320000000000003,0.6029999999999996,0.573999999999999,0.5449999999999984
2.71,0.01,0.016449999999999992,0.022899999999999983,0.049350000000000074,0.07580000000000017,0.10797500000000014,0.1401500000000001,0.17232500000000006,0.20450000000000002,0.23917500000000017,0.2738500000000003,0.3085250000000005,0.34320000000000067,0.3746500000000005,0.40610000000000035,0.4375500000000002,0.46900000000000003,0.4961749999999998,0.5233499999999995,0.5505249999999993,0.5776999999999991,0.5966499999999988,0.6155999999999986,0.6345499999999985,0.6534999999999984,0.662449999999999,0.6713999999999996,0.6803500000000002,0.689300000000001,0.6918000000000011,0.694300000000001,0.696800000000001,0.699300000000001,0.6893000000000009,0.6793000000000009,0.6693000000000009,0.659300000000001,0.6303500000000004,0.6013999999999997,0.572449999999999,0.5434999999999984
2.72,0.01,0.01639999999999999,0.022799999999999983,0.04920000000000008,0.07560000000000017,0.10770000000000013,0.1398000000000001,0.17190000000000005,0.20400000000000001,0.23860000000000017,0.27320000000000033,0.3078000000000005,0.34240000000000065,0.37380000000000047,0.40520000000000034,0.4366000000000002,0.468,0.49509999999999976,0.5221999999999996,0.5492999999999993,0.5763999999999991,0.5952999999999989,0.6141999999999987,0.6330999999999987,0.6519999999999985,0.6608999999999992,0.6697999999999997,0.6787000000000003,0.687600000000001,0.690100000000001,0.692600000000001,0.6951000000000009,0.697600000000001,0.6876000000000009,0.6776000000000009,0.6676000000000009,0.657600000000001,0.6287000000000003,0.5997999999999997,0.5708999999999991,0.5419999999999985
2.73,0.01,0.016349999999999993,0.022699999999999984,0.04905000000000007,0.07540000000000016,0.10742500000000012,0.13945000000000007,0.17147500000000004,0.20350000000000001,0.23802500000000015,0.2725500000000003,0.30707500000000043,0.3416000000000006,0.37295000000000045,0.4043000000000003,0.4356500000000002,0.467,0.4940249999999998,0.5210499999999996,0.5480749999999994,0.5750999999999992,0.5939499999999989,0.6127999999999987,0.6316499999999986,0.6504999999999985,0.6593499999999991,0.6681999999999997,0.6770500000000004,0.685900000000001,0.688400000000001,0.690900000000001,0.6934000000000009,0.695900000000001,0.6859000000000008,0.6759000000000008,0.6659000000000008,0.6559000000000009,0.6270500000000003,0.5981999999999997,0.5693499999999991,0.5404999999999985
2.74,0.01,0.01629999999999999,0.022599999999999985,0.04890000000000007,0.07520000000000016,0.10715000000000012,0.13910000000000008,0.17105000000000004,0.203,0.23745000000000016,0.2719000000000003,0.30635000000000046,0.3408000000000006,0.37210000000000043,0.4034000000000003,0.4347000000000002,0.466,0.4929499999999998,0.5198999999999996,0.5468499999999994,0.5737999999999992,0.592599999999999,0.6113999999999988,0.6301999999999988,0.6489999999999986,0.657799999999999,0.6665999999999996,0.6754000000000002,0.6842000000000009,0.686700000000001,0.6892000000000009,0.6917000000000009,0.6942000000000009,0.6842000000000008,0.6742000000000008,0.6642000000000008,0.6542000000000009,0.6254000000000002,0.5965999999999996,0.5677999999999991,0.5389999999999986
2.75,0.01,0.016249999999999994,0.022499999999999985,0.04875000000000007,0.07500000000000015,0.10687500000000012,0.1387500000000001,0.17062500000000005,0.2025,0.2368750000000001,0.2712500000000002,0.30562500000000037,0.3400000000000006,0.3712500000000004,0.4025000000000003,0.4337500000000002,0.465,0.49187499999999984,0.5187499999999996,0.5456249999999994,0.5724999999999992,0.5912499999999989,0.6099999999999988,0.6287499999999987,0.6474999999999986,0.6562499999999991,0.6649999999999997,0.6737500000000003,0.6825000000000009,0.6850000000000009,0.6875000000000009,0.6900000000000008,0.6925000000000009,0.6825000000000008,0.6725000000000008,0.6625000000000008,0.6525000000000009,0.6237500000000002,0.5949999999999998,0.5662499999999993,0.5374999999999986
2.76,0.01,0.016199999999999992,0.022399999999999986,0.04860000000000006,0.07480000000000014,0.10660000000000011,0.13840000000000008,0.17020000000000005,0.202,0.23630000000000015,0.2706000000000003,0.3049000000000004,0.33920000000000056,0.3704000000000004,0.4016000000000003,0.4328000000000002,0.464,0.4907999999999998,0.5175999999999996,0.5443999999999994,0.5711999999999993,0.5898999999999991,0.6085999999999989,0.6272999999999989,0.6459999999999987,0.6546999999999992,0.6633999999999998,0.6721000000000004,0.6808000000000008,0.6833000000000009,0.6858000000000009,0.6883000000000008,0.6908000000000009,0.6808000000000007,0.6708000000000007,0.6608000000000007,0.6508000000000008,0.6221000000000003,0.5933999999999997,0.5646999999999992,0.5359999999999987
2.77,0.01,0.016149999999999994,0.022299999999999986,0.04845000000000006,0.07460000000000014,0.1063250000000001,0.13805000000000006,0.16977500000000004,0.2015,0.23572500000000013,0.26995000000000025,0.3041750000000004,0.33840000000000053,0.3695500000000004,0.4007000000000003,0.4318500000000002,0.463,0.48972499999999985,0.5164499999999996,0.5431749999999995,0.5698999999999993,0.588549999999999,0.6071999999999989,0.6258499999999988,0.6444999999999987,0.6531499999999992,0.6617999999999997,0.6704500000000002,0.6791000000000008,0.6816000000000009,0.6841000000000008,0.6866000000000008,0.6891000000000008,0.6791000000000007,0.6691000000000007,0.6591000000000007,0.6491000000000008,0.6204500000000002,0.5917999999999997,0.5631499999999992,0.5344999999999988
2.78,0.01,0.016099999999999993,0.022199999999999987,0.048300000000000065,0.07440000000000013,0.1060500000000001,0.13770000000000007,0.16935000000000006,0.201,0.2351500000000001,0.2693000000000002,0.30345000000000033,0.3376000000000005,0.36870000000000036,0.39980000000000027,0.43090000000000017,0.462,0.4886499999999998,0.5152999999999996,0.5419499999999995,0.5685999999999993,0.5871999999999992,0.605799999999999,0.624399999999999,0.6429999999999988,0.6515999999999993,0.6601999999999998,0.6688000000000003,0.6774000000000008,0.6799000000000008,0.6824000000000008,0.6849000000000007,0.6874000000000008,0.6774000000000007,0.6674000000000007,0.6574000000000007,0.6474000000000008,0.6188000000000002,0.5901999999999997,0.5615999999999992,0.5329999999999988
2.79,0.01,0.016049999999999995,0.022099999999999988,0.048150000000000054,0.07420000000000013,0.1057750000000001,0.13735000000000008,0.16892500000000005,0.2005,0.23457500000000012,0.2686500000000002,0.30272500000000035,0.3368000000000005,0.36785000000000034,0.39890000000000025,0.42995000000000017,0.461,0.48757499999999987,0.5141499999999997,0.5407249999999995,0.5672999999999994,0.5858499999999991,0.6043999999999989,0.6229499999999989,0.6414999999999988,0.6500499999999992,0.6585999999999996,0.6671500000000001,0.6757000000000007,0.6782000000000008,0.6807000000000007,0.6832000000000007,0.6857000000000008,0.6757000000000006,0.6657000000000006,0.6557000000000006,0.6457000000000007,0.6171500000000003,0.5885999999999998,0.5600499999999993,0.5314999999999989
2.8,0.01,0.015999999999999993,0.02199999999999999,0.048000000000000057,0.07400000000000012,0.1055000000000001,0.13700000000000007,0.16850000000000004,0.2,0.23400000000000012,0.26800000000000024,0.3020000000000004,0.33600000000000046,0.3670000000000003,0.39800000000000024,0.42900000000000016,0.46,0.4864999999999998,0.5129999999999997,0.5394999999999995,0.5659999999999994,0.5844999999999992,0.6029999999999991,0.621499999999999,0.6399999999999989,0.6484999999999994,0.6569999999999998,0.6655000000000002,0.6740000000000007,0.6765000000000008,0.6790000000000007,0.6815000000000007,0.6840000000000007,0.6740000000000006,0.6640000000000006,0.6540000000000006,0.6440000000000007,0.6155000000000002,0.5869999999999997,0.5584999999999993,0.5299999999999989
2.81,0.01,0.015949999999999995,0.02189999999999999,0.04785000000000005,0.07380000000000012,0.10522500000000008,0.13665000000000005,0.16807500000000003,0.1995,0.2334250000000001,0.2673500000000002,0.3012750000000003,0.33520000000000044,0.3661500000000003,0.39710000000000023,0.42805000000000015,0.459,0.4854249999999999,0.5118499999999997,0.5382749999999996,0.5646999999999994,0.5831499999999992,0.601599999999999,0.620049999999999,0.638499999999999,0.6469499999999994,0.6553999999999998,0.6638500000000003,0.6723000000000007,0.6748000000000007,0.6773000000000007,0.6798000000000006,0.6823000000000007,0.6723000000000006,0.6623000000000006,0.6523000000000005,0.6423000000000006,0.6138500000000002,0.5853999999999998,0.5569499999999994,0.528499999999999
2.82,0.01,0.015899999999999994,0.02179999999999999,0.04770000000000005,0.07360000000000011,0.10495000000000008,0.13630000000000006,0.16765000000000002,0.199,0.2328500000000001,0.2667000000000002,0.3005500000000003,0.3344000000000004,0.3653000000000003,0.3962000000000002,0.42710000000000015,0.458,0.48434999999999984,0.5106999999999997,0.5370499999999996,0.5633999999999995,0.5817999999999993,0.6001999999999992,0.6185999999999992,0.636999999999999,0.6453999999999993,0.6537999999999997,0.6622000000000001,0.6706000000000006,0.6731000000000007,0.6756000000000006,0.6781000000000006,0.6806000000000006,0.6706000000000005,0.6606000000000005,0.6506000000000005,0.6406000000000006,0.6122000000000001,0.5837999999999997,0.5553999999999993,0.526999999999999
2.83,0.01,0.015849999999999996,0.02169999999999999,0.04755000000000005,0.0734000000000001,0.10467500000000009,0.13595000000000007,0.16722500000000004,0.1985,0.23227500000000006,0.2660500000000001,0.29982500000000023,0.3336000000000004,0.3644500000000003,0.3953000000000002,0.42615000000000014,0.457,0.4832749999999999,0.5095499999999997,0.5358249999999996,0.5620999999999995,0.5804499999999992,0.5987999999999991,0.6171499999999991,0.6354999999999991,0.6438499999999994,0.6521999999999998,0.6605500000000002,0.6689000000000006,0.6714000000000007,0.6739000000000006,0.6764000000000006,0.6789000000000006,0.6689000000000005,0.6589000000000005,0.6489000000000005,0.6389000000000006,0.6105500000000001,0.5821999999999998,0.5538499999999995,0.5254999999999991
2.84,0.01,0.015799999999999995,0.02159999999999999,0.04740000000000004,0.0732000000000001,0.10440000000000008,0.13560000000000005,0.16680000000000003,0.198,0.2317000000000001,0.2654000000000002,0.29910000000000025,0.3328000000000004,0.36360000000000026,0.3944000000000002,0.42520000000000013,0.456,0.48219999999999985,0.5083999999999997,0.5345999999999996,0.5607999999999995,0.5790999999999994,0.5973999999999993,0.6156999999999992,0.6339999999999991,0.6422999999999994,0.6505999999999998,0.6589000000000003,0.6672000000000006,0.6697000000000006,0.6722000000000006,0.6747000000000005,0.6772000000000006,0.6672000000000005,0.6572000000000005,0.6472000000000004,0.6372000000000005,0.6089000000000002,0.5805999999999998,0.5522999999999995,0.5239999999999991
2.85,0.01,0.015749999999999997,0.02149999999999999,0.04725000000000004,0.07300000000000009,0.10412500000000006,0.13525000000000004,0.16637500000000002,0.1975,0.23112500000000008,0.26475000000000015,0.2983750000000003,0.33200000000000035,0.36275000000000024,0.3935000000000002,0.4242500000000001,0.455,0.4811249999999999,0.5072499999999998,0.5333749999999997,0.5594999999999996,0.5777499999999993,0.5959999999999992,0.6142499999999992,0.6324999999999992,0.6407499999999995,0.6489999999999998,0.6572500000000001,0.6655000000000005,0.6680000000000006,0.6705000000000005,0.6730000000000005,0.6755000000000005,0.6655000000000004,0.6555000000000004,0.6455000000000004,0.6355000000000005,0.6072500000000001,0.5789999999999997,0.5507499999999994,0.5224999999999992
2.86,0.01,0.015699999999999995,0.021399999999999992,0.047100000000000045,0.07280000000000009,0.10385000000000007,0.13490000000000005,0.16595000000000004,0.197,0.23055000000000006,0.2641000000000001,0.2976500000000002,0.3312000000000003,0.3619000000000002,0.39260000000000017,0.4233000000000001,0.454,0.48004999999999987,0.5060999999999998,0.5321499999999997,0.5581999999999996,0.5763999999999995,0.5945999999999994,0.6127999999999993,0.6309999999999992,0.6391999999999995,0.6473999999999999,0.6556000000000002,0.6638000000000005,0.6663000000000006,0.6688000000000005,0.6713000000000005,0.6738000000000005,0.6638000000000004,0.6538000000000004,0.6438000000000004,0.6338000000000005,0.6056000000000001,0.5773999999999998,0.5491999999999995,0.5209999999999992
2.87,0.01,0.015649999999999997,0.021299999999999993,0.04695000000000003,0.07260000000000008,0.10357500000000007,0.13455000000000006,0.16552500000000003,0.1965,0.22997500000000007,0.26345000000000013,0.2969250000000002,0.3304000000000003,0.3610500000000002,0.39170000000000016,0.4223500000000001,0.453,0.47897499999999993,0.5049499999999998,0.5309249999999996,0.5568999999999996,0.5750499999999994,0.5931999999999993,0.6113499999999993,0.6294999999999993,0.6376499999999995,0.6457999999999997,0.65395,0.6621000000000005,0.6646000000000005,0.6671000000000005,0.6696000000000004,0.6721000000000005,0.6621000000000004,0.6521000000000003,0.6421000000000003,0.6321000000000004,0.6039500000000002,0.5757999999999999,0.5476499999999995,0.5194999999999993
2.88,0.01,0.015599999999999996,0.021199999999999993,0.046800000000000036,0.07240000000000008,0.10330000000000006,0.13420000000000004,0.16510000000000002,0.196,0.22940000000000008,0.26280000000000014,0.29620000000000024,0.3296000000000003,0.3602000000000002,0.39080000000000015,0.4214000000000001,0.452,0.4778999999999999,0.5037999999999998,0.5296999999999997,0.5555999999999996,0.5736999999999995,0.5917999999999994,0.6098999999999994,0.6279999999999993,0.6360999999999997,0.6441999999999999,0.6523000000000001,0.6604000000000004,0.6629000000000005,0.6654000000000004,0.6679000000000004,0.6704000000000004,0.6604000000000003,0.6504000000000003,0.6404000000000003,0.6304000000000004,0.6023000000000001,0.5741999999999998,0.5460999999999996,0.5179999999999993
2.89,0.01,0.015549999999999998,0.021099999999999994,0.04665000000000003,0.07220000000000007,0.10302500000000005,0.13385000000000002,0.16467500000000002,0.1955,0.22882500000000006,0.2621500000000001,0.29547500000000015,0.32880000000000026,0.35935000000000017,0.38990000000000014,0.4204500000000001,0.451,0.47682499999999994,0.5026499999999998,0.5284749999999998,0.5542999999999997,0.5723499999999995,0.5903999999999994,0.6084499999999994,0.6264999999999994,0.6345499999999996,0.6425999999999998,0.6506500000000002,0.6587000000000004,0.6612000000000005,0.6637000000000004,0.6662000000000003,0.6687000000000004,0.6587000000000003,0.6487000000000003,0.6387000000000003,0.6287000000000004,0.6006500000000001,0.5725999999999999,0.5445499999999996,0.5164999999999994
2.9,0.01,0.015499999999999996,0.020999999999999994,0.04650000000000003,0.07200000000000006,0.10275000000000005,0.13350000000000004,0.16425,0.195,0.22825000000000006,0.2615000000000001,0.2947500000000002,0.32800000000000024,0.35850000000000015,0.3890000000000001,0.4195000000000001,0.45,0.4757499999999999,0.5014999999999998,0.5272499999999998,0.5529999999999997,0.5709999999999996,0.5889999999999995,0.6069999999999995,0.6249999999999994,0.6329999999999996,0.6409999999999998,0.649,0.6570000000000004,0.6595000000000004,0.6620000000000004,0.6645000000000003,0.6670000000000004,0.6570000000000003,0.6470000000000002,0.6370000000000002,0.6270000000000003,0.599,0.5709999999999997,0.5429999999999996,0.5149999999999995
2.91,0.01,0.015449999999999998,0.020899999999999995,0.04635000000000003,0.07180000000000006,0.10247500000000005,0.13315000000000005,0.16382500000000003,0.1945,0.22767500000000002,0.26085,0.2940250000000001,0.3272000000000002,0.35765000000000013,0.3881000000000001,0.4185500000000001,0.449,0.47467499999999996,0.5003499999999999,0.5260249999999997,0.5516999999999997,0.5696499999999995,0.5875999999999995,0.6055499999999995,0.6234999999999995,0.6314499999999996,0.6393999999999999,0.6473500000000001,0.6553000000000003,0.6578000000000004,0.6603000000000003,0.6628000000000003,0.6653000000000003,0.6553000000000002,0.6453000000000002,0.6353000000000002,0.6253000000000003,0.59735,0.5693999999999999,0.5414499999999998,0.5134999999999995
2.92,0.01,0.015399999999999997,0.020799999999999996,0.04620000000000002,0.07160000000000005,0.10220000000000004,0.13280000000000003,0.16340000000000002,0.194,0.22710000000000005,0.2602000000000001,0.2933000000000001,0.3264000000000002,0.3568000000000001,0.3872000000000001,0.4176000000000001,0.448,0.4735999999999999,0.49919999999999987,0.5247999999999998,0.5503999999999998,0.5682999999999997,0.5861999999999996,0.6040999999999996,0.6219999999999996,0.6298999999999997,0.6377999999999999,0.6457000000000002,0.6536000000000003,0.6561000000000003,0.6586000000000003,0.6611000000000002,0.6636000000000003,0.6536000000000002,0.6436000000000002,0.6336000000000002,0.6236000000000003,0.5957000000000001,0.5677999999999999,0.5398999999999997,0.5119999999999996
2.93,0.01,0.015349999999999999,0.020699999999999996,0.04605000000000002,0.07140000000000005,0.10192500000000003,0.13245,0.162975,0.1935,0.22652500000000003,0.25955000000000006,0.29257500000000014,0.32560000000000017,0.3559500000000001,0.3863000000000001,0.4166500000000001,0.447,0.472525,0.49804999999999994,0.5235749999999999,0.5490999999999998,0.5669499999999996,0.5847999999999995,0.6026499999999996,0.6204999999999996,0.6283499999999997,0.6361999999999999,0.64405,0.6519000000000003,0.6544000000000003,0.6569000000000003,0.6594000000000002,0.6619000000000003,0.6519000000000001,0.6419000000000001,0.6319000000000001,0.6219000000000002,0.59405,0.5661999999999998,0.5383499999999997,0.5104999999999996
2.94,0.01,0.015299999999999998,0.020599999999999997,0.045900000000000024,0.07120000000000004,0.10165000000000003,0.13210000000000002,0.16255000000000003,0.193,0.22595,0.2589,0.29185000000000005,0.32480000000000014,0.3551000000000001,0.3854000000000001,0.41570000000000007,0.446,0.4714499999999999,0.4968999999999999,0.5223499999999999,0.5477999999999998,0.5655999999999998,0.5833999999999997,0.6011999999999997,0.6189999999999997,0.6267999999999998,0.6345999999999999,0.6424000000000001,0.6502000000000002,0.6527000000000003,0.6552000000000002,0.6577000000000002,0.6602000000000002,0.6502000000000001,0.6402000000000001,0.6302000000000001,0.6202000000000002,0.5924,0.5645999999999999,0.5367999999999997,0.5089999999999997
2.95,0.01,0.01525,0.020499999999999997,0.04575000000000001,0.07100000000000004,0.10137500000000003,0.13175000000000003,0.16212500000000002,0.1925,0.22537500000000002,0.25825000000000004,0.2911250000000001,0.3240000000000001,0.35425000000000006,0.38450000000000006,0.41475000000000006,0.445,0.470375,0.4957499999999999,0.5211249999999998,0.5464999999999999,0.5642499999999997,0.5819999999999996,0.5997499999999997,0.6174999999999997,0.6252499999999998,0.6329999999999998,0.6407499999999999,0.6485000000000002,0.6510000000000002,0.6535000000000002,0.6560000000000001,0.6585000000000002,0.6485000000000001,0.6385000000000001,0.6285000000000001,0.6185000000000002,0.5907500000000001,0.563,0.5352499999999998,0.5074999999999997
2.96,0.01,0.015199999999999998,0.020399999999999998,0.045600000000000016,0.07080000000000003,0.10110000000000002,0.13140000000000002,0.1617,0.192,0.22480000000000003,0.25760000000000005,0.2904000000000001,0.3232000000000001,0.35340000000000005,0.38360000000000005,0.41380000000000006,0.444,0.46929999999999994,0.49459999999999993,0.5198999999999999,0.5451999999999999,0.5628999999999998,0.5805999999999998,0.5982999999999998,0.6159999999999998,0.6236999999999999,0.6314,0.6391,0.6468000000000002,0.6493000000000002,0.6518000000000002,0.6543000000000001,0.6568000000000002,0.6468,0.6368,0.6268,0.6168000000000001,0.5891,0.5613999999999999,0.5336999999999998,0.5059999999999998
2.97,0.01,0.01515,0.0203,0.04545000000000001,0.07060000000000002,0.10082500000000001,0.13105,0.161275,0.1915,0.224225,0.25695,0.289675,0.3224000000000001,0.35255000000000003,0.38270000000000004,0.41285000000000005,0.443,0.468225,0.49345,0.518675,0.5438999999999999,0.5615499999999998,0.5791999999999997,0.5968499999999998,0.6144999999999998,0.6221499999999999,0.6297999999999999,0.6374500000000001,0.6451000000000001,0.6476000000000002,0.6501000000000001,0.6526000000000001,0.6551000000000001,0.6451,0.6351,0.6251,0.6151000000000001,0.58745,0.5598,0.5321499999999999,0.5044999999999998
2.98,0.01,0.015099999999999999,0.0202,0.04530000000000001,0.07040000000000002,0.10055000000000001,0.1307,0.16085,0.191,0.22365000000000002,0.25630000000000003,0.28895000000000004,0.32160000000000005,0.3517,0.38180000000000003,0.41190000000000004,0.442,0.46714999999999995,0.49229999999999996,0.51745,0.5426,0.5601999999999999,0.5777999999999999,0.5953999999999999,0.6129999999999999,0.6205999999999998,0.6281999999999999,0.6357999999999999,0.6434000000000001,0.6459000000000001,0.6484000000000001,0.6509,0.6534000000000001,0.6434,0.6334,0.6234,0.6134000000000001,0.5857999999999999,0.5581999999999998,0.5305999999999998,0.5029999999999999
2.99,0.01,0.015050000000000001,0.0201,0.04515000000000001,0.07020000000000001,0.10027500000000002,0.13035000000000002,0.160425,0.1905,0.22307499999999997,0.25564999999999993,0.28822499999999995,0.32080000000000003,0.35085,0.3809,0.41095000000000004,0.441,0.466075,0.49115,0.5162249999999999,0.5413,0.5588499999999998,0.5763999999999998,0.5939499999999999,0.6114999999999999,0.6190499999999999,0.6265999999999999,0.63415,0.6417,0.6442000000000001,0.6467,0.6492,0.6517000000000001,0.6416999999999999,0.6316999999999999,0.6216999999999999,0.6117,0.58415,0.5566,0.52905,0.5015
3,0.01,0.015,0.02,0.045,0.07,0.1,0.13,0.16,0.19,0.2225,0.255,0.2875,0.32,0.35,0.38,0.41000000000000003,0.44,0.46499999999999997,0.49,0.515,0.54,0.5575,0.575,0.5925,0.61,0.6174999999999999,0.625,0.6325000000000001,0.64,0.6425000000000001,0.645,0.6475,0.65,0.6399999999999999,0.6299999999999999,0.6199999999999999,0.61,0.5825,0.5549999999999999,0.5275,0.5
3.01,0.01,0.015050000000000029,0.02010000000000006,0.045000000000000165,0.06990000000000028,0.09987500000000035,0.12985000000000044,0.1598250000000005,0.18980000000000058,0.22225000000000072,0.25470000000000087,0.287150000000001,0.31960000000000116,0.3495500000000006,0.37950000000000006,0.40944999999999954,0.43939999999999896,0.4643749999999994,0.48934999999999995,0.5143250000000005,0.539300000000001,0.556750000000001,0.574200000000001,0.5916500000000011,0.6091000000000012,0.6166000000000011,0.6241000000000012,0.6316000000000013,0.6391000000000012,0.6415750000000009,0.6440500000000007,0.6465250000000005,0.6490000000000001,0.639,0.629,0.619,0.6090000000000001,0.5815500000000007,0.5541000000000011,0.5266500000000017,0.49920000000000225
3.02,0.01,0.01510000000000003,0.020200000000000058,0.045000000000000165,0.06980000000000028,0.09975000000000035,0.12970000000000043,0.1596500000000005,0.18960000000000057,0.2220000000000007,0.25440000000000085,0.286800000000001,0.31920000000000115,0.3491000000000006,0.379,0.4088999999999995,0.43879999999999897,0.46374999999999944,0.4886999999999999,0.5136500000000004,0.538600000000001,0.5560000000000009,0.573400000000001,0.5908000000000011,0.6082000000000012,0.6157000000000011,0.6232000000000011,0.6307000000000011,0.6382000000000012,0.6406500000000008,0.6431000000000006,0.6455500000000003,0.6480000000000001,0.6380000000000001,0.6280000000000001,0.6180000000000001,0.6080000000000001,0.5806000000000006,0.553200000000001,0.5258000000000016,0.49840000000000223
3.03,0.01,0.015150000000000028,0.020300000000000058,0.045000000000000165,0.06970000000000028,0.09962500000000035,0.12955000000000041,0.15947500000000048,0.18940000000000057,0.2217500000000007,0.2541000000000008,0.286450000000001,0.31880000000000114,0.34865000000000057,0.37850000000000006,0.40834999999999955,0.438199999999999,0.46312499999999945,0.48804999999999993,0.5129750000000004,0.5379000000000009,0.5552500000000009,0.572600000000001,0.5899500000000011,0.6073000000000012,0.6148000000000011,0.6223000000000012,0.6298000000000012,0.6373000000000012,0.639725000000001,0.6421500000000007,0.6445750000000003,0.6470000000000001,0.637,0.627,0.617,0.6070000000000001,0.5796500000000007,0.5523000000000011,0.5249500000000017,0.4976000000000022
3.04,0.01,0.01520000000000003,0.020400000000000057,0.045000000000000165,0.06960000000000027,0.09950000000000034,0.1294000000000004,0.1593000000000005,0.18920000000000056,0.2215000000000007,0.2538000000000008,0.28610000000000096,0.3184000000000011,0.34820000000000056,0.378,0.4077999999999995,0.437599999999999,0.46249999999999947,0.48739999999999994,0.5123000000000004,0.5372000000000009,0.5545000000000009,0.571800000000001,0.5891000000000011,0.6064000000000012,0.6139000000000011,0.6214000000000011,0.6289000000000011,0.6364000000000012,0.6388000000000009,0.6412000000000007,0.6436000000000004,0.6460000000000001,0.6360000000000001,0.6260000000000001,0.6160000000000001,0.6060000000000001,0.5787000000000005,0.551400000000001,0.5241000000000016,0.4968000000000022
3.05,0.01,0.015250000000000027,0.020500000000000056,0.045000000000000165,0.06950000000000027,0.09937500000000035,0.12925000000000042,0.1591250000000005,0.18900000000000056,0.2212500000000007,0.25350000000000084,0.28575000000000095,0.3180000000000011,0.34775000000000056,0.37750000000000006,0.40724999999999956,0.436999999999999,0.4618749999999995,0.48674999999999996,0.5116250000000004,0.5365000000000009,0.5537500000000009,0.571000000000001,0.588250000000001,0.6055000000000011,0.6130000000000011,0.6205000000000012,0.6280000000000012,0.6355000000000012,0.6378750000000009,0.6402500000000007,0.6426250000000004,0.6450000000000001,0.635,0.625,0.615,0.6050000000000001,0.5777500000000007,0.5505000000000011,0.5232500000000017,0.49600000000000216
3.06,0.01,0.015300000000000029,0.020600000000000056,0.045000000000000165,0.06940000000000027,0.09925000000000034,0.1291000000000004,0.15895000000000048,0.18880000000000055,0.22100000000000064,0.25320000000000076,0.28540000000000093,0.3176000000000011,0.34730000000000055,0.377,0.4066999999999995,0.436399999999999,0.46124999999999944,0.48609999999999987,0.5109500000000003,0.5358000000000008,0.5530000000000008,0.5702000000000009,0.587400000000001,0.6046000000000011,0.6121000000000011,0.619600000000001,0.6271000000000011,0.6346000000000012,0.6369500000000008,0.6393000000000005,0.6416500000000003,0.6440000000000001,0.6340000000000001,0.6240000000000001,0.6140000000000001,0.6040000000000001,0.5768000000000005,0.549600000000001,0.5224000000000015,0.49520000000000214
3.07,0.01,0.015350000000000027,0.020700000000000055,0.045000000000000165,0.06930000000000026,0.09912500000000032,0.1289500000000004,0.15877500000000047,0.18860000000000054,0.22075000000000067,0.2529000000000008,0.2850500000000009,0.3172000000000011,0.34685000000000055,0.37650000000000006,0.40614999999999957,0.435799999999999,0.4606249999999994,0.4854499999999998,0.5102750000000003,0.5351000000000008,0.5522500000000008,0.5694000000000009,0.586550000000001,0.6037000000000011,0.6112000000000011,0.6187000000000011,0.6262000000000012,0.6337000000000012,0.636025000000001,0.6383500000000006,0.6406750000000003,0.6430000000000001,0.633,0.623,0.613,0.6030000000000001,0.5758500000000006,0.5487000000000011,0.5215500000000016,0.4944000000000021
3.08,0.01,0.015400000000000028,0.020800000000000055,0.04500000000000016,0.06920000000000026,0.09900000000000034,0.12880000000000041,0.15860000000000046,0.18840000000000054,0.2205000000000007,0.2526000000000008,0.28470000000000095,0.3168000000000011,0.34640000000000054,0.376,0.4055999999999995,0.43519999999999903,0.4599999999999994,0.48479999999999984,0.5096000000000003,0.5344000000000008,0.5515000000000008,0.5686000000000009,0.585700000000001,0.6028000000000011,0.6103000000000011,0.617800000000001,0.6253000000000011,0.6328000000000011,0.6351000000000009,0.6374000000000006,0.6397000000000004,0.6420000000000001,0.6320000000000001,0.6220000000000001,0.6120000000000001,0.6020000000000001,0.5749000000000005,0.547800000000001,0.5207000000000015,0.4936000000000021
3.09,0.01,0.015450000000000026,0.020900000000000054,0.04500000000000015,0.06910000000000026,0.09887500000000032,0.1286500000000004,0.15842500000000048,0.18820000000000053,0.22025000000000064,0.25230000000000075,0.2843500000000009,0.31640000000000107,0.34595000000000053,0.37550000000000006,0.4050499999999996,0.43459999999999904,0.4593749999999994,0.48414999999999986,0.5089250000000003,0.5337000000000007,0.5507500000000007,0.5678000000000009,0.584850000000001,0.6019000000000011,0.609400000000001,0.6169000000000011,0.6244000000000012,0.6319000000000011,0.6341750000000008,0.6364500000000006,0.6387250000000004,0.6410000000000001,0.631,0.621,0.611,0.6010000000000001,0.5739500000000006,0.546900000000001,0.5198500000000016,0.49280000000000207
3.1,0.01,0.015500000000000028,0.021000000000000053,0.04500000000000015,0.06900000000000026,0.09875000000000032,0.1285000000000004,0.15825000000000045,0.18800000000000053,0.22000000000000064,0.2520000000000008,0.2840000000000009,0.31600000000000106,0.34550000000000053,0.375,0.4044999999999995,0.43399999999999905,0.45874999999999944,0.4834999999999999,0.5082500000000003,0.5330000000000007,0.5500000000000007,0.5670000000000008,0.584000000000001,0.6010000000000011,0.608500000000001,0.616000000000001,0.623500000000001,0.6310000000000011,0.6332500000000008,0.6355000000000005,0.6377500000000003,0.6400000000000001,0.6300000000000001,0.6200000000000001,0.6100000000000001,0.6000000000000001,0.5730000000000005,0.5460000000000009,0.5190000000000015,0.49200000000000205
3.11,0.01,0.015550000000000026,0.021100000000000053,0.04500000000000015,0.06890000000000025,0.09862500000000032,0.12835000000000038,0.15807500000000047,0.18780000000000052,0.2197500000000006,0.2517000000000007,0.28365000000000085,0.31560000000000105,0.3450500000000005,0.37450000000000006,0.4039499999999996,0.43339999999999906,0.45812499999999945,0.48284999999999983,0.5075750000000002,0.5323000000000007,0.5492500000000007,0.5662000000000008,0.583150000000001,0.6001000000000011,0.607600000000001,0.6151000000000011,0.6226000000000012,0.6301000000000011,0.6323250000000009,0.6345500000000006,0.6367750000000003,0.6390000000000001,0.629,0.619,0.609,0.5990000000000001,0.5720500000000006,0.545100000000001,0.5181500000000016,0.491200000000002
3.12,0.01,0.015600000000000027,0.021200000000000052,0.04500000000000015,0.06880000000000025,0.09850000000000031,0.12820000000000037,0.15790000000000043,0.18760000000000052,0.21950000000000064,0.25140000000000073,0.2833000000000009,0.31520000000000103,0.3446000000000005,0.374,0.40339999999999954,0.4327999999999991,0.4574999999999994,0.48219999999999974,0.5069000000000001,0.5316000000000006,0.5485000000000007,0.5654000000000008,0.5823000000000009,0.5992000000000011,0.606700000000001,0.614200000000001,0.621700000000001,0.6292000000000011,0.6314000000000008,0.6336000000000006,0.6358000000000004,0.6380000000000001,0.6280000000000001,0.6180000000000001,0.6080000000000001,0.5980000000000001,0.5711000000000005,0.5442000000000009,0.5173000000000014,0.490400000000002
3.13,0.01,0.015650000000000025,0.02130000000000005,0.04500000000000015,0.06870000000000025,0.09837500000000032,0.12805000000000039,0.15772500000000045,0.1874000000000005,0.21925000000000064,0.25110000000000077,0.2829500000000009,0.314800000000001,0.3441500000000005,0.37350000000000005,0.4028499999999996,0.4321999999999991,0.4568749999999995,0.4815499999999998,0.5062250000000001,0.5309000000000006,0.5477500000000006,0.5646000000000008,0.5814500000000009,0.598300000000001,0.605800000000001,0.6133000000000011,0.6208000000000011,0.6283000000000011,0.6304750000000008,0.6326500000000006,0.6348250000000004,0.6370000000000001,0.627,0.617,0.607,0.5970000000000001,0.5701500000000006,0.543300000000001,0.5164500000000015,0.489600000000002
3.14,0.01,0.015700000000000026,0.02140000000000005,0.04500000000000015,0.06860000000000024,0.09825000000000031,0.12790000000000037,0.15755000000000044,0.1872000000000005,0.21900000000000058,0.2508000000000007,0.28260000000000085,0.314400000000001,0.3437000000000005,0.373,0.40229999999999955,0.4315999999999991,0.45624999999999943,0.48089999999999977,0.5055500000000002,0.5302000000000006,0.5470000000000006,0.5638000000000007,0.5806000000000009,0.597400000000001,0.604900000000001,0.6124000000000009,0.619900000000001,0.6274000000000011,0.6295500000000007,0.6317000000000005,0.6338500000000002,0.6360000000000001,0.6260000000000001,0.6160000000000001,0.6060000000000001,0.5960000000000001,0.5692000000000005,0.5424000000000009,0.5156000000000014,0.48880000000000196
3.15,0.01,0.015750000000000024,0.02150000000000005,0.04500000000000015,0.06850000000000024,0.0981250000000003,0.12775000000000036,0.15737500000000043,0.1870000000000005,0.2187500000000006,0.2505000000000007,0.2822500000000009,0.314000000000001,0.3432500000000005,0.37250000000000005,0.4017499999999996,0.4309999999999991,0.4556249999999995,0.48024999999999984,0.5048750000000002,0.5295000000000005,0.5462500000000006,0.5630000000000007,0.5797500000000009,0.596500000000001,0.604000000000001,0.611500000000001,0.6190000000000011,0.6265000000000011,0.6286250000000009,0.6307500000000006,0.6328750000000003,0.6350000000000001,0.625,0.615,0.605,0.5950000000000001,0.5682500000000006,0.541500000000001,0.5147500000000015,0.48800000000000193
3.16,0.01,0.015800000000000026,0.02160000000000005,0.045000000000000144,0.06840000000000024,0.09800000000000031,0.12760000000000038,0.15720000000000045,0.1868000000000005,0.21850000000000058,0.2502000000000007,0.2819000000000008,0.313600000000001,0.3428000000000005,0.372,0.40119999999999956,0.4303999999999991,0.4549999999999994,0.47959999999999975,0.5042000000000001,0.5288000000000005,0.5455000000000005,0.5622000000000007,0.5789000000000009,0.595600000000001,0.603100000000001,0.6106000000000009,0.618100000000001,0.625600000000001,0.6277000000000008,0.6298000000000006,0.6319000000000004,0.6340000000000001,0.6240000000000001,0.6140000000000001,0.6040000000000001,0.5940000000000001,0.5673000000000005,0.5406000000000009,0.5139000000000014,0.4872000000000019
3.17,0.01,0.015850000000000024,0.02170000000000005,0.04500000000000014,0.06830000000000024,0.0978750000000003,0.12745000000000037,0.15702500000000041,0.1866000000000005,0.2182500000000006,0.24990000000000073,0.28155000000000086,0.313200000000001,0.3423500000000005,0.37150000000000005,0.4006499999999996,0.4297999999999991,0.4543749999999994,0.47894999999999976,0.5035250000000001,0.5281000000000005,0.5447500000000005,0.5614000000000007,0.5780500000000008,0.594700000000001,0.602200000000001,0.609700000000001,0.6172000000000011,0.624700000000001,0.6267750000000007,0.6288500000000006,0.6309250000000004,0.6330000000000001,0.623,0.613,0.603,0.5930000000000001,0.5663500000000006,0.539700000000001,0.5130500000000014,0.4864000000000019
3.18,0.01,0.015900000000000025,0.02180000000000005,0.04500000000000014,0.06820000000000023,0.0977500000000003,0.12730000000000036,0.15685000000000043,0.18640000000000048,0.21800000000000058,0.2496000000000007,0.28120000000000084,0.31280000000000097,0.3419000000000005,0.371,0.40009999999999957,0.42919999999999914,0.45374999999999943,0.4782999999999997,0.50285,0.5274000000000004,0.5440000000000005,0.5606000000000007,0.5772000000000008,0.593800000000001,0.601300000000001,0.6088000000000009,0.616300000000001,0.623800000000001,0.6258500000000007,0.6279000000000005,0.6299500000000002,0.6320000000000001,0.6220000000000001,0.6120000000000001,0.6020000000000001,0.5920000000000001,0.5654000000000005,0.5388000000000008,0.5122000000000013,0.48560000000000186
3.19,0.01,0.015950000000000023,0.021900000000000048,0.04500000000000014,0.06810000000000023,0.0976250000000003,0.12715000000000035,0.1566750000000004,0.18620000000000048,0.21775000000000058,0.2493000000000007,0.2808500000000008,0.31240000000000095,0.3414500000000005,0.37050000000000005,0.3995499999999996,0.42859999999999915,0.45312499999999944,0.47764999999999974,0.502175,0.5267000000000004,0.5432500000000005,0.5598000000000006,0.5763500000000008,0.592900000000001,0.6004000000000009,0.607900000000001,0.6154000000000011,0.622900000000001,0.6249250000000008,0.6269500000000006,0.6289750000000003,0.6310000000000001,0.621,0.611,0.601,0.5910000000000001,0.5644500000000006,0.5379000000000009,0.5113500000000014,0.48480000000000184
3.2,0.01,0.016000000000000025,0.022000000000000047,0.04500000000000014,0.06800000000000023,0.09750000000000028,0.12700000000000033,0.15650000000000042,0.18600000000000047,0.21750000000000058,0.2490000000000007,0.2805000000000008,0.31200000000000094,0.34100000000000047,0.37,0.3989999999999996,0.42799999999999916,0.45249999999999946,0.47699999999999976,0.5015000000000001,0.5260000000000004,0.5425000000000004,0.5590000000000006,0.5755000000000008,0.592000000000001,0.5995000000000009,0.6070000000000009,0.6145000000000009,0.622000000000001,0.6240000000000008,0.6260000000000006,0.6280000000000003,0.6300000000000001,0.6200000000000001,0.6100000000000001,0.6000000000000001,0.5900000000000001,0.5635000000000004,0.5370000000000008,0.5105000000000013,0.4840000000000018
3.21,0.01,0.016050000000000023,0.022100000000000047,0.04500000000000014,0.06790000000000022,0.0973750000000003,0.12685000000000035,0.1563250000000004,0.18580000000000046,0.21725000000000055,0.24870000000000067,0.2801500000000008,0.31160000000000093,0.34055000000000046,0.36950000000000005,0.39844999999999964,0.42739999999999917,0.45187499999999947,0.4763499999999998,0.5008250000000001,0.5253000000000003,0.5417500000000004,0.5582000000000006,0.5746500000000008,0.591100000000001,0.5986000000000009,0.606100000000001,0.613600000000001,0.621100000000001,0.6230750000000007,0.6250500000000005,0.6270250000000004,0.6290000000000001,0.619,0.609,0.599,0.5890000000000001,0.5625500000000005,0.5361000000000009,0.5096500000000014,0.4832000000000018
3.22,0.01,0.016100000000000024,0.022200000000000046,0.04500000000000014,0.06780000000000022,0.09725000000000028,0.12670000000000034,0.1561500000000004,0.18560000000000046,0.21700000000000058,0.2484000000000007,0.2798000000000008,0.3112000000000009,0.34010000000000046,0.369,0.3978999999999996,0.4267999999999992,0.45124999999999943,0.4756999999999997,0.50015,0.5246000000000003,0.5410000000000004,0.5574000000000006,0.5738000000000008,0.590200000000001,0.5977000000000009,0.6052000000000008,0.6127000000000009,0.620200000000001,0.6221500000000006,0.6241000000000004,0.6260500000000002,0.6280000000000001,0.6180000000000001,0.6080000000000001,0.5980000000000001,0.5880000000000001,0.5616000000000004,0.5352000000000008,0.5088000000000013,0.48240000000000177
3.23,0.01,0.016150000000000022,0.022300000000000045,0.04500000000000014,0.06770000000000022,0.09712500000000027,0.12655000000000033,0.1559750000000004,0.18540000000000045,0.21675000000000055,0.24810000000000065,0.27945000000000075,0.3108000000000009,0.33965000000000045,0.36850000000000005,0.39734999999999965,0.4261999999999992,0.4506249999999994,0.47504999999999964,0.49947499999999995,0.5239000000000003,0.5402500000000003,0.5566000000000005,0.5729500000000007,0.5893000000000009,0.5968000000000009,0.604300000000001,0.611800000000001,0.619300000000001,0.6212250000000008,0.6231500000000005,0.6250750000000003,0.6270000000000001,0.617,0.607,0.597,0.5870000000000001,0.5606500000000005,0.5343000000000009,0.5079500000000013,0.48160000000000175
3.24,0.01,0.016200000000000023,0.022400000000000045,0.04500000000000013,0.06760000000000022,0.09700000000000028,0.12640000000000035,0.15580000000000038,0.18520000000000045,0.21650000000000058,0.2478000000000007,0.2791000000000008,0.3104000000000009,0.33920000000000045,0.368,0.3967999999999996,0.4255999999999992,0.4499999999999994,0.47439999999999966,0.4987999999999999,0.5232000000000002,0.5395000000000003,0.5558000000000005,0.5721000000000007,0.5884000000000009,0.5959000000000009,0.6034000000000008,0.6109000000000009,0.618400000000001,0.6203000000000007,0.6222000000000005,0.6241000000000003,0.6260000000000001,0.6160000000000001,0.6060000000000001,0.5960000000000001,0.5860000000000001,0.5597000000000004,0.5334000000000008,0.5071000000000012,0.4808000000000017
3.25,0.01,0.01625000000000002,0.022500000000000044,0.04500000000000012,0.06750000000000021,0.09687500000000027,0.12625000000000033,0.1556250000000004,0.18500000000000044,0.21625000000000053,0.2475000000000006,0.2787500000000007,0.3100000000000009,0.33875000000000044,0.36750000000000005,0.39624999999999966,0.4249999999999992,0.4493749999999994,0.47374999999999967,0.49812499999999993,0.5225000000000002,0.5387500000000003,0.5550000000000005,0.5712500000000007,0.5875000000000009,0.5950000000000009,0.6025000000000009,0.610000000000001,0.6175000000000009,0.6193750000000007,0.6212500000000005,0.6231250000000004,0.6250000000000001,0.615,0.605,0.595,0.5850000000000001,0.5587500000000005,0.5325000000000009,0.5062500000000013,0.4800000000000017
3.26,0.01,0.016300000000000023,0.022600000000000044,0.04500000000000012,0.06740000000000021,0.09675000000000027,0.12610000000000032,0.15545000000000037,0.18480000000000044,0.21600000000000052,0.24720000000000064,0.27840000000000076,0.3096000000000009,0.33830000000000043,0.367,0.3956999999999996,0.4243999999999992,0.4487499999999994,0.47309999999999963,0.4974499999999999,0.5218000000000002,0.5380000000000003,0.5542000000000005,0.5704000000000007,0.5866000000000009,0.5941000000000008,0.6016000000000008,0.6091000000000009,0.6166000000000009,0.6184500000000006,0.6203000000000004,0.6221500000000002,0.6240000000000001,0.6140000000000001,0.6040000000000001,0.5940000000000001,0.5840000000000001,0.5578000000000004,0.5316000000000007,0.5054000000000012,0.4792000000000017
3.27,0.01,0.01635000000000002,0.022700000000000043,0.04500000000000012,0.0673000000000002,0.09662500000000027,0.1259500000000003,0.15527500000000038,0.18460000000000043,0.21575000000000052,0.24690000000000062,0.27805000000000074,0.30920000000000086,0.3378500000000004,0.36650000000000005,0.39514999999999967,0.42379999999999923,0.44812499999999944,0.47244999999999965,0.49677499999999986,0.5211000000000001,0.5372500000000002,0.5534000000000004,0.5695500000000007,0.5857000000000009,0.5932000000000008,0.6007000000000009,0.608200000000001,0.6157000000000009,0.6175250000000008,0.6193500000000005,0.6211750000000003,0.6230000000000001,0.613,0.603,0.593,0.5830000000000001,0.5568500000000005,0.5307000000000008,0.5045500000000013,0.47840000000000166
3.28,0.01,0.016400000000000022,0.022800000000000042,0.04500000000000012,0.0672000000000002,0.09650000000000025,0.1258000000000003,0.15510000000000035,0.18440000000000042,0.21550000000000052,0.24660000000000062,0.2777000000000007,0.30880000000000085,0.3374000000000004,0.366,0.3945999999999996,0.42319999999999924,0.44749999999999945,0.47179999999999966,0.4960999999999999,0.5204000000000001,0.5365000000000002,0.5526000000000004,0.5687000000000006,0.5848000000000009,0.5923000000000008,0.5998000000000008,0.6073000000000008,0.6148000000000009,0.6166000000000007,0.6184000000000005,0.6202000000000003,0.6220000000000001,0.6120000000000001,0.6020000000000001,0.5920000000000001,0.5820000000000001,0.5559000000000004,0.5298000000000007,0.5037000000000011,0.47760000000000163
3.29,0.01,0.01645000000000002,0.022900000000000042,0.04500000000000012,0.0671000000000002,0.09637500000000027,0.12565000000000032,0.15492500000000037,0.18420000000000042,0.2152500000000005,0.2463000000000006,0.2773500000000007,0.30840000000000084,0.3369500000000004,0.36550000000000005,0.3940499999999997,0.42259999999999925,0.44687499999999947,0.4711499999999996,0.49542499999999984,0.5197,0.5357500000000002,0.5518000000000004,0.5678500000000006,0.5839000000000009,0.5914000000000008,0.5989000000000009,0.6064000000000009,0.6139000000000009,0.6156750000000006,0.6174500000000005,0.6192250000000004,0.6210000000000001,0.611,0.601,0.591,0.5810000000000001,0.5549500000000005,0.5289000000000008,0.5028500000000012,0.4768000000000016
3.3,0.01,0.01650000000000002,0.02300000000000004,0.04500000000000012,0.0670000000000002,0.09625000000000025,0.1255000000000003,0.15475000000000036,0.1840000000000004,0.21500000000000052,0.2460000000000006,0.2770000000000007,0.30800000000000083,0.3365000000000004,0.365,0.39349999999999963,0.42199999999999926,0.4462499999999994,0.4704999999999996,0.4947499999999998,0.519,0.5350000000000001,0.5510000000000004,0.5670000000000006,0.5830000000000009,0.5905000000000008,0.5980000000000008,0.6055000000000008,0.6130000000000009,0.6147500000000006,0.6165000000000004,0.6182500000000002,0.6200000000000001,0.6100000000000001,0.6000000000000001,0.5900000000000001,0.5800000000000001,0.5540000000000004,0.5280000000000007,0.5020000000000011,0.4760000000000016
3.31,0.01,0.01655000000000002,0.02310000000000004,0.04500000000000012,0.0669000000000002,0.09612500000000024,0.1253500000000003,0.15457500000000035,0.1838000000000004,0.2147500000000005,0.2457000000000006,0.27665000000000073,0.3076000000000008,0.3360500000000004,0.36450000000000005,0.3929499999999997,0.4213999999999993,0.4456249999999994,0.46984999999999955,0.49407499999999976,0.5183,0.5342500000000001,0.5502000000000004,0.5661500000000006,0.5821000000000008,0.5896000000000008,0.5971000000000009,0.6046000000000009,0.6121000000000009,0.6138250000000007,0.6155500000000005,0.6172750000000002,0.6190000000000001,0.609,0.599,0.589,0.5790000000000001,0.5530500000000005,0.5271000000000008,0.5011500000000012,0.47520000000000157
3.32,0.01,0.01660000000000002,0.02320000000000004,0.045000000000000116,0.06680000000000019,0.09600000000000025,0.1252000000000003,0.15440000000000037,0.1836000000000004,0.21450000000000047,0.24540000000000056,0.27630000000000066,0.3072000000000008,0.3356000000000004,0.364,0.39239999999999964,0.4207999999999993,0.4449999999999994,0.46919999999999956,0.4933999999999997,0.5176,0.5335000000000001,0.5494000000000003,0.5653000000000006,0.5812000000000008,0.5887000000000008,0.5962000000000007,0.6037000000000008,0.6112000000000009,0.6129000000000007,0.6146000000000005,0.6163000000000003,0.6180000000000001,0.6080000000000001,0.5980000000000001,0.5880000000000001,0.5780000000000001,0.5521000000000004,0.5262000000000007,0.5003000000000011,0.47440000000000154
3.33,0.01,0.01665000000000002,0.02330000000000004,0.04500000000000011,0.06670000000000019,0.09587500000000024,0.1250500000000003,0.15422500000000033,0.1834000000000004,0.2142500000000005,0.2451000000000006,0.2759500000000007,0.3068000000000008,0.3351500000000004,0.36350000000000005,0.3918499999999997,0.4201999999999993,0.4443749999999994,0.4685499999999996,0.49272499999999975,0.5168999999999999,0.5327500000000001,0.5486000000000003,0.5644500000000006,0.5803000000000008,0.5878000000000008,0.5953000000000008,0.6028000000000009,0.6103000000000008,0.6119750000000006,0.6136500000000005,0.6153250000000003,0.6170000000000001,0.607,0.597,0.587,0.5770000000000001,0.5511500000000005,0.5253000000000008,0.49945000000000117,0.4736000000000015
3.34,0.01,0.01670000000000002,0.02340000000000004,0.04500000000000011,0.06660000000000019,0.09575000000000024,0.12490000000000029,0.15405000000000035,0.1832000000000004,0.21400000000000047,0.24480000000000057,0.2756000000000007,0.3064000000000008,0.3347000000000004,0.363,0.39129999999999965,0.4195999999999993,0.4437499999999994,0.46789999999999954,0.4920499999999997,0.5161999999999999,0.532,0.5478000000000003,0.5636000000000005,0.5794000000000008,0.5869000000000008,0.5944000000000007,0.6019000000000008,0.6094000000000008,0.6110500000000005,0.6127000000000004,0.6143500000000002,0.6160000000000001,0.6060000000000001,0.5960000000000001,0.5860000000000001,0.5760000000000001,0.5502000000000004,0.5244000000000006,0.49860000000000104,0.4728000000000015
3.35,0.01,0.01675000000000002,0.023500000000000038,0.04500000000000011,0.06650000000000018,0.09562500000000024,0.12475000000000028,0.15387500000000032,0.18300000000000038,0.21375000000000047,0.24450000000000055,0.27525000000000066,0.30600000000000077,0.3342500000000004,0.36250000000000004,0.3907499999999997,0.4189999999999993,0.44312499999999944,0.46724999999999955,0.4913749999999997,0.5154999999999998,0.53125,0.5470000000000003,0.5627500000000005,0.5785000000000008,0.5860000000000007,0.5935000000000008,0.6010000000000009,0.6085000000000008,0.6101250000000007,0.6117500000000005,0.6133750000000002,0.6150000000000001,0.605,0.595,0.585,0.5750000000000001,0.5492500000000005,0.5235000000000007,0.49775000000000114,0.4720000000000015
3.36,0.01,0.01680000000000002,0.023600000000000038,0.04500000000000011,0.06640000000000018,0.09550000000000022,0.12460000000000028,0.15370000000000034,0.18280000000000038,0.21350000000000047,0.24420000000000056,0.27490000000000064,0.30560000000000076,0.3338000000000004,0.362,0.39019999999999966,0.41839999999999933,0.44249999999999945,0.46659999999999957,0.4906999999999997,0.5147999999999998,0.5305,0.5462000000000002,0.5619000000000005,0.5776000000000008,0.5851000000000007,0.5926000000000007,0.6001000000000007,0.6076000000000008,0.6092000000000006,0.6108000000000005,0.6124000000000003,0.6140000000000001,0.6040000000000001,0.5940000000000001,0.5840000000000001,0.5740000000000001,0.5483000000000003,0.5226000000000006,0.496900000000001,0.47120000000000145
3.37,0.01,0.016850000000000018,0.023700000000000037,0.04500000000000011,0.06630000000000018,0.09537500000000024,0.12445000000000028,0.15352500000000033,0.18260000000000037,0.21325000000000044,0.24390000000000053,0.2745500000000006,0.30520000000000075,0.33335000000000037,0.36150000000000004,0.3896499999999997,0.41779999999999934,0.44187499999999946,0.46594999999999953,0.49002499999999966,0.5140999999999998,0.5297499999999999,0.5454000000000002,0.5610500000000005,0.5767000000000008,0.5842000000000007,0.5917000000000008,0.5992000000000008,0.6067000000000008,0.6082750000000006,0.6098500000000004,0.6114250000000003,0.6130000000000001,0.603,0.593,0.583,0.5730000000000001,0.5473500000000004,0.5217000000000007,0.4960500000000011,0.47040000000000143
3.38,0.01,0.01690000000000002,0.023800000000000036,0.04500000000000011,0.06620000000000018,0.09525000000000022,0.12430000000000027,0.15335000000000032,0.18240000000000037,0.21300000000000047,0.24360000000000057,0.27420000000000067,0.30480000000000074,0.33290000000000036,0.361,0.38909999999999967,0.41719999999999935,0.4412499999999994,0.4652999999999995,0.4893499999999996,0.5133999999999997,0.5289999999999999,0.5446000000000002,0.5602000000000005,0.5758000000000008,0.5833000000000007,0.5908000000000007,0.5983000000000007,0.6058000000000008,0.6073500000000005,0.6089000000000003,0.6104500000000002,0.6120000000000001,0.6020000000000001,0.5920000000000001,0.5820000000000001,0.5720000000000001,0.5464000000000003,0.5208000000000006,0.495200000000001,0.4696000000000014
3.39,0.01,0.016950000000000017,0.023900000000000036,0.04500000000000011,0.06610000000000017,0.09512500000000021,0.12415000000000026,0.1531750000000003,0.18220000000000036,0.21275000000000044,0.24330000000000052,0.2738500000000006,0.3044000000000007,0.33245000000000036,0.36050000000000004,0.38854999999999973,0.41659999999999936,0.4406249999999994,0.46464999999999945,0.4886749999999996,0.5126999999999997,0.5282499999999999,0.5438000000000002,0.5593500000000005,0.5749000000000007,0.5824000000000007,0.5899000000000008,0.5974000000000008,0.6049000000000008,0.6064250000000007,0.6079500000000004,0.6094750000000002,0.6110000000000001,0.601,0.591,0.581,0.5710000000000001,0.5454500000000004,0.5199000000000007,0.49435000000000107,0.4688000000000014
3.4,0.01,0.01700000000000002,0.024000000000000035,0.0450000000000001,0.06600000000000017,0.09500000000000022,0.12400000000000026,0.1530000000000003,0.18200000000000036,0.21250000000000047,0.24300000000000055,0.27350000000000063,0.3040000000000007,0.33200000000000035,0.36,0.3879999999999997,0.41599999999999937,0.4399999999999994,0.46399999999999947,0.48799999999999955,0.5119999999999997,0.5274999999999999,0.5430000000000001,0.5585000000000004,0.5740000000000007,0.5815000000000007,0.5890000000000006,0.5965000000000007,0.6040000000000008,0.6055000000000006,0.6070000000000004,0.6085000000000003,0.6100000000000001,0.6000000000000001,0.5900000000000001,0.5800000000000001,0.5700000000000001,0.5445000000000003,0.5190000000000006,0.49350000000000094,0.46800000000000136
3.41,0.01,0.017050000000000017,0.024100000000000035,0.045000000000000095,0.06590000000000017,0.09487500000000021,0.12385000000000027,0.15282500000000032,0.18180000000000035,0.2122500000000004,0.24270000000000047,0.27315000000000056,0.3036000000000007,0.33155000000000034,0.35950000000000004,0.38744999999999974,0.4153999999999994,0.4393749999999994,0.4633499999999995,0.48732499999999956,0.5112999999999996,0.5267499999999998,0.5422000000000001,0.5576500000000004,0.5731000000000007,0.5806000000000007,0.5881000000000007,0.5956000000000008,0.6031000000000007,0.6045750000000005,0.6060500000000004,0.6075250000000003,0.6090000000000001,0.599,0.589,0.579,0.5690000000000001,0.5435500000000004,0.5181000000000007,0.49265000000000103,0.46720000000000134
3.42,0.01,0.017100000000000018,0.024200000000000034,0.045000000000000095,0.06580000000000016,0.09475000000000021,0.12370000000000025,0.15265000000000029,0.18160000000000034,0.2120000000000004,0.2424000000000005,0.2728000000000006,0.3032000000000007,0.33110000000000034,0.359,0.3868999999999997,0.4147999999999994,0.4387499999999994,0.46269999999999945,0.4866499999999995,0.5105999999999996,0.5259999999999998,0.5414000000000001,0.5568000000000004,0.5722000000000007,0.5797000000000007,0.5872000000000006,0.5947000000000007,0.6022000000000007,0.6036500000000005,0.6051000000000003,0.6065500000000001,0.6080000000000001,0.5980000000000001,0.5880000000000001,0.5780000000000001,0.5680000000000001,0.5426000000000003,0.5172000000000005,0.4918000000000009,0.4664000000000013
3.43,0.01,0.017150000000000016,0.024300000000000033,0.045000000000000095,0.06570000000000016,0.09462500000000021,0.12355000000000024,0.1524750000000003,0.18140000000000034,0.2117500000000004,0.24210000000000048,0.2724500000000006,0.3028000000000007,0.33065000000000033,0.35850000000000004,0.38634999999999975,0.4141999999999994,0.43812499999999943,0.46204999999999946,0.4859749999999995,0.5098999999999996,0.5252499999999998,0.5406000000000001,0.5559500000000004,0.5713000000000007,0.5788000000000006,0.5863000000000007,0.5938000000000008,0.6013000000000007,0.6027250000000006,0.6041500000000004,0.6055750000000002,0.6070000000000001,0.597,0.587,0.577,0.5670000000000001,0.5416500000000004,0.5163000000000006,0.490950000000001,0.4656000000000013
3.44,0.01,0.017200000000000017,0.024400000000000033,0.045000000000000095,0.06560000000000016,0.0945000000000002,0.12340000000000025,0.1523000000000003,0.18120000000000033,0.2115000000000004,0.2418000000000005,0.27210000000000056,0.30240000000000067,0.3302000000000003,0.358,0.3857999999999997,0.4135999999999994,0.43749999999999944,0.4613999999999995,0.4852999999999995,0.5091999999999995,0.5244999999999997,0.5398000000000001,0.5551000000000004,0.5704000000000007,0.5779000000000006,0.5854000000000006,0.5929000000000006,0.6004000000000007,0.6018000000000006,0.6032000000000004,0.6046000000000002,0.6060000000000001,0.5960000000000001,0.5860000000000001,0.5760000000000001,0.5660000000000001,0.5407000000000003,0.5154000000000005,0.49010000000000087,0.46480000000000127
3.45,0.01,0.017250000000000015,0.024500000000000032,0.045000000000000095,0.06550000000000016,0.09437500000000021,0.12325000000000025,0.1521250000000003,0.18100000000000033,0.21125000000000038,0.24150000000000046,0.27175000000000055,0.30200000000000066,0.3297500000000003,0.35750000000000004,0.38524999999999976,0.4129999999999994,0.43687499999999946,0.46074999999999944,0.4846249999999995,0.5084999999999995,0.5237499999999997,0.539,0.5542500000000004,0.5695000000000007,0.5770000000000006,0.5845000000000007,0.5920000000000007,0.5995000000000007,0.6008750000000005,0.6022500000000004,0.6036250000000003,0.6050000000000001,0.595,0.585,0.575,0.5650000000000001,0.5397500000000004,0.5145000000000006,0.48925000000000096,0.46400000000000124
3.46,0.01,0.017300000000000017,0.02460000000000003,0.045000000000000095,0.06540000000000015,0.0942500000000002,0.12310000000000024,0.15195000000000028,0.18080000000000032,0.2110000000000004,0.24120000000000047,0.27140000000000053,0.30160000000000065,0.3293000000000003,0.357,0.3846999999999997,0.41239999999999943,0.4362499999999994,0.4600999999999994,0.48394999999999944,0.5077999999999995,0.5229999999999997,0.5382,0.5534000000000003,0.5686000000000007,0.5761000000000006,0.5836000000000006,0.5911000000000006,0.5986000000000007,0.5999500000000004,0.6013000000000003,0.6026500000000001,0.6040000000000001,0.5940000000000001,0.5840000000000001,0.5740000000000001,0.5640000000000001,0.5388000000000003,0.5136000000000005,0.48840000000000083,0.4632000000000012
3.47,0.01,0.017350000000000015,0.02470000000000003,0.045000000000000095,0.06530000000000015,0.09412500000000018,0.12295000000000023,0.15177500000000027,0.18060000000000032,0.21075000000000038,0.24090000000000047,0.27105000000000057,0.30120000000000063,0.3288500000000003,0.35650000000000004,0.38414999999999977,0.41179999999999944,0.4356249999999994,0.45944999999999936,0.4832749999999994,0.5070999999999994,0.5222499999999997,0.5374,0.5525500000000003,0.5677000000000006,0.5752000000000006,0.5827000000000007,0.5902000000000007,0.5977000000000007,0.5990250000000006,0.6003500000000004,0.6016750000000002,0.6030000000000001,0.593,0.583,0.573,0.5630000000000001,0.5378500000000004,0.5127000000000006,0.4875500000000009,0.4624000000000012
3.48,0.01,0.017400000000000016,0.02480000000000003,0.04500000000000009,0.06520000000000015,0.0940000000000002,0.12280000000000023,0.15160000000000026,0.1804000000000003,0.21050000000000035,0.24060000000000042,0.2707000000000005,0.3008000000000006,0.3284000000000003,0.356,0.3835999999999997,0.41119999999999945,0.4349999999999994,0.4587999999999994,0.48259999999999936,0.5063999999999994,0.5214999999999996,0.5366,0.5517000000000003,0.5668000000000006,0.5743000000000006,0.5818000000000005,0.5893000000000006,0.5968000000000007,0.5981000000000005,0.5994000000000004,0.6007000000000002,0.6020000000000001,0.5920000000000001,0.5820000000000001,0.5720000000000001,0.562,0.5369000000000003,0.5118000000000005,0.4867000000000008,0.4616000000000012
3.49,0.01,0.017450000000000014,0.02490000000000003,0.04500000000000008,0.06510000000000014,0.09387500000000018,0.12265000000000023,0.15142500000000025,0.1802000000000003,0.21025000000000038,0.24030000000000046,0.27035000000000053,0.3004000000000006,0.3279500000000003,0.35550000000000004,0.3830499999999998,0.41059999999999947,0.4343749999999994,0.4581499999999994,0.4819249999999994,0.5056999999999994,0.5207499999999996,0.5357999999999999,0.5508500000000003,0.5659000000000006,0.5734000000000006,0.5809000000000006,0.5884000000000007,0.5959000000000007,0.5971750000000005,0.5984500000000004,0.5997250000000003,0.6010000000000001,0.591,0.581,0.571,0.561,0.5359500000000004,0.5109000000000006,0.4858500000000009,0.46080000000000115
3.5,0.01,0.017500000000000016,0.02500000000000003,0.04500000000000008,0.06500000000000014,0.09375000000000018,0.12250000000000022,0.15125000000000027,0.1800000000000003,0.21000000000000035,0.24000000000000044,0.2700000000000005,0.3000000000000006,0.3275000000000003,0.355,0.38249999999999973,0.4099999999999995,0.4337499999999994,0.45749999999999935,0.48124999999999934,0.5049999999999993,0.5199999999999996,0.5349999999999999,0.5500000000000003,0.5650000000000006,0.5725000000000006,0.5800000000000005,0.5875000000000006,0.5950000000000006,0.5962500000000004,0.5975000000000003,0.5987500000000001,0.6000000000000001,0.5900000000000001,0.5800000000000001,0.5700000000000001,0.56,0.5350000000000003,0.5100000000000005,0.48500000000000076,0.46000000000000113
3.51,0.01,0.017550000000000014,0.02510000000000003,0.04500000000000008,0.06490000000000014,0.09362500000000018,0.12235000000000021,0.15107500000000024,0.1798000000000003,0.20975000000000035,0.2397000000000004,0.2696500000000005,0.2996000000000006,0.3270500000000003,0.35450000000000004,0.3819499999999998,0.4093999999999995,0.4331249999999994,0.45684999999999937,0.4805749999999993,0.5042999999999993,0.5192499999999995,0.5341999999999999,0.5491500000000002,0.5641000000000006,0.5716000000000006,0.5791000000000006,0.5866000000000007,0.5941000000000006,0.5953250000000005,0.5965500000000004,0.5977750000000002,0.5990000000000001,0.589,0.579,0.569,0.559,0.5340500000000004,0.5091000000000006,0.48415000000000086,0.4592000000000011
3.52,0.01,0.017600000000000015,0.025200000000000028,0.04500000000000008,0.06480000000000014,0.09350000000000017,0.12220000000000021,0.15090000000000026,0.1796000000000003,0.20950000000000035,0.23940000000000042,0.2693000000000005,0.2992000000000006,0.3266000000000003,0.354,0.38139999999999974,0.4087999999999995,0.43249999999999944,0.4561999999999994,0.4798999999999993,0.5035999999999993,0.5184999999999995,0.5333999999999999,0.5483000000000002,0.5632000000000006,0.5707000000000005,0.5782000000000005,0.5857000000000006,0.5932000000000006,0.5944000000000005,0.5956000000000004,0.5968000000000002,0.5980000000000001,0.5880000000000001,0.5780000000000001,0.5680000000000001,0.558,0.5331000000000002,0.5082000000000004,0.48330000000000073,0.4584000000000011
3.53,0.01,0.017650000000000013,0.025300000000000027,0.04500000000000008,0.06470000000000013,0.09337500000000018,0.12205000000000021,0.15072500000000025,0.17940000000000028,0.20925000000000032,0.2391000000000004,0.26895000000000047,0.29880000000000057,0.3261500000000003,0.35350000000000004,0.3808499999999998,0.4081999999999995,0.43187499999999945,0.45554999999999934,0.4792249999999993,0.5028999999999992,0.5177499999999995,0.5325999999999999,0.5474500000000002,0.5623000000000006,0.5698000000000005,0.5773000000000006,0.5848000000000007,0.5923000000000006,0.5934750000000004,0.5946500000000003,0.5958250000000003,0.5970000000000001,0.587,0.577,0.567,0.557,0.5321500000000003,0.5073000000000005,0.4824500000000008,0.45760000000000106
3.54,0.01,0.017700000000000014,0.025400000000000027,0.04500000000000008,0.06460000000000013,0.09325000000000017,0.1219000000000002,0.15055000000000024,0.17920000000000028,0.20900000000000035,0.23880000000000043,0.2686000000000005,0.29840000000000055,0.32570000000000027,0.353,0.38029999999999975,0.4075999999999995,0.4312499999999994,0.4548999999999993,0.47854999999999925,0.5021999999999992,0.5169999999999995,0.5317999999999998,0.5466000000000002,0.5614000000000006,0.5689000000000005,0.5764000000000005,0.5839000000000005,0.5914000000000006,0.5925500000000004,0.5937000000000002,0.5948500000000001,0.5960000000000001,0.5860000000000001,0.5760000000000001,0.5660000000000001,0.556,0.5312000000000002,0.5064000000000004,0.4816000000000007,0.45680000000000104
3.55,0.01,0.017750000000000012,0.025500000000000026,0.04500000000000008,0.06450000000000013,0.09312500000000015,0.12175000000000019,0.15037500000000023,0.17900000000000027,0.20875000000000032,0.23850000000000038,0.26825000000000043,0.29800000000000054,0.32525000000000026,0.35250000000000004,0.3797499999999998,0.40699999999999953,0.43062499999999937,0.45424999999999927,0.4778749999999992,0.5014999999999992,0.5162499999999994,0.5309999999999998,0.5457500000000002,0.5605000000000006,0.5680000000000005,0.5755000000000006,0.5830000000000006,0.5905000000000006,0.5916250000000005,0.5927500000000003,0.5938750000000002,0.5950000000000001,0.585,0.575,0.565,0.555,0.5302500000000003,0.5055000000000005,0.4807500000000008,0.456000000000001
3.56,0.01,0.017800000000000014,0.025600000000000026,0.045000000000000075,0.06440000000000012,0.09300000000000017,0.1216000000000002,0.15020000000000022,0.17880000000000026,0.20850000000000035,0.2382000000000004,0.26790000000000047,0.29760000000000053,0.32480000000000026,0.352,0.37919999999999976,0.40639999999999954,0.4299999999999994,0.4535999999999993,0.4771999999999992,0.5007999999999991,0.5154999999999994,0.5301999999999998,0.5449000000000002,0.5596000000000005,0.5671000000000005,0.5746000000000004,0.5821000000000005,0.5896000000000006,0.5907000000000004,0.5918000000000003,0.5929000000000002,0.5940000000000001,0.5840000000000001,0.5740000000000001,0.5640000000000001,0.554,0.5293000000000002,0.5046000000000004,0.47990000000000066,0.455200000000001
3.57,0.01,0.01785000000000001,0.025700000000000025,0.04500000000000007,0.06430000000000012,0.09287500000000015,0.1214500000000002,0.15002500000000024,0.17860000000000026,0.2082500000000003,0.23790000000000033,0.2675500000000004,0.2972000000000005,0.32435000000000025,0.35150000000000003,0.3786499999999998,0.40579999999999955,0.4293749999999994,0.4529499999999993,0.4765249999999992,0.5000999999999991,0.5147499999999994,0.5293999999999998,0.5440500000000001,0.5587000000000005,0.5662000000000005,0.5737000000000005,0.5812000000000006,0.5887000000000006,0.5897750000000004,0.5908500000000003,0.5919250000000003,0.5930000000000001,0.583,0.573,0.563,0.553,0.5283500000000003,0.5037000000000005,0.47905000000000075,0.45440000000000097
3.58,0.01,0.017900000000000013,0.025800000000000024,0.04500000000000007,0.06420000000000012,0.09275000000000015,0.12130000000000019,0.1498500000000002,0.17840000000000025,0.2080000000000003,0.23760000000000037,0.26720000000000044,0.2968000000000005,0.32390000000000024,0.351,0.37809999999999977,0.40519999999999956,0.4287499999999994,0.45229999999999926,0.47584999999999916,0.49939999999999907,0.5139999999999993,0.5285999999999997,0.5432000000000001,0.5578000000000005,0.5653000000000005,0.5728000000000004,0.5803000000000005,0.5878000000000005,0.5888500000000003,0.5899000000000002,0.5909500000000001,0.5920000000000001,0.5820000000000001,0.5720000000000001,0.562,0.552,0.5274000000000002,0.5028000000000004,0.4782000000000006,0.45360000000000095
3.59,0.01,0.017950000000000015,0.025900000000000024,0.04500000000000007,0.06410000000000012,0.09262500000000015,0.12115000000000017,0.14967500000000022,0.17820000000000025,0.2077500000000003,0.23730000000000034,0.2668500000000004,0.2964000000000005,0.32345000000000024,0.35050000000000003,0.37754999999999983,0.40459999999999957,0.4281249999999994,0.45164999999999933,0.47517499999999924,0.4986999999999991,0.5132499999999994,0.5277999999999998,0.5423500000000001,0.5569000000000005,0.5644000000000005,0.5719000000000005,0.5794000000000006,0.5869000000000005,0.5879250000000005,0.5889500000000003,0.5899750000000001,0.5910000000000001,0.581,0.571,0.5609999999999999,0.551,0.5264500000000003,0.5019000000000005,0.4773500000000007,0.4528000000000009
3.6,0.01,0.01800000000000001,0.026000000000000023,0.04500000000000007,0.06400000000000011,0.09250000000000014,0.12100000000000018,0.14950000000000022,0.17800000000000024,0.2075000000000003,0.23700000000000035,0.2665000000000004,0.2960000000000005,0.32300000000000023,0.35,0.3769999999999998,0.4039999999999996,0.42749999999999944,0.4509999999999993,0.4744999999999992,0.4979999999999991,0.5124999999999994,0.5269999999999997,0.5415000000000001,0.5560000000000005,0.5635000000000004,0.5710000000000004,0.5785000000000005,0.5860000000000005,0.5870000000000004,0.5880000000000003,0.5890000000000002,0.5900000000000001,0.5800000000000001,0.5700000000000001,0.56,0.55,0.5255000000000002,0.5010000000000003,0.4765000000000006,0.4520000000000009
3.61,0.01,0.01805000000000001,0.026100000000000022,0.04500000000000007,0.06390000000000011,0.09237500000000015,0.12085000000000018,0.1493250000000002,0.17780000000000024,0.20725000000000027,0.23670000000000033,0.2661500000000004,0.2956000000000005,0.3225500000000002,0.34950000000000003,0.37644999999999984,0.4033999999999996,0.42687499999999945,0.45034999999999936,0.4738249999999993,0.49729999999999913,0.5117499999999995,0.5261999999999998,0.5406500000000001,0.5551000000000005,0.5626000000000004,0.5701000000000005,0.5776000000000006,0.5851000000000005,0.5860750000000003,0.5870500000000003,0.5880250000000002,0.5890000000000001,0.579,0.569,0.5589999999999999,0.549,0.5245500000000003,0.5001000000000004,0.4756500000000007,0.4512000000000009
3.62,0.01,0.018100000000000012,0.026200000000000022,0.04500000000000007,0.0638000000000001,0.09225000000000014,0.12070000000000017,0.1491500000000002,0.17760000000000023,0.2070000000000003,0.23640000000000033,0.26580000000000037,0.29520000000000046,0.3221000000000002,0.349,0.3758999999999998,0.4027999999999996,0.42624999999999946,0.4496999999999993,0.47314999999999924,0.49659999999999915,0.5109999999999995,0.5253999999999998,0.5398000000000001,0.5542000000000005,0.5617000000000004,0.5692000000000004,0.5767000000000004,0.5842000000000005,0.5851500000000003,0.5861000000000002,0.5870500000000001,0.5880000000000001,0.5780000000000001,0.5680000000000001,0.558,0.548,0.5236000000000003,0.4992000000000005,0.47480000000000067,0.45040000000000086
3.63,0.01,0.018150000000000013,0.02630000000000002,0.04500000000000007,0.0637000000000001,0.09212500000000012,0.12055000000000016,0.1489750000000002,0.17740000000000022,0.20675000000000027,0.23610000000000034,0.2654500000000004,0.29480000000000045,0.3216500000000002,0.34850000000000003,0.37534999999999985,0.4021999999999996,0.4256249999999995,0.4490499999999994,0.4724749999999993,0.4958999999999992,0.5102499999999994,0.5245999999999997,0.53895,0.5533000000000005,0.5608000000000004,0.5683000000000005,0.5758000000000005,0.5833000000000005,0.5842250000000004,0.5851500000000003,0.5860750000000001,0.5870000000000001,0.577,0.567,0.5569999999999999,0.547,0.5226500000000003,0.49830000000000046,0.47395000000000065,0.44960000000000083
3.64,0.01,0.018200000000000008,0.02640000000000002,0.04500000000000006,0.0636000000000001,0.09200000000000014,0.12040000000000016,0.14880000000000018,0.17720000000000022,0.20650000000000024,0.2358000000000003,0.26510000000000034,0.29440000000000044,0.3212000000000002,0.348,0.3747999999999998,0.4015999999999996,0.4249999999999995,0.44839999999999935,0.4717999999999993,0.4951999999999992,0.5094999999999994,0.5237999999999997,0.5381,0.5524000000000004,0.5599000000000004,0.5674000000000003,0.5749000000000004,0.5824000000000005,0.5833000000000004,0.5842000000000003,0.5851000000000002,0.5860000000000001,0.5760000000000001,0.5660000000000001,0.556,0.546,0.5217000000000003,0.49740000000000045,0.47310000000000063,0.4488000000000008
3.65,0.01,0.01825000000000001,0.02650000000000002,0.045000000000000054,0.0635000000000001,0.09187500000000012,0.12025000000000016,0.14862500000000017,0.1770000000000002,0.20625000000000027,0.23550000000000032,0.2647500000000004,0.2940000000000004,0.3207500000000002,0.34750000000000003,0.37424999999999986,0.40099999999999963,0.4243749999999995,0.4477499999999994,0.47112499999999935,0.4944999999999992,0.5087499999999995,0.5229999999999997,0.53725,0.5515000000000004,0.5590000000000004,0.5665000000000004,0.5740000000000005,0.5815000000000005,0.5823750000000003,0.5832500000000003,0.5841250000000002,0.5850000000000001,0.575,0.565,0.5549999999999999,0.545,0.5207500000000003,0.49650000000000044,0.4722500000000006,0.4480000000000008
3.66,0.01,0.01830000000000001,0.02660000000000002,0.045000000000000054,0.0634000000000001,0.09175000000000012,0.12010000000000015,0.1484500000000002,0.1768000000000002,0.20600000000000024,0.2352000000000003,0.26440000000000036,0.2936000000000004,0.3203000000000002,0.347,0.3736999999999998,0.40039999999999965,0.4237499999999995,0.4470999999999994,0.4704499999999993,0.49379999999999924,0.5079999999999996,0.5221999999999998,0.5364000000000001,0.5506000000000004,0.5581000000000004,0.5656000000000003,0.5731000000000004,0.5806000000000004,0.5814500000000002,0.5823000000000002,0.5831500000000001,0.5840000000000001,0.5740000000000001,0.5640000000000001,0.554,0.544,0.5198000000000003,0.49560000000000043,0.4714000000000006,0.44720000000000076
3.67,0.01,0.018350000000000012,0.02670000000000002,0.045000000000000054,0.06330000000000009,0.09162500000000012,0.11995000000000014,0.14827500000000016,0.1766000000000002,0.20575000000000024,0.23490000000000028,0.26405000000000034,0.2932000000000004,0.3198500000000002,0.34650000000000003,0.37314999999999987,0.39979999999999966,0.42312499999999953,0.44644999999999946,0.4697749999999994,0.49309999999999926,0.5072499999999994,0.5213999999999996,0.53555,0.5497000000000004,0.5572000000000004,0.5647000000000004,0.5722000000000005,0.5797000000000004,0.5805250000000004,0.5813500000000003,0.5821750000000001,0.5830000000000001,0.573,0.563,0.5529999999999999,0.543,0.5188500000000003,0.4947000000000004,0.4705500000000006,0.44640000000000074
3.68,0.01,0.018400000000000007,0.026800000000000018,0.045000000000000054,0.06320000000000009,0.09150000000000011,0.11980000000000014,0.14810000000000018,0.1764000000000002,0.20550000000000024,0.23460000000000028,0.2637000000000003,0.2928000000000004,0.3194000000000002,0.346,0.3725999999999998,0.39919999999999967,0.42249999999999954,0.4457999999999994,0.46909999999999935,0.4923999999999993,0.5064999999999995,0.5205999999999997,0.5347000000000001,0.5488000000000004,0.5563000000000003,0.5638000000000003,0.5713000000000004,0.5788000000000004,0.5796000000000003,0.5804000000000002,0.5812000000000002,0.5820000000000001,0.5720000000000001,0.562,0.552,0.542,0.5179000000000002,0.4938000000000004,0.46970000000000056,0.4456000000000007
3.69,0.01,0.018450000000000008,0.026900000000000018,0.045000000000000054,0.06310000000000009,0.09137500000000012,0.11965000000000015,0.14792500000000017,0.1762000000000002,0.2052500000000002,0.23430000000000026,0.2633500000000003,0.2924000000000004,0.3189500000000002,0.34550000000000003,0.3720499999999999,0.3985999999999997,0.42187499999999956,0.4451499999999995,0.4684249999999994,0.4916999999999993,0.5057499999999996,0.5197999999999998,0.5338500000000002,0.5479000000000004,0.5554000000000003,0.5629000000000004,0.5704000000000005,0.5779000000000004,0.5786750000000003,0.5794500000000002,0.5802250000000002,0.5810000000000001,0.571,0.5609999999999999,0.5509999999999999,0.541,0.5169500000000002,0.4929000000000004,0.46885000000000054,0.4448000000000007
3.7,0.01,0.01850000000000001,0.027000000000000017,0.045000000000000054,0.06300000000000008,0.09125000000000011,0.11950000000000013,0.14775000000000016,0.17600000000000018,0.20500000000000024,0.2340000000000003,0.26300000000000034,0.29200000000000037,0.31850000000000017,0.345,0.37149999999999983,0.3979999999999997,0.42124999999999957,0.44449999999999945,0.4677499999999994,0.4909999999999993,0.5049999999999994,0.5189999999999997,0.533,0.5470000000000004,0.5545000000000003,0.5620000000000003,0.5695000000000003,0.5770000000000004,0.5777500000000002,0.5785000000000001,0.57925,0.5800000000000001,0.5700000000000001,0.56,0.55,0.54,0.5160000000000002,0.4920000000000004,0.4680000000000005,0.44400000000000067
3.71,0.01,0.01855000000000001,0.027100000000000016,0.045000000000000054,0.06290000000000008,0.0911250000000001,0.11935000000000012,0.14757500000000015,0.17580000000000018,0.2047500000000002,0.23370000000000024,0.26265000000000027,0.29160000000000036,0.31805000000000017,0.34450000000000003,0.3709499999999999,0.3973999999999997,0.4206249999999996,0.4438499999999995,0.46707499999999946,0.49029999999999935,0.5042499999999995,0.5181999999999998,0.5321500000000001,0.5461000000000004,0.5536000000000003,0.5611000000000004,0.5686000000000004,0.5761000000000004,0.5768250000000004,0.5775500000000002,0.5782750000000001,0.5790000000000001,0.569,0.5589999999999999,0.5489999999999999,0.539,0.5150500000000002,0.49110000000000037,0.4671500000000005,0.44320000000000065
3.72,0.01,0.018600000000000005,0.027200000000000016,0.04500000000000005,0.06280000000000008,0.09100000000000011,0.11920000000000013,0.14740000000000014,0.17560000000000017,0.20450000000000024,0.23340000000000027,0.2623000000000003,0.29120000000000035,0.31760000000000016,0.344,0.37039999999999984,0.3967999999999997,0.4199999999999996,0.4431999999999995,0.4663999999999994,0.48959999999999937,0.5034999999999996,0.5173999999999999,0.5313000000000001,0.5452000000000004,0.5527000000000003,0.5602000000000003,0.5677000000000003,0.5752000000000004,0.5759000000000003,0.5766000000000002,0.5773000000000001,0.5780000000000001,0.5680000000000001,0.558,0.548,0.538,0.5141000000000002,0.49020000000000036,0.4663000000000005,0.4424000000000006
3.73,0.01,0.018650000000000007,0.027300000000000015,0.04500000000000004,0.06270000000000008,0.0908750000000001,0.11905000000000013,0.14722500000000016,0.17540000000000017,0.20425000000000018,0.2331000000000002,0.26195000000000024,0.29080000000000034,0.31715000000000015,0.3435,0.3698499999999999,0.3961999999999997,0.4193749999999996,0.44254999999999955,0.4657249999999995,0.4888999999999994,0.5027499999999996,0.5165999999999998,0.5304500000000001,0.5443000000000003,0.5518000000000003,0.5593000000000004,0.5668000000000004,0.5743000000000004,0.5749750000000002,0.5756500000000002,0.5763250000000002,0.5770000000000001,0.567,0.5569999999999999,0.5469999999999999,0.537,0.5131500000000002,0.48930000000000035,0.4654500000000005,0.4416000000000006
3.74,0.01,0.01870000000000001,0.027400000000000015,0.04500000000000004,0.06260000000000007,0.0907500000000001,0.11890000000000012,0.14705000000000013,0.17520000000000016,0.20400000000000018,0.23280000000000023,0.2616000000000003,0.2904000000000003,0.31670000000000015,0.34299999999999997,0.36929999999999985,0.39559999999999973,0.4187499999999996,0.4418999999999995,0.46504999999999946,0.4881999999999994,0.5019999999999996,0.5157999999999998,0.5296000000000001,0.5434000000000003,0.5509000000000003,0.5584000000000002,0.5659000000000003,0.5734000000000004,0.5740500000000002,0.5747000000000001,0.57535,0.5760000000000001,0.5660000000000001,0.556,0.546,0.536,0.5122000000000002,0.48840000000000033,0.46460000000000046,0.4408000000000006
3.75,0.01,0.01875000000000001,0.027500000000000014,0.04500000000000004,0.06250000000000007,0.0906250000000001,0.1187500000000001,0.14687500000000014,0.17500000000000016,0.20375000000000018,0.2325000000000002,0.26125000000000026,0.2900000000000003,0.31625000000000014,0.3425,0.3687499999999999,0.39499999999999974,0.41812499999999964,0.4412499999999996,0.46437499999999954,0.48749999999999943,0.5012499999999996,0.5149999999999999,0.52875,0.5425000000000003,0.5500000000000003,0.5575000000000003,0.5650000000000004,0.5725000000000003,0.5731250000000003,0.5737500000000002,0.5743750000000001,0.5750000000000001,0.565,0.5549999999999999,0.5449999999999999,0.535,0.5112500000000002,0.4875000000000003,0.46375000000000044,0.44000000000000056
3.76,0.01,0.018800000000000004,0.027600000000000013,0.04500000000000004,0.062400000000000067,0.09050000000000008,0.11860000000000011,0.14670000000000014,0.17480000000000015,0.20350000000000018,0.2322000000000002,0.26090000000000024,0.2896000000000003,0.31580000000000014,0.34199999999999997,0.36819999999999986,0.39439999999999975,0.41749999999999965,0.44059999999999955,0.4636999999999995,0.48679999999999946,0.5004999999999996,0.5141999999999998,0.5279,0.5416000000000003,0.5491000000000003,0.5566000000000002,0.5641000000000003,0.5716000000000003,0.5722000000000003,0.5728000000000002,0.5734000000000001,0.5740000000000001,0.5640000000000001,0.554,0.544,0.534,0.5103000000000002,0.4866000000000003,0.4629000000000004,0.43920000000000053
3.77,0.01,0.018850000000000006,0.027700000000000013,0.04500000000000004,0.062300000000000064,0.0903750000000001,0.11845000000000011,0.14652500000000013,0.17460000000000014,0.20325000000000015,0.2319000000000002,0.2605500000000002,0.2892000000000003,0.31535000000000013,0.3415,0.3676499999999999,0.39379999999999976,0.41687499999999966,0.4399499999999996,0.4630249999999996,0.4860999999999995,0.4997499999999997,0.5133999999999999,0.52705,0.5407000000000003,0.5482000000000002,0.5557000000000003,0.5632000000000004,0.5707000000000003,0.5712750000000002,0.5718500000000002,0.5724250000000002,0.5730000000000001,0.563,0.5529999999999999,0.5429999999999999,0.533,0.5093500000000002,0.4857000000000003,0.4620500000000004,0.4384000000000005
3.78,0.01,0.018900000000000007,0.027800000000000012,0.04500000000000004,0.06220000000000006,0.09025000000000008,0.1183000000000001,0.14635000000000012,0.17440000000000014,0.20300000000000018,0.2316000000000002,0.2602000000000002,0.2888000000000003,0.3149000000000001,0.34099999999999997,0.36709999999999987,0.39319999999999977,0.4162499999999997,0.4392999999999996,0.46234999999999954,0.4853999999999995,0.49899999999999967,0.5125999999999998,0.5262,0.5398000000000003,0.5473000000000002,0.5548000000000002,0.5623000000000002,0.5698000000000003,0.5703500000000001,0.5709000000000001,0.57145,0.5720000000000001,0.562,0.552,0.542,0.532,0.5084000000000002,0.4848000000000003,0.4612000000000004,0.4376000000000005
3.79,0.01,0.01895000000000001,0.02790000000000001,0.04500000000000004,0.06210000000000006,0.09012500000000007,0.11815000000000009,0.1461750000000001,0.17420000000000013,0.20275000000000015,0.2313000000000002,0.25985000000000025,0.28840000000000027,0.3144500000000001,0.3405,0.36654999999999993,0.3925999999999998,0.4156249999999997,0.43864999999999965,0.4616749999999996,0.4846999999999995,0.49824999999999964,0.5117999999999998,0.52535,0.5389000000000003,0.5464000000000002,0.5539000000000003,0.5614000000000003,0.5689000000000003,0.5694250000000003,0.5699500000000002,0.5704750000000001,0.5710000000000001,0.5609999999999999,0.5509999999999999,0.5409999999999999,0.531,0.5074500000000002,0.4839000000000003,0.46035000000000037,0.43680000000000047
3.8,0.01,0.019000000000000003,0.02800000000000001,0.04500000000000003,0.062000000000000055,0.09000000000000008,0.11800000000000009,0.1460000000000001,0.17400000000000013,0.20250000000000012,0.23100000000000015,0.2595000000000002,0.28800000000000026,0.3140000000000001,0.33999999999999997,0.3659999999999999,0.3919999999999998,0.4149999999999997,0.4379999999999996,0.4609999999999996,0.48399999999999954,0.49749999999999966,0.5109999999999998,0.5245,0.5380000000000003,0.5455000000000002,0.5530000000000002,0.5605000000000002,0.5680000000000003,0.5685000000000002,0.5690000000000002,0.5695000000000001,0.5700000000000001,0.56,0.55,0.54,0.53,0.5065000000000002,0.48300000000000026,0.45950000000000035,0.43600000000000044
3.81,0.01,0.019050000000000004,0.02810000000000001,0.045000000000000026,0.06190000000000005,0.08987500000000007,0.1178500000000001,0.1458250000000001,0.17380000000000012,0.20225000000000015,0.23070000000000018,0.2591500000000002,0.28760000000000024,0.3135500000000001,0.3395,0.36544999999999994,0.3913999999999998,0.4143749999999997,0.4373499999999997,0.46032499999999965,0.48329999999999956,0.4967499999999997,0.5101999999999998,0.52365,0.5371000000000002,0.5446000000000002,0.5521000000000003,0.5596000000000003,0.5671000000000003,0.5675750000000002,0.5680500000000002,0.5685250000000002,0.5690000000000001,0.5589999999999999,0.5489999999999999,0.5389999999999999,0.529,0.5055500000000002,0.48210000000000025,0.45865000000000034,0.4352000000000004
3.82,0.01,0.019100000000000006,0.02820000000000001,0.045000000000000026,0.06180000000000005,0.08975000000000007,0.11770000000000008,0.1456500000000001,0.17360000000000012,0.20200000000000012,0.23040000000000016,0.2588000000000002,0.28720000000000023,0.3131000000000001,0.33899999999999997,0.3648999999999999,0.3907999999999998,0.41374999999999973,0.43669999999999964,0.4596499999999996,0.4825999999999996,0.4959999999999997,0.5093999999999999,0.5228,0.5362000000000002,0.5437000000000002,0.5512000000000001,0.5587000000000002,0.5662000000000003,0.5666500000000001,0.5671,0.56755,0.5680000000000001,0.558,0.548,0.538,0.528,0.5046000000000002,0.48120000000000024,0.4578000000000003,0.4344000000000004
3.83,0.01,0.019150000000000007,0.02830000000000001,0.045000000000000026,0.061700000000000046,0.08962500000000007,0.11755000000000007,0.14547500000000008,0.1734000000000001,0.20175000000000012,0.23010000000000014,0.2584500000000002,0.2868000000000002,0.3126500000000001,0.3385,0.36434999999999995,0.3901999999999998,0.41312499999999974,0.4360499999999997,0.4589749999999997,0.4818999999999996,0.49524999999999963,0.5085999999999997,0.5219499999999999,0.5353000000000002,0.5428000000000002,0.5503000000000002,0.5578000000000003,0.5653000000000002,0.5657250000000003,0.5661500000000002,0.566575,0.5670000000000001,0.5569999999999999,0.5469999999999999,0.5369999999999999,0.527,0.5036500000000002,0.4803000000000002,0.4569500000000003,0.4336000000000004
3.84,0.01,0.019200000000000002,0.02840000000000001,0.045000000000000026,0.061600000000000044,0.08950000000000005,0.11740000000000007,0.1453000000000001,0.1732000000000001,0.20150000000000012,0.22980000000000014,0.25810000000000016,0.2864000000000002,0.3122000000000001,0.33799999999999997,0.3637999999999999,0.38959999999999984,0.41249999999999976,0.4353999999999997,0.45829999999999965,0.48119999999999963,0.4944999999999997,0.5077999999999998,0.5211,0.5344000000000002,0.5419000000000002,0.5494000000000001,0.5569000000000002,0.5644000000000002,0.5648000000000002,0.5652000000000001,0.5656000000000001,0.5660000000000001,0.556,0.546,0.536,0.526,0.5027000000000001,0.4794000000000002,0.4561000000000003,0.43280000000000035
3.85,0.01,0.019250000000000003,0.028500000000000008,0.045000000000000026,0.06150000000000004,0.08937500000000007,0.11725000000000008,0.1451250000000001,0.1730000000000001,0.2012500000000001,0.22950000000000012,0.25775000000000015,0.2860000000000002,0.3117500000000001,0.3375,0.36324999999999996,0.38899999999999985,0.41187499999999977,0.43474999999999975,0.4576249999999997,0.48049999999999965,0.4937499999999998,0.5069999999999999,0.5202500000000001,0.5335000000000002,0.5410000000000001,0.5485000000000002,0.5560000000000003,0.5635000000000002,0.5638750000000001,0.5642500000000001,0.5646250000000002,0.5650000000000001,0.5549999999999999,0.5449999999999999,0.5349999999999999,0.525,0.5017500000000001,0.4785000000000002,0.45525000000000027,0.43200000000000033
3.86,0.01,0.019300000000000005,0.028600000000000007,0.045000000000000026,0.06140000000000004,0.08925000000000005,0.11710000000000007,0.14495000000000008,0.1728000000000001,0.20100000000000012,0.22920000000000015,0.2574000000000002,0.2856000000000002,0.3113000000000001,0.33699999999999997,0.3626999999999999,0.38839999999999986,0.4112499999999998,0.4340999999999997,0.4569499999999997,0.47979999999999967,0.4929999999999998,0.5062,0.5194000000000001,0.5326000000000002,0.5401000000000001,0.5476000000000001,0.5551000000000001,0.5626000000000002,0.5629500000000001,0.5633,0.56365,0.5640000000000001,0.554,0.544,0.534,0.524,0.5008000000000001,0.4776000000000002,0.45440000000000025,0.4312000000000003
3.87,0.01,0.019350000000000006,0.028700000000000007,0.045000000000000026,0.061300000000000035,0.08912500000000004,0.11695000000000005,0.14477500000000007,0.1726000000000001,0.2007500000000001,0.2289000000000001,0.2570500000000001,0.2852000000000002,0.31085000000000007,0.3365,0.36214999999999997,0.38779999999999987,0.4106249999999998,0.4334499999999998,0.45627499999999976,0.4790999999999997,0.49224999999999974,0.5053999999999998,0.5185500000000001,0.5317000000000002,0.5392000000000001,0.5467000000000002,0.5542000000000002,0.5617000000000002,0.5620250000000002,0.5623500000000001,0.562675,0.5630000000000001,0.5529999999999999,0.5429999999999999,0.5329999999999999,0.523,0.49985000000000007,0.4767000000000001,0.45355000000000023,0.4304000000000003
3.88,0.01,0.0194,0.028800000000000006,0.04500000000000002,0.06120000000000003,0.08900000000000005,0.11680000000000006,0.14460000000000006,0.17240000000000008,0.20050000000000012,0.22860000000000014,0.25670000000000015,0.28480000000000016,0.31040000000000006,0.33599999999999997,0.3615999999999999,0.3871999999999999,0.4099999999999998,0.43279999999999974,0.4555999999999997,0.4783999999999997,0.4914999999999998,0.5045999999999999,0.5177,0.5308000000000002,0.5383000000000001,0.5458000000000001,0.5533000000000001,0.5608000000000002,0.5611000000000002,0.5614000000000001,0.5617000000000001,0.562,0.552,0.542,0.532,0.522,0.49890000000000007,0.4758000000000001,0.4527000000000002,0.42960000000000026
3.89,0.01,0.019450000000000002,0.028900000000000006,0.04500000000000001,0.06110000000000003,0.08887500000000004,0.11665000000000006,0.14442500000000008,0.17220000000000008,0.20025000000000007,0.22830000000000006,0.2563500000000001,0.28440000000000015,0.30995000000000006,0.3355,0.36105,0.3865999999999999,0.4093749999999998,0.4321499999999998,0.4549249999999998,0.47769999999999974,0.4907499999999998,0.5037999999999999,0.51685,0.5299000000000001,0.5374000000000001,0.5449000000000002,0.5524000000000002,0.5599000000000002,0.5601750000000001,0.5604500000000001,0.5607250000000001,0.561,0.5509999999999999,0.5409999999999999,0.5309999999999999,0.521,0.49795000000000006,0.4749000000000001,0.4518500000000002,0.42880000000000024
3.9,0.01,0.019500000000000003,0.029000000000000005,0.04500000000000001,0.061000000000000026,0.08875000000000004,0.11650000000000005,0.14425000000000004,0.17200000000000007,0.20000000000000007,0.2280000000000001,0.2560000000000001,0.28400000000000014,0.30950000000000005,0.33499999999999996,0.36049999999999993,0.3859999999999999,0.40874999999999984,0.4314999999999998,0.45424999999999977,0.47699999999999976,0.4899999999999998,0.5029999999999999,0.516,0.5290000000000001,0.5365000000000001,0.544,0.5515000000000001,0.5590000000000002,0.55925,0.5595,0.55975,0.56,0.55,0.54,0.53,0.52,0.49700000000000005,0.4740000000000001,0.4510000000000002,0.4280000000000002
3.91,0.01,0.019550000000000005,0.029100000000000004,0.04500000000000001,0.060900000000000024,0.08862500000000004,0.11635000000000004,0.14407500000000006,0.17180000000000006,0.19975000000000007,0.22770000000000007,0.2556500000000001,0.28360000000000013,0.30905000000000005,0.3345,0.35995,0.3853999999999999,0.40812499999999985,0.43084999999999984,0.45357499999999984,0.4762999999999998,0.48924999999999985,0.5022,0.51515,0.5281000000000001,0.5356000000000001,0.5431000000000001,0.5506000000000002,0.5581000000000002,0.5583250000000002,0.5585500000000001,0.558775,0.559,0.5489999999999999,0.5389999999999999,0.5289999999999999,0.519,0.49605000000000005,0.4731000000000001,0.45015000000000016,0.4272000000000002
3.92,0.01,0.0196,0.029200000000000004,0.04500000000000001,0.06080000000000002,0.08850000000000002,0.11620000000000004,0.14390000000000006,0.17160000000000006,0.19950000000000007,0.22740000000000007,0.2553000000000001,0.2832000000000001,0.30860000000000004,0.33399999999999996,0.35939999999999994,0.3847999999999999,0.40749999999999986,0.4301999999999998,0.4528999999999998,0.4755999999999998,0.4884999999999998,0.5013999999999998,0.5143,0.5272000000000001,0.5347000000000001,0.5422,0.5497000000000001,0.5572000000000001,0.5574000000000001,0.5576000000000001,0.5578000000000001,0.558,0.548,0.538,0.528,0.518,0.49510000000000004,0.47220000000000006,0.44930000000000014,0.42640000000000017
3.93,0.01,0.01965,0.029300000000000003,0.04500000000000001,0.06070000000000002,0.08837500000000004,0.11605000000000004,0.14372500000000005,0.17140000000000005,0.19925000000000004,0.22710000000000005,0.25495000000000007,0.2828000000000001,0.30815000000000003,0.3335,0.35885,0.38419999999999993,0.4068749999999999,0.4295499999999999,0.4522249999999999,0.4748999999999998,0.4877499999999999,0.5005999999999999,0.51345,0.5263000000000001,0.5338,0.5413000000000001,0.5488000000000002,0.5563000000000001,0.556475,0.5566500000000001,0.5568250000000001,0.557,0.5469999999999999,0.5369999999999999,0.5269999999999999,0.517,0.49415000000000003,0.47130000000000005,0.4484500000000001,0.42560000000000014
3.94,0.01,0.019700000000000002,0.029400000000000003,0.04500000000000001,0.060600000000000015,0.08825000000000002,0.11590000000000003,0.14355000000000004,0.17120000000000005,0.19900000000000007,0.22680000000000006,0.25460000000000005,0.2824000000000001,0.30770000000000003,0.33299999999999996,0.35829999999999995,0.38359999999999994,0.4062499999999999,0.42889999999999984,0.45154999999999984,0.47419999999999984,0.4869999999999999,0.4997999999999999,0.5126,0.5254000000000001,0.5329,0.5404,0.5479,0.5554000000000001,0.55555,0.5557,0.55585,0.556,0.546,0.536,0.526,0.516,0.4932,0.47040000000000004,0.4476000000000001,0.4248000000000001
3.95,0.01,0.019750000000000004,0.029500000000000002,0.045000000000000005,0.06050000000000001,0.08812500000000001,0.11575000000000002,0.14337500000000003,0.17100000000000004,0.19875000000000004,0.22650000000000006,0.2542500000000001,0.2820000000000001,0.30725,0.3325,0.35775,0.38299999999999995,0.4056249999999999,0.4282499999999999,0.4508749999999999,0.47349999999999987,0.48624999999999985,0.4989999999999999,0.5117499999999999,0.5245000000000001,0.532,0.5395000000000001,0.5470000000000002,0.5545000000000001,0.5546250000000001,0.5547500000000001,0.554875,0.555,0.5449999999999999,0.5349999999999999,0.5249999999999999,0.515,0.49225,0.46950000000000003,0.4467500000000001,0.4240000000000001
3.96,0.01,0.019799999999999998,0.0296,0.045000000000000005,0.06040000000000001,0.08800000000000002,0.11560000000000002,0.14320000000000002,0.17080000000000004,0.1985,0.2262,0.2539,0.2816000000000001,0.3068,0.33199999999999996,0.35719999999999996,0.38239999999999996,0.4049999999999999,0.42759999999999987,0.4501999999999999,0.4727999999999999,0.4854999999999999,0.49819999999999987,0.5108999999999999,0.5236000000000001,0.5311,0.5386,0.5461,0.5536000000000001,0.5537000000000001,0.5538000000000001,0.5539000000000001,0.554,0.544,0.534,0.524,0.514,0.4913,0.4686,0.4459000000000001,0.4232000000000001
3.97,0.01,0.01985,0.0297,0.045000000000000005,0.060300000000000006,0.08787500000000001,0.11545000000000002,0.143025,0.17060000000000003,0.19825000000000004,0.22590000000000005,0.25355000000000005,0.28120000000000006,0.30635,0.3315,0.35665,0.3818,0.40437499999999993,0.42694999999999994,0.44952499999999995,0.4720999999999999,0.4847499999999999,0.49739999999999995,0.51005,0.5227,0.5302,0.5377000000000001,0.5452000000000001,0.5527000000000001,0.552775,0.5528500000000001,0.5529250000000001,0.553,0.5429999999999999,0.5329999999999999,0.5229999999999999,0.513,0.49035,0.4677,0.44505000000000006,0.42240000000000005
3.98,0.01,0.0199,0.0298,0.045,0.060200000000000004,0.08775000000000001,0.11530000000000001,0.14285000000000003,0.17040000000000002,0.198,0.22560000000000002,0.25320000000000004,0.28080000000000005,0.3059,0.33099999999999996,0.35609999999999997,0.3812,0.40374999999999994,0.4262999999999999,0.4488499999999999,0.47139999999999993,0.48399999999999993,0.49659999999999993,0.5092,0.5218,0.5293,0.5367999999999999,0.5443,0.5518000000000001,0.55185,0.5519,0.5519499999999999,0.552,0.542,0.532,0.522,0.512,0.4894,0.4668,0.44420000000000004,0.42160000000000003
3.99,0.01,0.019950000000000002,0.0299,0.045,0.0601,0.08762500000000001,0.11515,0.142675,0.17020000000000002,0.19775,0.2253,0.25285,0.28040000000000004,0.30545,0.3305,0.35555000000000003,0.3806,0.40312499999999996,0.42565,0.448175,0.47069999999999995,0.48324999999999996,0.49579999999999996,0.50835,0.5209,0.5284,0.5359,0.5434000000000001,0.5509000000000001,0.5509250000000001,0.55095,0.550975,0.551,0.5409999999999999,0.5309999999999999,0.5209999999999999,0.511,0.48845,0.4659,0.44335,0.4208
4,0.01,0.019999999999999997,0.03,0.045,0.06,0.0875,0.115,0.14250000000000002,0.17,0.1975,0.225,0.2525,0.28,0.305,0.32999999999999996,0.355,0.38,0.40249999999999997,0.42499999999999993,0.44749999999999995,0.47,0.48249999999999993,0.49499999999999994,0.5075,0.52,0.5275,0.5349999999999999,0.5425,0.55,0.55,0.55,0.55,0.55,0.54,0.53,0.52,0.51,0.4875,0.46499999999999997,0.4425,0.42
4.01,0.01,0.019999999999999997,0.03,0.045,0.06,0.08745000000000014,0.11490000000000028,0.14235000000000042,0.16980000000000056,0.19729999999999986,0.2247999999999992,0.2522999999999985,0.27979999999999783,0.3047749999999989,0.32975,0.35472500000000107,0.3797000000000022,0.4021500000000017,0.4246000000000011,0.44705000000000056,0.46950000000000003,0.48199999999999943,0.4944999999999989,0.5069999999999983,0.5194999999999979,0.5269749999999992,0.5344500000000005,0.541925000000002,0.5494000000000036,0.5494000000000034,0.5494000000000034,0.5494000000000034,0.5494000000000036,0.5394000000000025,0.5294000000000016,0.5194000000000007,0.5093999999999999,0.4869249999999999,0.4644499999999999,0.441975,0.41950000000000004
4.02,0.01,0.019999999999999997,0.03,0.045,0.06,0.08740000000000014,0.11480000000000028,0.1422000000000004,0.16960000000000056,0.1970999999999999,0.22459999999999922,0.25209999999999855,0.27959999999999785,0.3045499999999989,0.32949999999999996,0.35445000000000104,0.3794000000000022,0.4018000000000016,0.4242000000000011,0.44660000000000055,0.46900000000000003,0.4814999999999995,0.49399999999999894,0.5064999999999984,0.5189999999999979,0.5264499999999992,0.5339000000000006,0.541350000000002,0.5488000000000035,0.5488000000000035,0.5488000000000035,0.5488000000000035,0.5488000000000035,0.5388000000000025,0.5288000000000015,0.5188000000000006,0.5087999999999998,0.48634999999999984,0.46389999999999987,0.44144999999999995,0.41900000000000004
4.03,0.01,0.019999999999999997,0.03,0.045,0.06,0.08735000000000014,0.11470000000000027,0.1420500000000004,0.16940000000000055,0.19689999999999985,0.22439999999999918,0.2518999999999985,0.2793999999999979,0.3043249999999989,0.32924999999999993,0.354175000000001,0.37910000000000216,0.40145000000000164,0.42380000000000106,0.44615000000000055,0.4685,0.4809999999999995,0.49349999999999894,0.5059999999999985,0.518499999999998,0.5259249999999993,0.5333500000000007,0.540775000000002,0.5482000000000035,0.5482000000000034,0.5482000000000034,0.5482000000000034,0.5482000000000035,0.5382000000000025,0.5282000000000016,0.5182000000000007,0.5081999999999998,0.4857749999999998,0.4633499999999998,0.4409249999999999,0.41850000000000004
4.04,0.01,0.019999999999999997,0.03,0.045,0.06,0.08730000000000013,0.11460000000000027,0.14190000000000041,0.16920000000000054,0.19669999999999987,0.2241999999999992,0.25169999999999854,0.2791999999999979,0.3040999999999989,0.32899999999999996,0.35390000000000105,0.37880000000000214,0.40110000000000157,0.42340000000000105,0.44570000000000054,0.468,0.4804999999999995,0.492999999999999,0.5054999999999985,0.517999999999998,0.5253999999999993,0.5328000000000006,0.540200000000002,0.5476000000000034,0.5476000000000034,0.5476000000000034,0.5476000000000034,0.5476000000000034,0.5376000000000024,0.5276000000000014,0.5176000000000005,0.5075999999999997,0.48519999999999974,0.4627999999999998,0.4403999999999999,0.41800000000000004
4.05,0.01,0.019999999999999997,0.03,0.045,0.06,0.08725000000000013,0.11450000000000027,0.1417500000000004,0.16900000000000054,0.19649999999999987,0.2239999999999992,0.25149999999999856,0.2789999999999979,0.30387499999999895,0.32875,0.3536250000000011,0.3785000000000021,0.4007500000000016,0.42300000000000104,0.44525000000000053,0.4675,0.47999999999999954,0.49249999999999905,0.5049999999999986,0.5174999999999981,0.5248749999999993,0.5322500000000007,0.539625000000002,0.5470000000000034,0.5470000000000033,0.5470000000000033,0.5470000000000033,0.5470000000000034,0.5370000000000024,0.5270000000000015,0.5170000000000006,0.5069999999999997,0.48462499999999975,0.4622499999999998,0.4398749999999999,0.41750000000000004
4.06,0.01,0.019999999999999997,0.03,0.045,0.06,0.08720000000000014,0.11440000000000027,0.1416000000000004,0.16880000000000053,0.19629999999999986,0.22379999999999922,0.2512999999999986,0.27879999999999794,0.303649999999999,0.3285,0.35335000000000105,0.3782000000000021,0.40040000000000153,0.42260000000000103,0.44480000000000053,0.467,0.4794999999999996,0.4919999999999991,0.5044999999999986,0.5169999999999981,0.5243499999999994,0.5317000000000007,0.539050000000002,0.5464000000000033,0.5464000000000033,0.5464000000000033,0.5464000000000033,0.5464000000000033,0.5364000000000023,0.5264000000000013,0.5164000000000004,0.5063999999999996,0.4840499999999997,0.4616999999999998,0.4393499999999999,0.41700000000000004
4.07,0.01,0.019999999999999997,0.03,0.045,0.06,0.08715000000000013,0.11430000000000026,0.1414500000000004,0.16860000000000053,0.19609999999999986,0.2235999999999992,0.25109999999999855,0.27859999999999796,0.30342499999999895,0.32825,0.353075000000001,0.37790000000000207,0.40005000000000157,0.422200000000001,0.4443500000000005,0.4665,0.47899999999999954,0.4914999999999991,0.5039999999999987,0.5164999999999982,0.5238249999999994,0.5311500000000007,0.538475000000002,0.5458000000000033,0.5458000000000032,0.5458000000000032,0.5458000000000032,0.5458000000000033,0.5358000000000023,0.5258000000000014,0.5158000000000005,0.5057999999999996,0.48347499999999966,0.4611499999999998,0.4388249999999999,0.41650000000000004
4.08,0.01,0.019999999999999997,0.03,0.045,0.06,0.08710000000000012,0.11420000000000026,0.1413000000000004,0.16840000000000052,0.19589999999999985,0.2233999999999992,0.25089999999999857,0.278399999999998,0.30319999999999897,0.32799999999999996,0.352800000000001,0.37760000000000205,0.3997000000000015,0.421800000000001,0.4439000000000005,0.466,0.4784999999999996,0.49099999999999916,0.5034999999999987,0.5159999999999982,0.5232999999999994,0.5306000000000006,0.5379000000000019,0.5452000000000032,0.5452000000000032,0.5452000000000032,0.5452000000000032,0.5452000000000032,0.5352000000000022,0.5252000000000012,0.5152000000000003,0.5051999999999995,0.48289999999999966,0.4605999999999998,0.4382999999999999,0.41600000000000004
4.09,0.01,0.019999999999999997,0.03,0.045,0.06,0.08705000000000013,0.11410000000000026,0.1411500000000004,0.16820000000000052,0.19569999999999987,0.22319999999999923,0.2506999999999986,0.278199999999998,0.302974999999999,0.32775,0.352525000000001,0.377300000000002,0.39935000000000154,0.421400000000001,0.4434500000000005,0.4655,0.47799999999999954,0.4904999999999991,0.5029999999999987,0.5154999999999983,0.5227749999999994,0.5300500000000006,0.5373250000000018,0.5446000000000032,0.5446000000000031,0.5446000000000031,0.5446000000000031,0.5446000000000032,0.5346000000000022,0.5246000000000013,0.5146000000000004,0.5045999999999995,0.4823249999999996,0.46004999999999974,0.4377749999999999,0.41550000000000004
4.1,0.01,0.019999999999999997,0.03,0.045,0.06,0.08700000000000013,0.11400000000000025,0.14100000000000038,0.1680000000000005,0.1954999999999999,0.22299999999999925,0.2504999999999986,0.277999999999998,0.30274999999999896,0.32749999999999996,0.35225000000000095,0.377000000000002,0.39900000000000146,0.421000000000001,0.4430000000000005,0.465,0.4774999999999996,0.48999999999999916,0.5024999999999987,0.5149999999999983,0.5222499999999994,0.5295000000000006,0.5367500000000018,0.5440000000000031,0.5440000000000031,0.5440000000000031,0.5440000000000031,0.5440000000000031,0.5340000000000021,0.5240000000000011,0.5140000000000002,0.5039999999999994,0.48174999999999957,0.4594999999999997,0.43724999999999986,0.41500000000000004
4.11,0.01,0.019999999999999997,0.03,0.045,0.06,0.08695000000000012,0.11390000000000025,0.14085000000000036,0.1678000000000005,0.19529999999999986,0.22279999999999925,0.25029999999999863,0.27779999999999805,0.302524999999999,0.32724999999999993,0.3519750000000009,0.376700000000002,0.3986500000000015,0.420600000000001,0.4425500000000005,0.4645,0.4769999999999996,0.48949999999999916,0.5019999999999988,0.5144999999999984,0.5217249999999996,0.5289500000000007,0.5361750000000018,0.5434000000000031,0.543400000000003,0.543400000000003,0.543400000000003,0.5434000000000031,0.5334000000000021,0.5234000000000012,0.5134000000000003,0.5033999999999994,0.4811749999999995,0.45894999999999964,0.4367249999999998,0.41450000000000004
4.12,0.01,0.019999999999999997,0.03,0.045,0.06,0.08690000000000012,0.11380000000000025,0.14070000000000038,0.1676000000000005,0.19509999999999988,0.22259999999999927,0.25009999999999866,0.27759999999999807,0.302299999999999,0.32699999999999996,0.35170000000000096,0.37640000000000196,0.39830000000000143,0.42020000000000096,0.4421000000000005,0.464,0.4764999999999996,0.4889999999999992,0.5014999999999988,0.5139999999999985,0.5211999999999996,0.5284000000000006,0.5356000000000019,0.5428000000000031,0.5428000000000031,0.5428000000000031,0.5428000000000031,0.5428000000000031,0.532800000000002,0.522800000000001,0.5128000000000001,0.5027999999999994,0.48059999999999947,0.45839999999999964,0.4361999999999998,0.41400000000000003
4.13,0.01,0.019999999999999997,0.03,0.045,0.06,0.08685000000000012,0.11370000000000025,0.14055000000000037,0.1674000000000005,0.19489999999999988,0.22239999999999926,0.24989999999999868,0.2773999999999981,0.30207499999999904,0.32675,0.351425000000001,0.37610000000000193,0.39795000000000147,0.41980000000000095,0.4416500000000005,0.4635,0.4759999999999996,0.48849999999999916,0.5009999999999988,0.5134999999999985,0.5206749999999996,0.5278500000000007,0.5350250000000019,0.542200000000003,0.5422000000000029,0.5422000000000029,0.5422000000000029,0.542200000000003,0.532200000000002,0.5222000000000011,0.5122000000000002,0.5021999999999993,0.4800249999999995,0.45784999999999965,0.4356749999999998,0.41350000000000003
4.14,0.01,0.019999999999999997,0.03,0.045,0.06,0.08680000000000013,0.11360000000000024,0.14040000000000036,0.1672000000000005,0.19469999999999987,0.2221999999999993,0.2496999999999987,0.2771999999999981,0.30184999999999906,0.3265,0.35115000000000096,0.3758000000000019,0.3976000000000014,0.41940000000000094,0.4412000000000005,0.463,0.4754999999999996,0.4879999999999992,0.5004999999999988,0.5129999999999986,0.5201499999999997,0.5273000000000008,0.5344500000000019,0.541600000000003,0.541600000000003,0.541600000000003,0.541600000000003,0.541600000000003,0.531600000000002,0.521600000000001,0.5116,0.5015999999999993,0.47944999999999943,0.4572999999999996,0.4351499999999998,0.41300000000000003
4.15,0.01,0.019999999999999997,0.03,0.045,0.06,0.08675000000000012,0.11350000000000024,0.14025000000000037,0.16700000000000048,0.1944999999999999,0.2219999999999993,0.24949999999999872,0.27699999999999814,0.30162499999999903,0.32625,0.35087500000000094,0.3755000000000019,0.39725000000000144,0.4190000000000009,0.4407500000000005,0.4625,0.47499999999999964,0.48749999999999927,0.49999999999999895,0.5124999999999986,0.5196249999999997,0.5267500000000007,0.5338750000000019,0.5410000000000029,0.5410000000000028,0.5410000000000028,0.5410000000000028,0.5410000000000029,0.5310000000000019,0.521000000000001,0.5110000000000001,0.5009999999999992,0.4788749999999994,0.4567499999999996,0.4346249999999998,0.41250000000000003
4.16,0.01,0.019999999999999997,0.03,0.045,0.06,0.08670000000000011,0.11340000000000024,0.14010000000000036,0.16680000000000048,0.19429999999999986,0.22179999999999928,0.24929999999999872,0.27679999999999816,0.30139999999999906,0.32599999999999996,0.3506000000000009,0.37520000000000187,0.39690000000000136,0.4186000000000009,0.44030000000000047,0.462,0.4744999999999997,0.4869999999999993,0.499499999999999,0.5119999999999987,0.5190999999999997,0.5262000000000007,0.5333000000000018,0.5404000000000029,0.5404000000000029,0.5404000000000029,0.5404000000000029,0.5404000000000029,0.5304000000000019,0.5204000000000009,0.5104,0.5003999999999992,0.4782999999999994,0.4561999999999996,0.4340999999999998,0.41200000000000003
4.17,0.01,0.019999999999999997,0.03,0.045,0.06,0.08665000000000012,0.11330000000000023,0.13995000000000035,0.16660000000000047,0.19409999999999988,0.2215999999999993,0.24909999999999874,0.2765999999999982,0.3011749999999991,0.32575,0.3503250000000009,0.37490000000000184,0.3965500000000014,0.4182000000000009,0.43985000000000046,0.4615,0.47399999999999964,0.4864999999999993,0.498999999999999,0.5114999999999987,0.5185749999999997,0.5256500000000006,0.5327250000000017,0.5398000000000028,0.5398000000000027,0.5398000000000027,0.5398000000000027,0.5398000000000028,0.5298000000000018,0.5198000000000009,0.5098,0.49979999999999913,0.47772499999999934,0.45564999999999956,0.4335749999999998,0.41150000000000003
4.18,0.01,0.019999999999999997,0.03,0.045,0.06,0.08660000000000012,0.11320000000000023,0.13980000000000034,0.16640000000000046,0.1938999999999999,0.22139999999999932,0.24889999999999876,0.2763999999999982,0.30094999999999905,0.32549999999999996,0.35005000000000086,0.3746000000000018,0.39620000000000133,0.4178000000000009,0.43940000000000046,0.461,0.4734999999999997,0.4859999999999994,0.49849999999999905,0.5109999999999988,0.5180499999999997,0.5251000000000007,0.5321500000000017,0.5392000000000028,0.5392000000000028,0.5392000000000028,0.5392000000000028,0.5392000000000028,0.5292000000000019,0.519200000000001,0.5092000000000001,0.49919999999999914,0.4771499999999993,0.4550999999999995,0.43304999999999977,0.41100000000000003
4.19,0.01,0.019999999999999997,0.03,0.045,0.06,0.08655000000000011,0.11310000000000023,0.13965000000000033,0.16620000000000046,0.19369999999999987,0.2211999999999993,0.24869999999999876,0.2761999999999982,0.3007249999999991,0.32524999999999993,0.34977500000000084,0.3743000000000018,0.39585000000000137,0.4174000000000009,0.43895000000000045,0.4605,0.4729999999999997,0.4854999999999994,0.4979999999999991,0.5104999999999988,0.5175249999999998,0.5245500000000007,0.5315750000000017,0.5386000000000027,0.5386000000000026,0.5386000000000026,0.5386000000000026,0.5386000000000027,0.5286000000000017,0.5186000000000008,0.5085999999999999,0.49859999999999915,0.47657499999999936,0.45454999999999957,0.4325249999999998,0.41050000000000003
4.2,0.01,0.019999999999999997,0.03,0.045,0.06,0.0865000000000001,0.11300000000000023,0.13950000000000035,0.16600000000000045,0.1934999999999999,0.22099999999999934,0.24849999999999878,0.27599999999999825,0.3004999999999991,0.32499999999999996,0.34950000000000087,0.3740000000000018,0.3955000000000013,0.41700000000000087,0.43850000000000044,0.46,0.4724999999999997,0.48499999999999943,0.49749999999999917,0.5099999999999989,0.5169999999999998,0.5240000000000007,0.5310000000000017,0.5380000000000027,0.5380000000000027,0.5380000000000027,0.5380000000000027,0.5380000000000027,0.5280000000000018,0.5180000000000009,0.508,0.49799999999999917,0.4759999999999993,0.4539999999999995,0.4319999999999998,0.41000000000000003
4.21,0.01,0.019999999999999997,0.03,0.045,0.06,0.08645000000000011,0.11290000000000022,0.13935000000000033,0.16580000000000045,0.1932999999999999,0.22079999999999933,0.2482999999999988,0.27579999999999827,0.3002749999999991,0.32475,0.3492250000000009,0.37370000000000175,0.39515000000000133,0.41660000000000086,0.43805000000000044,0.4595,0.47199999999999975,0.4844999999999995,0.4969999999999992,0.509499999999999,0.5164749999999998,0.5234500000000007,0.5304250000000017,0.5374000000000027,0.5374000000000025,0.5374000000000025,0.5374000000000025,0.5374000000000027,0.5274000000000016,0.5174000000000007,0.5074,0.4973999999999992,0.4754249999999994,0.4534499999999996,0.43147499999999983,0.40950000000000003
4.22,0.01,0.019999999999999997,0.03,0.045,0.06,0.08640000000000012,0.11280000000000022,0.13920000000000032,0.16560000000000044,0.19309999999999988,0.22059999999999935,0.24809999999999882,0.2755999999999983,0.30004999999999915,0.3245,0.34895000000000087,0.37340000000000173,0.39480000000000126,0.41620000000000085,0.43760000000000043,0.459,0.4714999999999997,0.48399999999999943,0.4964999999999992,0.508999999999999,0.5159499999999999,0.5229000000000008,0.5298500000000017,0.5368000000000026,0.5368000000000026,0.5368000000000026,0.5368000000000026,0.5368000000000026,0.5268000000000017,0.5168000000000008,0.5068,0.4967999999999992,0.47484999999999933,0.4528999999999995,0.4309499999999998,0.40900000000000003
4.23,0.01,0.019999999999999997,0.03,0.045,0.06,0.08635000000000011,0.11270000000000022,0.13905000000000034,0.16540000000000044,0.1928999999999999,0.22039999999999937,0.24789999999999884,0.2753999999999983,0.2998249999999991,0.32425,0.34867500000000085,0.3731000000000017,0.3944500000000013,0.41580000000000084,0.4371500000000004,0.4585,0.47099999999999975,0.4834999999999995,0.4959999999999993,0.5084999999999991,0.5154249999999999,0.5223500000000008,0.5292750000000017,0.5362000000000026,0.5362000000000025,0.5362000000000025,0.5362000000000025,0.5362000000000026,0.5262000000000018,0.5162000000000009,0.5062,0.4961999999999992,0.4742749999999994,0.4523499999999996,0.43042499999999984,0.40850000000000003
4.24,0.01,0.019999999999999997,0.03,0.045,0.06,0.0863000000000001,0.11260000000000021,0.13890000000000033,0.16520000000000043,0.19269999999999987,0.22019999999999934,0.24769999999999884,0.27519999999999833,0.29959999999999914,0.32399999999999995,0.3484000000000008,0.3728000000000017,0.3941000000000012,0.4154000000000008,0.4367000000000004,0.458,0.4704999999999998,0.48299999999999954,0.49549999999999933,0.5079999999999991,0.5148999999999999,0.5218000000000007,0.5287000000000016,0.5356000000000025,0.5356000000000025,0.5356000000000025,0.5356000000000025,0.5356000000000025,0.5256000000000016,0.5156000000000007,0.5055999999999999,0.4955999999999992,0.47369999999999934,0.45179999999999954,0.4298999999999998,0.40800000000000003
4.25,0.01,0.019999999999999997,0.03,0.045,0.06,0.0862500000000001,0.11250000000000021,0.13875000000000032,0.16500000000000042,0.1924999999999999,0.21999999999999936,0.24749999999999886,0.27499999999999836,0.29937499999999917,0.32375,0.3481250000000008,0.37250000000000166,0.39375000000000127,0.4150000000000008,0.4362500000000004,0.4575,0.46999999999999975,0.48249999999999954,0.49499999999999933,0.5074999999999992,0.5143749999999999,0.5212500000000007,0.5281250000000015,0.5350000000000025,0.5350000000000024,0.5350000000000024,0.5350000000000024,0.5350000000000025,0.5250000000000017,0.5150000000000008,0.505,0.4949999999999992,0.4731249999999994,0.4512499999999996,0.42937499999999984,0.40750000000000003
4.26,0.01,0.019999999999999997,0.03,0.045,0.06,0.08620000000000011,0.11240000000000021,0.1386000000000003,0.16480000000000042,0.19229999999999992,0.21979999999999938,0.24729999999999888,0.2747999999999984,0.29914999999999914,0.32349999999999995,0.34785000000000077,0.37220000000000164,0.3934000000000012,0.4146000000000008,0.4358000000000004,0.457,0.4694999999999998,0.4819999999999996,0.4944999999999994,0.5069999999999992,0.5138499999999999,0.5207000000000007,0.5275500000000015,0.5344000000000024,0.5344000000000024,0.5344000000000024,0.5344000000000024,0.5344000000000024,0.5244000000000015,0.5144000000000007,0.5044,0.49439999999999923,0.47254999999999936,0.45069999999999955,0.4288499999999998,0.40700000000000003
4.27,0.01,0.019999999999999997,0.03,0.045,0.06,0.0861500000000001,0.1123000000000002,0.1384500000000003,0.1646000000000004,0.19209999999999988,0.21959999999999938,0.24709999999999888,0.2745999999999984,0.29892499999999916,0.3232499999999999,0.34757500000000074,0.3719000000000016,0.39305000000000123,0.4142000000000008,0.4353500000000004,0.4565,0.4689999999999998,0.4814999999999996,0.49399999999999944,0.5064999999999993,0.513325,0.5201500000000008,0.5269750000000015,0.5338000000000024,0.5338000000000023,0.5338000000000023,0.5338000000000023,0.5338000000000024,0.5238000000000016,0.5138000000000008,0.5038,0.49379999999999924,0.4719749999999994,0.4501499999999996,0.42832499999999984,0.40650000000000003
4.28,0.01,0.019999999999999997,0.03,0.045,0.06,0.0861000000000001,0.1122000000000002,0.1383000000000003,0.1644000000000004,0.1918999999999999,0.2193999999999994,0.2468999999999989,0.2743999999999984,0.2986999999999992,0.32299999999999995,0.3473000000000008,0.3716000000000016,0.39270000000000116,0.4138000000000008,0.4349000000000004,0.456,0.4684999999999998,0.48099999999999965,0.4934999999999995,0.5059999999999993,0.5128,0.5196000000000007,0.5264000000000015,0.5332000000000023,0.5332000000000023,0.5332000000000023,0.5332000000000023,0.5332000000000023,0.5232000000000016,0.5132000000000008,0.5032,0.49319999999999925,0.4713999999999994,0.44959999999999956,0.4277999999999998,0.406
4.29,0.01,0.019999999999999997,0.03,0.045,0.06,0.0860500000000001,0.1121000000000002,0.1381500000000003,0.1642000000000004,0.1916999999999999,0.2191999999999994,0.24669999999999892,0.27419999999999844,0.2984749999999992,0.32275,0.3470250000000008,0.3713000000000016,0.3923500000000012,0.41340000000000077,0.4344500000000004,0.4555,0.46799999999999986,0.4804999999999997,0.49299999999999955,0.5054999999999994,0.512275,0.5190500000000008,0.5258250000000015,0.5326000000000023,0.5326000000000022,0.5326000000000022,0.5326000000000022,0.5326000000000023,0.5226000000000015,0.5126000000000007,0.5025999999999999,0.49259999999999926,0.47082499999999944,0.4490499999999996,0.42727499999999985,0.4055
4.3,0.01,0.019999999999999997,0.03,0.045,0.06,0.0860000000000001,0.1120000000000002,0.1380000000000003,0.1640000000000004,0.1914999999999999,0.21899999999999942,0.24649999999999894,0.27399999999999847,0.29824999999999924,0.3225,0.3467500000000008,0.37100000000000155,0.3920000000000011,0.41300000000000076,0.4340000000000004,0.455,0.4674999999999998,0.47999999999999965,0.49249999999999955,0.5049999999999994,0.5117500000000001,0.5185000000000008,0.5252500000000015,0.5320000000000022,0.5320000000000022,0.5320000000000022,0.5320000000000022,0.5320000000000022,0.5220000000000015,0.5120000000000007,0.502,0.49199999999999927,0.4702499999999994,0.44849999999999957,0.4267499999999998,0.405
4.31,0.01,0.019999999999999997,0.03,0.045,0.06,0.0859500000000001,0.1119000000000002,0.1378500000000003,0.1638000000000004,0.19129999999999991,0.21879999999999944,0.24629999999999896,0.2737999999999985,0.2980249999999992,0.32225,0.34647500000000075,0.37070000000000153,0.39165000000000116,0.41260000000000074,0.4335500000000004,0.4545,0.46699999999999986,0.4794999999999997,0.4919999999999996,0.5044999999999995,0.5112250000000002,0.5179500000000008,0.5246750000000016,0.5314000000000022,0.5314000000000021,0.5314000000000021,0.5314000000000021,0.5314000000000022,0.5214000000000014,0.5114000000000007,0.5014000000000001,0.4913999999999993,0.46967499999999945,0.4479499999999996,0.42622499999999985,0.4045
4.32,0.01,0.019999999999999997,0.03,0.045,0.06,0.08590000000000009,0.11180000000000019,0.1377000000000003,0.16360000000000038,0.19109999999999988,0.2185999999999994,0.24609999999999896,0.2735999999999985,0.29779999999999923,0.32199999999999995,0.34620000000000073,0.3704000000000015,0.3913000000000011,0.41220000000000073,0.4331000000000004,0.454,0.4664999999999999,0.47899999999999976,0.49149999999999966,0.5039999999999996,0.5107000000000002,0.5174000000000007,0.5241000000000015,0.5308000000000022,0.5308000000000022,0.5308000000000022,0.5308000000000022,0.5308000000000022,0.5208000000000014,0.5108000000000006,0.5007999999999999,0.4907999999999993,0.4690999999999994,0.4473999999999996,0.4256999999999998,0.404
4.33,0.01,0.019999999999999997,0.03,0.045,0.06,0.08585000000000009,0.11170000000000019,0.13755000000000028,0.16340000000000038,0.1908999999999999,0.21839999999999943,0.24589999999999898,0.27339999999999853,0.29757499999999926,0.32175,0.3459250000000007,0.3701000000000015,0.39095000000000113,0.4118000000000007,0.43265000000000037,0.4535,0.46599999999999986,0.47849999999999976,0.49099999999999966,0.5034999999999996,0.5101750000000002,0.5168500000000007,0.5235250000000014,0.5302000000000021,0.530200000000002,0.530200000000002,0.530200000000002,0.5302000000000021,0.5202000000000013,0.5102000000000007,0.5002,0.4901999999999993,0.46852499999999947,0.44684999999999964,0.42517499999999986,0.4035
4.34,0.01,0.019999999999999997,0.03,0.045,0.06,0.0858000000000001,0.11160000000000019,0.13740000000000027,0.16320000000000037,0.19069999999999993,0.21819999999999945,0.245699999999999,0.27319999999999856,0.2973499999999992,0.32149999999999995,0.3456500000000007,0.36980000000000146,0.39060000000000106,0.4114000000000007,0.43220000000000036,0.453,0.4654999999999999,0.4779999999999998,0.4904999999999997,0.5029999999999997,0.5096500000000002,0.5163000000000008,0.5229500000000014,0.5296000000000021,0.5296000000000021,0.5296000000000021,0.5296000000000021,0.5296000000000021,0.5196000000000014,0.5096000000000007,0.49960000000000004,0.4895999999999993,0.4679499999999994,0.4462999999999996,0.4246499999999998,0.403
4.35,0.01,0.019999999999999997,0.03,0.045,0.06,0.08575000000000009,0.11150000000000018,0.13725000000000026,0.16300000000000037,0.1904999999999999,0.21799999999999944,0.245499999999999,0.2729999999999986,0.29712499999999925,0.3212499999999999,0.34537500000000065,0.36950000000000144,0.3902500000000011,0.4110000000000007,0.43175000000000036,0.4525,0.4649999999999999,0.4774999999999998,0.48999999999999977,0.5024999999999997,0.5091250000000003,0.5157500000000008,0.5223750000000014,0.529000000000002,0.5290000000000019,0.5290000000000019,0.5290000000000019,0.529000000000002,0.5190000000000012,0.5090000000000006,0.49899999999999994,0.4889999999999993,0.4673749999999995,0.44574999999999965,0.42412499999999986,0.4025
4.36,0.01,0.019999999999999997,0.03,0.045,0.06,0.08570000000000008,0.11140000000000018,0.13710000000000028,0.16280000000000036,0.1902999999999999,0.21779999999999947,0.24529999999999902,0.2727999999999986,0.2968999999999993,0.32099999999999995,0.3451000000000007,0.3692000000000014,0.389900000000001,0.4106000000000007,0.43130000000000035,0.452,0.4644999999999999,0.47699999999999987,0.4894999999999998,0.5019999999999998,0.5086000000000003,0.5152000000000008,0.5218000000000014,0.528400000000002,0.528400000000002,0.528400000000002,0.528400000000002,0.528400000000002,0.5184000000000013,0.5084000000000006,0.49839999999999995,0.48839999999999933,0.46679999999999944,0.4451999999999996,0.4235999999999998,0.402
4.37,0.01,0.019999999999999997,0.03,0.045,0.06,0.08565000000000009,0.11130000000000018,0.13695000000000027,0.16260000000000036,0.1900999999999999,0.21759999999999946,0.24509999999999904,0.2725999999999986,0.2966749999999993,0.32075,0.3448250000000007,0.3689000000000014,0.38955000000000106,0.4102000000000007,0.43085000000000034,0.4515,0.46399999999999997,0.4764999999999999,0.4889999999999999,0.5014999999999998,0.5080750000000003,0.5146500000000008,0.5212250000000014,0.5278000000000019,0.5278000000000018,0.5278000000000018,0.5278000000000018,0.5278000000000019,0.5178000000000011,0.5078000000000005,0.4977999999999999,0.48779999999999935,0.4662249999999995,0.44464999999999966,0.42307499999999987,0.4015
4.38,0.01,0.019999999999999997,0.03,0.045,0.06,0.08560000000000009,0.11120000000000017,0.13680000000000025,0.16240000000000035,0.1898999999999999,0.21739999999999948,0.24489999999999906,0.27239999999999864,0.2964499999999993,0.3205,0.3445500000000007,0.36860000000000137,0.389200000000001,0.40980000000000066,0.43040000000000034,0.451,0.4634999999999999,0.47599999999999987,0.4884999999999999,0.5009999999999999,0.5075500000000004,0.5141000000000009,0.5206500000000014,0.5272000000000019,0.5272000000000019,0.5272000000000019,0.5272000000000019,0.5272000000000019,0.5172000000000012,0.5072000000000005,0.4972,0.48719999999999936,0.46564999999999945,0.4440999999999996,0.4225499999999998,0.401
4.39,0.01,0.019999999999999997,0.03,0.045,0.06,0.08555000000000008,0.11110000000000017,0.13665000000000027,0.16220000000000034,0.18969999999999992,0.2171999999999995,0.24469999999999908,0.27219999999999867,0.2962249999999993,0.32025,0.34427500000000066,0.36830000000000135,0.38885000000000103,0.40940000000000065,0.42995000000000033,0.4505,0.46299999999999997,0.4754999999999999,0.48799999999999993,0.5005,0.5070250000000004,0.5135500000000008,0.5200750000000014,0.5266000000000018,0.5266000000000017,0.5266000000000017,0.5266000000000017,0.5266000000000018,0.5166000000000013,0.5066000000000006,0.4966,0.48659999999999937,0.4650749999999995,0.44354999999999967,0.4220249999999999,0.4005
4.4,0.01,0.019999999999999997,0.03,0.045,0.06,0.08550000000000008,0.11100000000000017,0.13650000000000026,0.16200000000000034,0.1894999999999999,0.21699999999999947,0.24449999999999908,0.2719999999999987,0.2959999999999993,0.31999999999999995,0.34400000000000064,0.3680000000000013,0.38850000000000096,0.40900000000000064,0.4295000000000003,0.45,0.4625,0.475,0.4875,0.5,0.5065000000000004,0.5130000000000008,0.5195000000000013,0.5260000000000018,0.5260000000000018,0.5260000000000018,0.5260000000000018,0.5260000000000018,0.5160000000000011,0.5060000000000004,0.4959999999999999,0.4859999999999994,0.46449999999999947,0.4429999999999996,0.4214999999999998,0.4
4.41,0.01,0.019999999999999997,0.03,0.045,0.06,0.08545000000000008,0.11090000000000017,0.13635000000000025,0.16180000000000033,0.1892999999999999,0.2167999999999995,0.2442999999999991,0.2717999999999987,0.29577499999999934,0.31975,0.3437250000000006,0.3677000000000013,0.388150000000001,0.40860000000000063,0.4290500000000003,0.4495,0.46199999999999997,0.4745,0.487,0.4995,0.5059750000000004,0.5124500000000007,0.5189250000000012,0.5254000000000018,0.5254000000000016,0.5254000000000016,0.5254000000000016,0.5254000000000018,0.5154000000000012,0.5054000000000005,0.49539999999999995,0.4853999999999994,0.46392499999999953,0.4424499999999997,0.4209749999999999,0.3995
4.42,0.01,0.019999999999999997,0.03,0.045,0.06,0.08540000000000009,0.11080000000000016,0.13620000000000024,0.16160000000000033,0.18909999999999993,0.21659999999999952,0.24409999999999912,0.27159999999999873,0.2955499999999993,0.31949999999999995,0.3434500000000006,0.3674000000000013,0.3878000000000009,0.4082000000000006,0.4286000000000003,0.449,0.4615,0.474,0.4865,0.499,0.5054500000000004,0.5119000000000008,0.5183500000000012,0.5248000000000017,0.5248000000000017,0.5248000000000017,0.5248000000000017,0.5248000000000017,0.514800000000001,0.5048000000000005,0.4947999999999999,0.4847999999999994,0.4633499999999995,0.4418999999999996,0.4204499999999998,0.399
4.43,0.01,0.019999999999999997,0.03,0.045,0.06,0.08535000000000008,0.11070000000000016,0.13605000000000023,0.16140000000000032,0.1888999999999999,0.2163999999999995,0.24389999999999912,0.27139999999999875,0.29532499999999934,0.3192499999999999,0.34317500000000056,0.36710000000000126,0.38745000000000096,0.4078000000000006,0.4281500000000003,0.4485,0.46099999999999997,0.4735,0.486,0.4985,0.5049250000000004,0.5113500000000009,0.5177750000000012,0.5242000000000017,0.5242000000000016,0.5242000000000016,0.5242000000000016,0.5242000000000017,0.5142000000000011,0.5042000000000005,0.4942,0.4841999999999994,0.46277499999999955,0.4413499999999997,0.4199249999999999,0.3985
4.44,0.01,0.019999999999999997,0.03,0.045,0.06,0.08530000000000007,0.11060000000000016,0.13590000000000024,0.16120000000000032,0.18869999999999992,0.21619999999999953,0.24369999999999914,0.2711999999999988,0.29509999999999936,0.31899999999999995,0.3429000000000006,0.36680000000000124,0.3871000000000009,0.4074000000000006,0.4277000000000003,0.448,0.4605,0.473,0.4855,0.498,0.5044000000000004,0.5108000000000008,0.5172000000000012,0.5236000000000016,0.5236000000000016,0.5236000000000016,0.5236000000000016,0.5236000000000016,0.5136000000000011,0.5036000000000005,0.4935999999999999,0.4835999999999994,0.4621999999999995,0.44079999999999964,0.41939999999999983,0.398
4.45,0.01,0.019999999999999997,0.03,0.045,0.06,0.08525000000000008,0.11050000000000015,0.13575000000000023,0.1610000000000003,0.18849999999999992,0.21599999999999953,0.24349999999999916,0.2709999999999988,0.2948749999999994,0.31875,0.3426250000000006,0.3665000000000012,0.3867500000000009,0.4070000000000006,0.4272500000000003,0.4475,0.45999999999999996,0.4725,0.485,0.4975,0.5038750000000004,0.5102500000000008,0.5166250000000012,0.5230000000000016,0.5230000000000015,0.5230000000000015,0.5230000000000015,0.5230000000000016,0.513000000000001,0.5030000000000004,0.49299999999999994,0.48299999999999943,0.46162499999999956,0.4402499999999997,0.4188749999999999,0.3975
4.46,0.01,0.019999999999999997,0.03,0.045,0.06,0.08520000000000008,0.11040000000000015,0.13560000000000022,0.1608000000000003,0.1882999999999999,0.21579999999999955,0.24329999999999918,0.2707999999999988,0.2946499999999994,0.3185,0.3423500000000006,0.3662000000000012,0.38640000000000085,0.40660000000000057,0.4268000000000003,0.447,0.4595,0.472,0.4845,0.497,0.5033500000000004,0.5097000000000007,0.5160500000000011,0.5224000000000015,0.5224000000000015,0.5224000000000015,0.5224000000000015,0.5224000000000015,0.512400000000001,0.5024000000000004,0.49239999999999995,0.48239999999999944,0.4610499999999995,0.43969999999999965,0.41834999999999983,0.397
4.47,0.01,0.019999999999999997,0.03,0.045,0.06,0.08515000000000007,0.11030000000000015,0.13545000000000024,0.1606000000000003,0.18809999999999993,0.21559999999999957,0.2430999999999992,0.27059999999999884,0.2944249999999994,0.31825,0.3420750000000006,0.36590000000000117,0.3860500000000009,0.40620000000000056,0.4263500000000003,0.4465,0.45899999999999996,0.4715,0.484,0.4965,0.5028250000000003,0.5091500000000007,0.515475000000001,0.5218000000000015,0.5218000000000014,0.5218000000000014,0.5218000000000014,0.5218000000000015,0.5118000000000009,0.5018000000000005,0.49179999999999996,0.48179999999999945,0.4604749999999996,0.4391499999999997,0.4178249999999999,0.3965
4.48,0.01,0.019999999999999997,0.03,0.045,0.06,0.08510000000000006,0.11020000000000015,0.13530000000000023,0.1604000000000003,0.1878999999999999,0.21539999999999954,0.2428999999999992,0.27039999999999886,0.2941999999999994,0.31799999999999995,0.34180000000000055,0.36560000000000115,0.3857000000000008,0.40580000000000055,0.4259000000000003,0.446,0.4585,0.471,0.4835,0.496,0.5023000000000003,0.5086000000000006,0.514900000000001,0.5212000000000014,0.5212000000000014,0.5212000000000014,0.5212000000000014,0.5212000000000014,0.5112000000000009,0.5012000000000003,0.49119999999999986,0.48119999999999946,0.45989999999999953,0.43859999999999966,0.41729999999999984,0.396
4.49,0.01,0.019999999999999997,0.03,0.045,0.06,0.08505000000000007,0.11010000000000014,0.13515000000000021,0.1602000000000003,0.18769999999999992,0.21519999999999956,0.24269999999999922,0.2701999999999989,0.29397499999999943,0.31775,0.3415250000000005,0.3653000000000011,0.38535000000000086,0.40540000000000054,0.4254500000000003,0.4455,0.45799999999999996,0.4705,0.483,0.4955,0.5017750000000003,0.5080500000000007,0.514325000000001,0.5206000000000014,0.5206000000000013,0.5206000000000013,0.5206000000000013,0.5206000000000014,0.5106000000000008,0.5006000000000004,0.4905999999999999,0.48059999999999947,0.4593249999999996,0.4380499999999997,0.4167749999999999,0.3955
4.5,0.01,0.019999999999999997,0.03,0.045,0.06,0.08500000000000008,0.11000000000000014,0.1350000000000002,0.16000000000000028,0.18749999999999994,0.21499999999999958,0.24249999999999924,0.2699999999999989,0.2937499999999994,0.31749999999999995,0.3412500000000005,0.3650000000000011,0.3850000000000008,0.4050000000000005,0.42500000000000027,0.445,0.4575,0.47,0.4825,0.495,0.5012500000000002,0.5075000000000005,0.5137500000000009,0.5200000000000014,0.5200000000000014,0.5200000000000014,0.5200000000000014,0.5200000000000014,0.5100000000000009,0.5000000000000004,0.49,0.4799999999999995,0.45874999999999955,0.43749999999999967,0.41624999999999984,0.395
4.51,0.01,0.019999999999999997,0.03,0.045,0.06,0.08495000000000007,0.10990000000000014,0.1348500000000002,0.15980000000000028,0.1872999999999999,0.21479999999999957,0.24229999999999924,0.26979999999999893,0.2935249999999994,0.3172499999999999,0.34097500000000047,0.3647000000000011,0.3846500000000008,0.4046000000000005,0.42455000000000026,0.4445,0.45699999999999996,0.4695,0.482,0.4945,0.5007250000000002,0.5069500000000005,0.5131750000000008,0.5194000000000013,0.5194000000000012,0.5194000000000012,0.5194000000000012,0.5194000000000013,0.5094000000000007,0.4994000000000003,0.4893999999999999,0.4793999999999995,0.4581749999999996,0.4369499999999997,0.4157249999999999,0.3945
4.52,0.01,0.019999999999999997,0.03,0.045,0.06,0.08490000000000006,0.10980000000000013,0.1347000000000002,0.15960000000000027,0.18709999999999993,0.2145999999999996,0.24209999999999926,0.26959999999999895,0.29329999999999945,0.31699999999999995,0.3407000000000005,0.36440000000000106,0.38430000000000075,0.4042000000000005,0.42410000000000025,0.444,0.4565,0.469,0.4815,0.494,0.5002000000000002,0.5064000000000005,0.5126000000000008,0.5188000000000013,0.5188000000000013,0.5188000000000013,0.5188000000000013,0.5188000000000013,0.5088000000000008,0.49880000000000035,0.4887999999999999,0.4787999999999995,0.45759999999999956,0.4363999999999997,0.41519999999999985,0.394
4.53,0.01,0.019999999999999997,0.03,0.045,0.06,0.08485000000000006,0.10970000000000013,0.1345500000000002,0.15940000000000026,0.18689999999999993,0.2143999999999996,0.24189999999999928,0.269399999999999,0.2930749999999995,0.31675,0.34042500000000053,0.36410000000000103,0.3839500000000008,0.4038000000000005,0.42365000000000025,0.4435,0.45599999999999996,0.46849999999999997,0.481,0.4935,0.4996750000000003,0.5058500000000006,0.5120250000000008,0.5182000000000012,0.5182000000000011,0.5182000000000011,0.5182000000000011,0.5182000000000012,0.5082000000000008,0.4982000000000003,0.4881999999999999,0.4781999999999995,0.4570249999999996,0.43584999999999974,0.4146749999999999,0.3935
4.54,0.01,0.019999999999999997,0.03,0.045,0.06,0.08480000000000007,0.10960000000000013,0.13440000000000019,0.15920000000000026,0.18669999999999992,0.2141999999999996,0.2416999999999993,0.269199999999999,0.2928499999999995,0.3165,0.3401500000000005,0.363800000000001,0.3836000000000007,0.4034000000000005,0.42320000000000024,0.443,0.4555,0.46799999999999997,0.4805,0.493,0.49915000000000026,0.5053000000000005,0.5114500000000008,0.5176000000000012,0.5176000000000012,0.5176000000000012,0.5176000000000012,0.5176000000000012,0.5076000000000007,0.4976000000000003,0.4875999999999999,0.4775999999999995,0.4564499999999996,0.4352999999999997,0.41414999999999985,0.393
4.55,0.01,0.019999999999999997,0.03,0.045,0.06,0.08475000000000006,0.10950000000000013,0.1342500000000002,0.15900000000000025,0.18649999999999994,0.21399999999999963,0.24149999999999933,0.268999999999999,0.29262499999999947,0.31625,0.3398750000000005,0.363500000000001,0.38325000000000076,0.40300000000000047,0.42275000000000024,0.4425,0.45499999999999996,0.46749999999999997,0.48,0.4925,0.4986250000000002,0.5047500000000005,0.5108750000000009,0.5170000000000011,0.517000000000001,0.517000000000001,0.517000000000001,0.5170000000000011,0.5070000000000007,0.4970000000000003,0.4869999999999999,0.47699999999999954,0.45587499999999964,0.43474999999999975,0.4136249999999999,0.3925
4.56,0.01,0.019999999999999997,0.03,0.045,0.06,0.08470000000000005,0.10940000000000012,0.1341000000000002,0.15880000000000025,0.1862999999999999,0.2137999999999996,0.24129999999999932,0.26879999999999904,0.2923999999999995,0.31599999999999995,0.33960000000000046,0.36320000000000097,0.3829000000000007,0.40260000000000046,0.42230000000000023,0.442,0.4545,0.46699999999999997,0.4795,0.492,0.4981000000000002,0.5042000000000004,0.5103000000000008,0.5164000000000011,0.5164000000000011,0.5164000000000011,0.5164000000000011,0.5164000000000011,0.5064000000000006,0.4964000000000003,0.48639999999999994,0.47639999999999955,0.4552999999999996,0.4341999999999997,0.41309999999999986,0.392
4.57,0.01,0.019999999999999997,0.03,0.045,0.06,0.08465000000000006,0.10930000000000012,0.13395000000000018,0.15860000000000024,0.18609999999999993,0.21359999999999962,0.24109999999999934,0.26859999999999906,0.2921749999999995,0.31575,0.33932500000000043,0.36290000000000094,0.3825500000000007,0.40220000000000045,0.4218500000000002,0.4415,0.45399999999999996,0.46649999999999997,0.479,0.4915,0.4975750000000002,0.5036500000000004,0.5097250000000006,0.515800000000001,0.5158000000000009,0.5158000000000009,0.5158000000000009,0.515800000000001,0.5058000000000007,0.4958000000000003,0.4857999999999999,0.47579999999999956,0.45472499999999966,0.43364999999999976,0.4125749999999999,0.3915
4.58,0.01,0.019999999999999997,0.03,0.045,0.06,0.08460000000000006,0.10920000000000012,0.13380000000000017,0.15840000000000024,0.18589999999999995,0.21339999999999965,0.24089999999999936,0.2683999999999991,0.2919499999999995,0.31549999999999995,0.3390500000000004,0.3626000000000009,0.38220000000000065,0.40180000000000043,0.4214000000000002,0.441,0.4535,0.46599999999999997,0.4785,0.491,0.4970500000000002,0.5031000000000004,0.5091500000000007,0.515200000000001,0.515200000000001,0.515200000000001,0.515200000000001,0.515200000000001,0.5052000000000005,0.4952000000000002,0.48519999999999985,0.47519999999999957,0.4541499999999996,0.4330999999999997,0.41204999999999986,0.391
4.59,0.01,0.019999999999999997,0.03,0.045,0.06,0.08455000000000006,0.10910000000000011,0.13365000000000016,0.15820000000000023,0.18569999999999992,0.21319999999999964,0.24069999999999936,0.2681999999999991,0.2917249999999995,0.3152499999999999,0.3387750000000004,0.3623000000000009,0.3818500000000007,0.4014000000000004,0.4209500000000002,0.4405,0.45299999999999996,0.46549999999999997,0.478,0.4905,0.4965250000000002,0.5025500000000005,0.5085750000000007,0.514600000000001,0.5146000000000008,0.5146000000000008,0.5146000000000008,0.514600000000001,0.5046000000000006,0.49460000000000026,0.4845999999999999,0.4745999999999996,0.4535749999999997,0.43254999999999977,0.4115249999999999,0.3905
4.6,0.01,0.019999999999999997,0.03,0.045,0.06,0.08450000000000005,0.10900000000000011,0.13350000000000017,0.15800000000000022,0.18549999999999994,0.21299999999999966,0.24049999999999938,0.26799999999999913,0.29149999999999954,0.31499999999999995,0.3385000000000004,0.3620000000000009,0.3815000000000006,0.4010000000000004,0.4205000000000002,0.44,0.4525,0.46499999999999997,0.4775,0.49,0.4960000000000002,0.5020000000000004,0.5080000000000007,0.5140000000000009,0.5140000000000009,0.5140000000000009,0.5140000000000009,0.5140000000000009,0.5040000000000006,0.4940000000000002,0.4839999999999999,0.4739999999999996,0.4529999999999996,0.4319999999999997,0.41099999999999987,0.39
4.61,0.01,0.019999999999999997,0.03,0.045,0.06,0.08445000000000005,0.10890000000000011,0.13335000000000016,0.15780000000000022,0.18529999999999994,0.21279999999999966,0.2402999999999994,0.26779999999999915,0.29127499999999956,0.31475,0.33822500000000044,0.36170000000000085,0.38115000000000065,0.4006000000000004,0.4200500000000002,0.4395,0.45199999999999996,0.46449999999999997,0.477,0.4895,0.4954750000000002,0.5014500000000004,0.5074250000000007,0.5134000000000009,0.5134000000000007,0.5134000000000007,0.5134000000000007,0.5134000000000009,0.5034000000000005,0.49340000000000017,0.4833999999999999,0.4733999999999996,0.4524249999999997,0.4314499999999998,0.4104749999999999,0.3895
4.62,0.01,0.019999999999999997,0.03,0.045,0.06,0.08440000000000006,0.1088000000000001,0.13320000000000015,0.1576000000000002,0.18509999999999993,0.21259999999999968,0.24009999999999942,0.26759999999999917,0.2910499999999996,0.3145,0.3379500000000004,0.36140000000000083,0.3808000000000006,0.4002000000000004,0.4196000000000002,0.439,0.4515,0.46399999999999997,0.4765,0.489,0.49495000000000017,0.5009000000000003,0.5068500000000006,0.5128000000000008,0.5128000000000008,0.5128000000000008,0.5128000000000008,0.5128000000000008,0.5028000000000005,0.4928000000000002,0.4827999999999999,0.4727999999999996,0.45184999999999964,0.4308999999999997,0.40994999999999987,0.389
4.63,0.01,0.019999999999999997,0.03,0.045,0.06,0.08435000000000005,0.1087000000000001,0.13305000000000017,0.1574000000000002,0.18489999999999995,0.2123999999999997,0.23989999999999945,0.2673999999999992,0.29082499999999956,0.31425,0.3376750000000004,0.3611000000000008,0.3804500000000006,0.3998000000000004,0.4191500000000002,0.4385,0.45099999999999996,0.46349999999999997,0.476,0.4885,0.4944250000000001,0.5003500000000003,0.5062750000000005,0.5122000000000008,0.5122000000000007,0.5122000000000007,0.5122000000000007,0.5122000000000008,0.5022000000000004,0.49220000000000014,0.48219999999999985,0.4721999999999996,0.4512749999999997,0.4303499999999998,0.40942499999999993,0.3885
4.64,0.01,0.019999999999999997,0.03,0.045,0.06,0.08430000000000004,0.1086000000000001,0.13290000000000016,0.1572000000000002,0.18469999999999992,0.21219999999999967,0.23969999999999944,0.2671999999999992,0.2905999999999996,0.31399999999999995,0.33740000000000037,0.3608000000000008,0.38010000000000055,0.39940000000000037,0.4187000000000002,0.438,0.4505,0.46299999999999997,0.4755,0.488,0.4939000000000001,0.4998000000000003,0.5057000000000005,0.5116000000000007,0.5116000000000007,0.5116000000000007,0.5116000000000007,0.5116000000000007,0.5016000000000005,0.4916000000000002,0.4815999999999999,0.47159999999999963,0.45069999999999966,0.42979999999999974,0.4088999999999999,0.388
4.65,0.01,0.019999999999999997,0.03,0.045,0.06,0.08425000000000005,0.1085000000000001,0.13275000000000015,0.1570000000000002,0.18449999999999994,0.2119999999999997,0.23949999999999946,0.26699999999999924,0.2903749999999996,0.31375,0.33712500000000034,0.36050000000000076,0.3797500000000006,0.39900000000000035,0.4182500000000002,0.4375,0.44999999999999996,0.46249999999999997,0.475,0.4875,0.4933750000000001,0.4992500000000003,0.5051250000000005,0.5110000000000007,0.5110000000000006,0.5110000000000006,0.5110000000000006,0.5110000000000007,0.5010000000000003,0.4910000000000001,0.48099999999999987,0.47099999999999964,0.4501249999999997,0.4292499999999998,0.40837499999999993,0.3875
4.66,0.01,0.019999999999999997,0.03,0.045,0.06,0.08420000000000005,0.1084000000000001,0.13260000000000013,0.1568000000000002,0.18429999999999996,0.2117999999999997,0.23929999999999949,0.26679999999999926,0.2901499999999996,0.31349999999999995,0.3368500000000003,0.36020000000000074,0.3794000000000005,0.39860000000000034,0.41780000000000017,0.437,0.4495,0.46199999999999997,0.4745,0.487,0.4928500000000001,0.4987000000000003,0.5045500000000005,0.5104000000000006,0.5104000000000006,0.5104000000000006,0.5104000000000006,0.5104000000000006,0.5004000000000004,0.49040000000000017,0.48039999999999994,0.47039999999999965,0.44954999999999967,0.42869999999999975,0.4078499999999999,0.387
4.67,0.01,0.019999999999999997,0.03,0.045,0.06,0.08415000000000004,0.10830000000000009,0.13245000000000012,0.15660000000000018,0.18409999999999993,0.2115999999999997,0.23909999999999948,0.2665999999999993,0.2899249999999996,0.3132499999999999,0.3365750000000003,0.3599000000000007,0.37905000000000055,0.39820000000000033,0.41735000000000017,0.4365,0.44899999999999995,0.46149999999999997,0.474,0.4865,0.4923250000000001,0.49815000000000026,0.5039750000000004,0.5098000000000006,0.5098000000000005,0.5098000000000005,0.5098000000000005,0.5098000000000006,0.49980000000000036,0.4898000000000001,0.4797999999999999,0.46979999999999966,0.44897499999999974,0.4281499999999998,0.40732499999999994,0.3865
4.68,0.01,0.019999999999999997,0.03,0.045,0.06,0.08410000000000004,0.10820000000000009,0.13230000000000014,0.15640000000000018,0.18389999999999995,0.21139999999999973,0.2388999999999995,0.2663999999999993,0.2896999999999996,0.31299999999999994,0.3363000000000003,0.3596000000000007,0.3787000000000005,0.3978000000000003,0.41690000000000016,0.436,0.4485,0.46099999999999997,0.4735,0.486,0.49180000000000007,0.49760000000000015,0.5034000000000003,0.5092000000000005,0.5092000000000005,0.5092000000000005,0.5092000000000005,0.5092000000000005,0.4992000000000003,0.4892000000000001,0.47919999999999985,0.4691999999999997,0.4483999999999997,0.42759999999999976,0.4067999999999999,0.386
4.69,0.01,0.019999999999999997,0.03,0.045,0.06,0.08405000000000004,0.10810000000000008,0.13215000000000013,0.15620000000000017,0.18369999999999995,0.21119999999999972,0.23869999999999952,0.2661999999999993,0.28947499999999965,0.31275,0.33602500000000035,0.3593000000000007,0.3783500000000005,0.3974000000000003,0.41645000000000015,0.4355,0.44799999999999995,0.46049999999999996,0.473,0.4855,0.49127500000000013,0.4970500000000002,0.5028250000000003,0.5086000000000005,0.5086000000000004,0.5086000000000004,0.5086000000000004,0.5086000000000005,0.49860000000000027,0.48860000000000003,0.47859999999999986,0.4685999999999997,0.44782499999999975,0.4270499999999998,0.40627499999999994,0.3855
4.7,0.01,0.019999999999999997,0.03,0.045,0.06,0.08400000000000005,0.10800000000000008,0.13200000000000012,0.15600000000000017,0.18349999999999994,0.21099999999999974,0.23849999999999955,0.26599999999999935,0.2892499999999997,0.3125,0.3357500000000003,0.35900000000000065,0.37800000000000045,0.3970000000000003,0.41600000000000015,0.435,0.4475,0.45999999999999996,0.4725,0.485,0.4907500000000001,0.49650000000000016,0.5022500000000003,0.5080000000000005,0.5080000000000005,0.5080000000000005,0.5080000000000005,0.5080000000000005,0.4980000000000002,0.48800000000000004,0.47799999999999987,0.4679999999999997,0.4472499999999997,0.42649999999999977,0.4057499999999999,0.385
4.71,0.01,0.019999999999999997,0.03,0.045,0.06,0.08395000000000004,0.10790000000000008,0.13185000000000013,0.15580000000000016,0.18329999999999996,0.21079999999999977,0.23829999999999957,0.26579999999999937,0.28902499999999964,0.31224999999999997,0.3354750000000003,0.35870000000000063,0.3776500000000005,0.3966000000000003,0.41555000000000014,0.4345,0.44699999999999995,0.45949999999999996,0.472,0.4845,0.49022500000000013,0.4959500000000002,0.5016750000000003,0.5074000000000004,0.5074000000000003,0.5074000000000003,0.5074000000000003,0.5074000000000004,0.4974000000000002,0.4874,0.4773999999999998,0.4673999999999997,0.44667499999999977,0.42594999999999983,0.40522499999999995,0.3845
4.72,0.01,0.019999999999999997,0.03,0.045,0.06,0.08390000000000003,0.10780000000000008,0.13170000000000012,0.15560000000000015,0.18309999999999993,0.21059999999999973,0.23809999999999956,0.2655999999999994,0.28879999999999967,0.31199999999999994,0.3352000000000003,0.3584000000000006,0.3773000000000004,0.3962000000000003,0.41510000000000014,0.434,0.4465,0.45899999999999996,0.4715,0.484,0.4897,0.4954000000000001,0.5011000000000002,0.5068000000000004,0.5068000000000004,0.5068000000000004,0.5068000000000004,0.5068000000000004,0.4968000000000002,0.4868,0.4767999999999999,0.4667999999999997,0.4460999999999997,0.4253999999999998,0.4046999999999999,0.384
4.73,0.01,0.019999999999999997,0.03,0.045,0.06,0.08385000000000004,0.10770000000000007,0.1315500000000001,0.15540000000000015,0.18289999999999995,0.21039999999999975,0.23789999999999958,0.2653999999999994,0.2885749999999997,0.31174999999999997,0.33492500000000025,0.3581000000000006,0.37695000000000045,0.39580000000000026,0.41465000000000013,0.4335,0.44599999999999995,0.45849999999999996,0.471,0.4835,0.489175,0.4948500000000001,0.5005250000000002,0.5062000000000003,0.5062000000000002,0.5062000000000002,0.5062000000000002,0.5062000000000003,0.49620000000000014,0.48619999999999997,0.47619999999999985,0.4661999999999997,0.4455249999999998,0.42484999999999984,0.40417499999999995,0.3835
4.74,0.01,0.019999999999999997,0.03,0.045,0.06,0.08380000000000004,0.10760000000000007,0.1314000000000001,0.15520000000000014,0.18269999999999997,0.21019999999999978,0.2376999999999996,0.26519999999999944,0.28834999999999966,0.31149999999999994,0.3346500000000002,0.35780000000000056,0.3766000000000004,0.39540000000000025,0.4142000000000001,0.433,0.4455,0.45799999999999996,0.4705,0.483,0.48865000000000003,0.4943000000000001,0.49995000000000017,0.5056000000000003,0.5056000000000003,0.5056000000000003,0.5056000000000003,0.5056000000000003,0.4956000000000001,0.4855999999999999,0.4755999999999998,0.46559999999999974,0.44494999999999973,0.4242999999999998,0.4036499999999999,0.383
4.75,0.01,0.019999999999999997,0.03,0.045,0.06,0.08375000000000003,0.10750000000000007,0.1312500000000001,0.15500000000000014,0.18249999999999994,0.20999999999999977,0.2374999999999996,0.26499999999999946,0.2881249999999997,0.3112499999999999,0.3343750000000002,0.35750000000000054,0.3762500000000004,0.39500000000000024,0.4137500000000001,0.4325,0.44499999999999995,0.45749999999999996,0.47,0.4825,0.48812500000000003,0.4937500000000001,0.4993750000000001,0.5050000000000002,0.5050000000000001,0.5050000000000001,0.5050000000000001,0.5050000000000002,0.4950000000000001,0.485,0.47499999999999987,0.46499999999999975,0.4443749999999998,0.42374999999999985,0.40312499999999996,0.3825
4.76,0.01,0.019999999999999997,0.03,0.045,0.06,0.08370000000000002,0.10740000000000006,0.1311000000000001,0.15480000000000013,0.18229999999999996,0.2097999999999998,0.23729999999999962,0.2647999999999995,0.2878999999999997,0.31099999999999994,0.33410000000000023,0.3572000000000005,0.37590000000000034,0.39460000000000023,0.4133000000000001,0.432,0.4445,0.45699999999999996,0.4695,0.482,0.48760000000000003,0.4932000000000001,0.49880000000000013,0.5044000000000002,0.5044000000000002,0.5044000000000002,0.5044000000000002,0.5044000000000002,0.49440000000000006,0.48439999999999994,0.4743999999999998,0.46439999999999976,0.44379999999999975,0.4231999999999998,0.4025999999999999,0.382
4.77,0.01,0.019999999999999997,0.03,0.045,0.06,0.08365000000000003,0.10730000000000006,0.1309500000000001,0.15460000000000013,0.18209999999999996,0.2095999999999998,0.23709999999999964,0.2645999999999995,0.28767499999999974,0.31074999999999997,0.33382500000000026,0.3569000000000005,0.3755500000000004,0.3942000000000002,0.4128500000000001,0.4315,0.44399999999999995,0.45649999999999996,0.469,0.4815,0.48707500000000004,0.49265000000000003,0.4982250000000001,0.5038000000000001,0.5038,0.5038,0.5038,0.5038000000000001,0.4938,0.4837999999999999,0.47379999999999983,0.46379999999999977,0.4432249999999998,0.42264999999999986,0.40207499999999996,0.3815
4.78,0.01,0.019999999999999997,0.03,0.045,0.06,0.08360000000000004,0.10720000000000006,0.13080000000000008,0.15440000000000012,0.18189999999999995,0.2093999999999998,0.23689999999999967,0.2643999999999995,0.28744999999999976,0.3105,0.33355000000000024,0.35660000000000047,0.3752000000000003,0.3938000000000002,0.4124000000000001,0.431,0.4435,0.45599999999999996,0.46849999999999997,0.481,0.48655,0.4921,0.49765000000000004,0.5032000000000001,0.5032000000000001,0.5032000000000001,0.5032000000000001,0.5032000000000001,0.49319999999999997,0.4831999999999999,0.47319999999999984,0.4631999999999998,0.44264999999999977,0.4220999999999998,0.4015499999999999,0.381
4.79,0.01,0.019999999999999997,0.03,0.045,0.06,0.08355000000000003,0.10710000000000006,0.1306500000000001,0.15420000000000011,0.18169999999999997,0.20919999999999983,0.2366999999999997,0.26419999999999955,0.28722499999999973,0.31024999999999997,0.3332750000000002,0.35630000000000045,0.37485000000000035,0.3934000000000002,0.4119500000000001,0.4305,0.44299999999999995,0.45549999999999996,0.46799999999999997,0.4805,0.48602499999999993,0.49154999999999993,0.497075,0.5026,0.5025999999999999,0.5025999999999999,0.5025999999999999,0.5026,0.4925999999999999,0.48259999999999986,0.4725999999999998,0.4625999999999998,0.44207499999999983,0.42154999999999987,0.40102499999999996,0.3805
4.8,0.01,0.019999999999999997,0.03,0.045,0.06,0.08350000000000002,0.10700000000000005,0.1305000000000001,0.1540000000000001,0.18149999999999994,0.2089999999999998,0.23649999999999968,0.26399999999999957,0.28699999999999976,0.30999999999999994,0.3330000000000002,0.3560000000000004,0.3745000000000003,0.3930000000000002,0.4115000000000001,0.43,0.4425,0.45499999999999996,0.46749999999999997,0.48,0.48549999999999993,0.49099999999999994,0.49649999999999994,0.502,0.502,0.502,0.502,0.502,0.49199999999999994,0.4819999999999999,0.47199999999999986,0.4619999999999998,0.4414999999999998,0.4209999999999998,0.4004999999999999,0.38
4.81,0.01,0.019999999999999997,0.03,0.045,0.06,0.08345000000000002,0.10690000000000005,0.13035000000000008,0.1538000000000001,0.18129999999999996,0.20879999999999982,0.2362999999999997,0.2637999999999996,0.2867749999999998,0.30974999999999997,0.33272500000000016,0.3557000000000004,0.3741500000000003,0.39260000000000017,0.4110500000000001,0.4295,0.44199999999999995,0.45449999999999996,0.46699999999999997,0.4795,0.48497499999999993,0.49044999999999994,0.49592499999999995,0.5014,0.5013999999999998,0.5013999999999998,0.5013999999999998,0.5014,0.4913999999999999,0.48139999999999983,0.4713999999999998,0.4613999999999998,0.44092499999999984,0.4204499999999999,0.39997499999999997,0.3795
4.82,0.01,0.019999999999999997,0.03,0.045,0.06,0.08340000000000003,0.10680000000000005,0.13020000000000007,0.1536000000000001,0.18109999999999998,0.20859999999999984,0.23609999999999973,0.2635999999999996,0.28654999999999975,0.30949999999999994,0.33245000000000013,0.3554000000000004,0.37380000000000024,0.39220000000000016,0.4106000000000001,0.429,0.4415,0.45399999999999996,0.46649999999999997,0.479,0.48444999999999994,0.4898999999999999,0.4953499999999999,0.5007999999999999,0.5007999999999999,0.5007999999999999,0.5007999999999999,0.5007999999999999,0.49079999999999985,0.4807999999999998,0.4707999999999998,0.4607999999999998,0.4403499999999998,0.41989999999999983,0.3994499999999999,0.379
4.83,0.01,0.019999999999999997,0.03,0.045,0.06,0.08335000000000002,0.10670000000000004,0.13005000000000005,0.1534000000000001,0.18089999999999995,0.20839999999999984,0.23589999999999972,0.26339999999999963,0.2863249999999998,0.3092499999999999,0.3321750000000001,0.35510000000000036,0.3734500000000003,0.39180000000000015,0.41015000000000007,0.4285,0.44099999999999995,0.45349999999999996,0.46599999999999997,0.4785,0.48392499999999994,0.4893499999999999,0.49477499999999985,0.5001999999999999,0.5001999999999998,0.5001999999999998,0.5001999999999998,0.5001999999999999,0.49019999999999986,0.48019999999999985,0.47019999999999984,0.46019999999999983,0.43977499999999986,0.4193499999999999,0.398925,0.3785
4.84,0.01,0.019999999999999997,0.03,0.045,0.06,0.08330000000000001,0.10660000000000004,0.12990000000000007,0.15320000000000009,0.18069999999999997,0.20819999999999986,0.23569999999999974,0.26319999999999966,0.2860999999999998,0.30899999999999994,0.33190000000000014,0.35480000000000034,0.3731000000000002,0.39140000000000014,0.40970000000000006,0.428,0.4405,0.45299999999999996,0.46549999999999997,0.478,0.48339999999999994,0.4887999999999999,0.49419999999999986,0.4995999999999998,0.4995999999999998,0.4995999999999998,0.4995999999999998,0.4995999999999998,0.4895999999999998,0.4795999999999998,0.4695999999999998,0.45959999999999984,0.4391999999999998,0.41879999999999984,0.3983999999999999,0.378
4.85,0.01,0.019999999999999997,0.03,0.045,0.06,0.08325000000000002,0.10650000000000004,0.12975000000000006,0.15300000000000008,0.18049999999999997,0.20799999999999985,0.23549999999999977,0.2629999999999997,0.2858749999999998,0.30874999999999997,0.33162500000000017,0.3545000000000003,0.37275000000000025,0.3910000000000001,0.40925000000000006,0.4275,0.43999999999999995,0.45249999999999996,0.46499999999999997,0.4775,0.48287499999999994,0.4882499999999999,0.49362499999999987,0.49899999999999983,0.4989999999999998,0.4989999999999998,0.4989999999999998,0.49899999999999983,0.48899999999999977,0.47899999999999976,0.4689999999999998,0.45899999999999985,0.4386249999999999,0.4182499999999999,0.397875,0.3775
4.86,0.01,0.019999999999999997,0.03,0.045,0.06,0.08320000000000002,0.10640000000000004,0.12960000000000005,0.15280000000000007,0.18029999999999996,0.20779999999999987,0.2352999999999998,0.2627999999999997,0.28564999999999985,0.3085,0.33135000000000014,0.3542000000000003,0.3724000000000002,0.3906000000000001,0.40880000000000005,0.427,0.4395,0.45199999999999996,0.46449999999999997,0.477,0.48234999999999995,0.4876999999999999,0.4930499999999999,0.49839999999999984,0.49839999999999984,0.49839999999999984,0.49839999999999984,0.49839999999999984,0.48839999999999983,0.4783999999999998,0.4683999999999998,0.45839999999999986,0.43804999999999983,0.41769999999999985,0.3973499999999999,0.377
4.87,0.01,0.019999999999999997,0.03,0.045,0.06,0.08315000000000002,0.10630000000000003,0.12945000000000007,0.15260000000000007,0.18009999999999998,0.2075999999999999,0.2350999999999998,0.2625999999999997,0.2854249999999998,0.30824999999999997,0.3310750000000001,0.35390000000000027,0.3720500000000002,0.3902000000000001,0.40835000000000005,0.4265,0.43899999999999995,0.45149999999999996,0.46399999999999997,0.4765,0.48182499999999995,0.4871499999999999,0.4924749999999999,0.49779999999999985,0.4977999999999998,0.4977999999999998,0.4977999999999998,0.49779999999999985,0.4877999999999998,0.4777999999999998,0.4677999999999998,0.4577999999999999,0.4374749999999999,0.4171499999999999,0.396825,0.3765
4.88,0.01,0.019999999999999997,0.03,0.045,0.06,0.08310000000000001,0.10620000000000003,0.12930000000000005,0.15240000000000006,0.17989999999999995,0.20739999999999986,0.2348999999999998,0.26239999999999974,0.28519999999999984,0.30799999999999994,0.3308000000000001,0.35360000000000025,0.37170000000000014,0.3898000000000001,0.40790000000000004,0.426,0.4385,0.45099999999999996,0.46349999999999997,0.476,0.48129999999999995,0.4865999999999999,0.4918999999999999,0.49719999999999986,0.49719999999999986,0.49719999999999986,0.49719999999999986,0.49719999999999986,0.48719999999999986,0.47719999999999985,0.46719999999999984,0.4571999999999999,0.43689999999999984,0.41659999999999986,0.39629999999999993,0.376
4.89,0.01,0.019999999999999997,0.03,0.045,0.06,0.08305000000000001,0.10610000000000003,0.12915000000000004,0.15220000000000006,0.17969999999999997,0.20719999999999988,0.23469999999999983,0.26219999999999977,0.28497499999999987,0.30774999999999997,0.33052500000000007,0.3533000000000002,0.3713500000000002,0.3894000000000001,0.40745000000000003,0.4255,0.43799999999999994,0.45049999999999996,0.46299999999999997,0.4755,0.48077499999999995,0.4860499999999999,0.4913249999999999,0.4965999999999999,0.4965999999999998,0.4965999999999998,0.4965999999999998,0.4965999999999999,0.4865999999999998,0.4765999999999998,0.46659999999999985,0.4565999999999999,0.4363249999999999,0.4160499999999999,0.395775,0.3755
4.9,0.01,0.019999999999999997,0.03,0.045,0.06,0.08300000000000002,0.10600000000000002,0.12900000000000003,0.15200000000000005,0.1795,0.2069999999999999,0.23449999999999985,0.2619999999999998,0.28474999999999984,0.30749999999999994,0.33025000000000004,0.3530000000000002,0.3710000000000001,0.38900000000000007,0.40700000000000003,0.425,0.4375,0.44999999999999996,0.46249999999999997,0.475,0.48024999999999995,0.48549999999999993,0.4907499999999999,0.4959999999999999,0.4959999999999999,0.4959999999999999,0.4959999999999999,0.4959999999999999,0.4859999999999999,0.47599999999999987,0.46599999999999986,0.4559999999999999,0.43574999999999986,0.41549999999999987,0.39524999999999993,0.375
4.91,0.01,0.019999999999999997,0.03,0.045,0.06,0.08295000000000001,0.10590000000000002,0.12885000000000002,0.15180000000000005,0.17929999999999996,0.2067999999999999,0.23429999999999984,0.2617999999999998,0.28452499999999986,0.3072499999999999,0.329975,0.3527000000000002,0.37065000000000015,0.38860000000000006,0.40655,0.4245,0.43699999999999994,0.44949999999999996,0.46199999999999997,0.4745,0.47972499999999996,0.48494999999999994,0.4901749999999999,0.4953999999999999,0.49539999999999984,0.49539999999999984,0.49539999999999984,0.4953999999999999,0.48539999999999983,0.4753999999999998,0.46539999999999987,0.4553999999999999,0.4351749999999999,0.41494999999999993,0.394725,0.3745
4.92,0.01,0.019999999999999997,0.03,0.045,0.06,0.0829,0.10580000000000002,0.12870000000000004,0.15160000000000004,0.17909999999999998,0.20659999999999992,0.23409999999999986,0.26159999999999983,0.2842999999999999,0.30699999999999994,0.32970000000000005,0.35240000000000016,0.3703000000000001,0.38820000000000005,0.4061,0.424,0.4365,0.44899999999999995,0.46149999999999997,0.474,0.47919999999999996,0.48439999999999994,0.4895999999999999,0.4947999999999999,0.4947999999999999,0.4947999999999999,0.4947999999999999,0.4947999999999999,0.4847999999999999,0.4747999999999999,0.4647999999999999,0.4547999999999999,0.4345999999999999,0.4143999999999999,0.39419999999999994,0.374
4.93,0.01,0.019999999999999997,0.03,0.045,0.06,0.08285000000000001,0.10570000000000002,0.12855000000000003,0.15140000000000003,0.17889999999999998,0.20639999999999992,0.23389999999999989,0.26139999999999985,0.2840749999999999,0.30674999999999997,0.3294250000000001,0.35210000000000014,0.3699500000000001,0.38780000000000003,0.40565,0.4235,0.43599999999999994,0.44849999999999995,0.46099999999999997,0.4735,0.47867499999999996,0.48384999999999995,0.48902499999999993,0.4941999999999999,0.49419999999999986,0.49419999999999986,0.49419999999999986,0.4941999999999999,0.48419999999999985,0.47419999999999984,0.4641999999999999,0.45419999999999994,0.43402499999999994,0.41384999999999994,0.393675,0.3735
4.94,0.01,0.019999999999999997,0.03,0.045,0.06,0.08280000000000001,0.10560000000000001,0.12840000000000001,0.15120000000000003,0.17869999999999997,0.20619999999999994,0.2336999999999999,0.2611999999999999,0.28384999999999994,0.3065,0.32915000000000005,0.3518000000000001,0.36960000000000004,0.3874,0.4052,0.423,0.4355,0.44799999999999995,0.46049999999999996,0.473,0.47814999999999996,0.48329999999999995,0.48844999999999994,0.4935999999999999,0.4935999999999999,0.4935999999999999,0.4935999999999999,0.4935999999999999,0.4835999999999999,0.4735999999999999,0.4635999999999999,0.45359999999999995,0.4334499999999999,0.4132999999999999,0.39314999999999994,0.373
4.95,0.01,0.019999999999999997,0.03,0.045,0.06,0.08275,0.10550000000000001,0.12825000000000003,0.15100000000000002,0.1785,0.20599999999999996,0.23349999999999993,0.2609999999999999,0.2836249999999999,0.30624999999999997,0.32887500000000003,0.3515000000000001,0.3692500000000001,0.387,0.40475,0.4225,0.43499999999999994,0.44749999999999995,0.45999999999999996,0.4725,0.47762499999999997,0.48274999999999996,0.48787499999999995,0.49299999999999994,0.4929999999999999,0.4929999999999999,0.4929999999999999,0.49299999999999994,0.4829999999999999,0.47299999999999986,0.4629999999999999,0.45299999999999996,0.43287499999999995,0.41274999999999995,0.392625,0.3725
4.96,0.01,0.019999999999999997,0.03,0.045,0.06,0.0827,0.10540000000000001,0.12810000000000002,0.15080000000000002,0.17829999999999996,0.20579999999999993,0.23329999999999992,0.2607999999999999,0.28339999999999993,0.30599999999999994,0.3286,0.35120000000000007,0.3689,0.3866,0.4043,0.422,0.4345,0.44699999999999995,0.45949999999999996,0.472,0.47709999999999997,0.48219999999999996,0.48729999999999996,0.49239999999999995,0.49239999999999995,0.49239999999999995,0.49239999999999995,0.49239999999999995,0.48239999999999994,0.47239999999999993,0.4623999999999999,0.45239999999999997,0.4322999999999999,0.4121999999999999,0.39209999999999995,0.372
4.97,0.01,0.019999999999999997,0.03,0.045,0.06,0.08265,0.1053,0.12795,0.1506,0.17809999999999998,0.20559999999999995,0.23309999999999995,0.26059999999999994,0.28317499999999995,0.30574999999999997,0.328325,0.35090000000000005,0.36855000000000004,0.3862,0.40385,0.4215,0.43399999999999994,0.44649999999999995,0.45899999999999996,0.4715,0.47657499999999997,0.48164999999999997,0.48672499999999996,0.49179999999999996,0.4917999999999999,0.4917999999999999,0.4917999999999999,0.49179999999999996,0.4817999999999999,0.4717999999999999,0.46179999999999993,0.4518,0.43172499999999997,0.41164999999999996,0.391575,0.3715
4.98,0.01,0.019999999999999997,0.03,0.045,0.06,0.0826,0.1052,0.1278,0.1504,0.1779,0.20539999999999997,0.23289999999999997,0.26039999999999996,0.2829499999999999,0.30549999999999994,0.32804999999999995,0.3506,0.36819999999999997,0.3858,0.4034,0.421,0.4335,0.44599999999999995,0.45849999999999996,0.471,0.47605,0.48109999999999997,0.48614999999999997,0.49119999999999997,0.49119999999999997,0.49119999999999997,0.49119999999999997,0.49119999999999997,0.48119999999999996,0.47119999999999995,0.46119999999999994,0.4512,0.4311499999999999,0.4110999999999999,0.39104999999999995,0.371
4.99,0.01,0.019999999999999997,0.03,0.045,0.06,0.08255,0.1051,0.12764999999999999,0.1502,0.17769999999999997,0.20519999999999997,0.23269999999999996,0.2602,0.28272499999999995,0.3052499999999999,0.3277749999999999,0.3503,0.36785,0.38539999999999996,0.40295,0.4205,0.43299999999999994,0.44549999999999995,0.45799999999999996,0.4705,0.475525,0.48055,0.485575,0.4906,0.4905999999999999,0.4905999999999999,0.4905999999999999,0.4906,0.4805999999999999,0.4705999999999999,0.46059999999999995,0.4506,0.430575,0.41054999999999997,0.390525,0.3705
5,0.01,0.019999999999999997,0.03,0.045,0.06,0.08249999999999999,0.105,0.1275,0.15,0.1775,0.205,0.23249999999999998,0.26,0.2825,0.30499999999999994,0.32749999999999996,0.35,0.36749999999999994,0.38499999999999995,0.40249999999999997,0.42,0.4325,0.44499999999999995,0.45749999999999996,0.47,0.475,0.48,0.485,0.49,0.49,0.49,0.49,0.49,0.48,0.47,0.45999999999999996,0.45,0.42999999999999994,0.4099999999999999,0.38999999999999996,0.37
5.01,0.01,0.019999999999999997,0.03,0.044828571428571495,0.059657142857142985,0.0822303571428571,0.10480357142857122,0.12737678571428535,0.14994999999999944,0.17730249999999953,0.2046549999999996,0.23200749999999967,0.25935999999999976,0.28183999999999976,0.3043199999999998,0.32679999999999987,0.34927999999999987,0.3668349999999999,0.38438999999999995,0.401945,0.41950000000000004,0.43206750000000016,0.44463500000000034,0.45720250000000057,0.4697700000000008,0.4748199999999999,0.4798699999999991,0.48491999999999824,0.48996999999999746,0.48996999999999746,0.48996999999999746,0.48996999999999746,0.48996999999999746,0.47993999999999765,0.46990999999999783,0.45987999999999807,0.44984999999999836,0.4298374999999982,0.40982499999999805,0.3898124999999979,0.3697999999999978
5.02,0.01,0.019999999999999997,0.03,0.04465714285714292,0.05931428571428584,0.08196071428571425,0.10460714285714265,0.12725357142857105,0.14989999999999945,0.1771049999999995,0.2043099999999996,0.2315149999999997,0.2587199999999998,0.28117999999999976,0.3036399999999998,0.32609999999999983,0.34855999999999987,0.3661699999999999,0.3837799999999999,0.40138999999999997,0.41900000000000004,0.4316350000000002,0.4442700000000004,0.45690500000000056,0.4695400000000008,0.47463999999999995,0.4797399999999991,0.4848399999999983,0.4899399999999975,0.4899399999999975,0.4899399999999975,0.4899399999999975,0.4899399999999975,0.4798799999999977,0.4698199999999979,0.45975999999999817,0.4496999999999984,0.42967499999999825,0.40964999999999807,0.38962499999999795,0.3695999999999978
5.03,0.01,0.019999999999999997,0.03,0.04448571428571435,0.058971428571428695,0.08169107142857139,0.10441071428571408,0.12713035714285675,0.14984999999999946,0.17690749999999955,0.20396499999999962,0.23102249999999971,0.2580799999999998,0.28051999999999977,0.3029599999999998,0.3253999999999998,0.34783999999999987,0.36550499999999986,0.3831699999999999,0.40083499999999994,0.41850000000000004,0.43120250000000016,0.4439050000000003,0.45660750000000055,0.4693100000000008,0.47445999999999994,0.4796099999999991,0.4847599999999983,0.4899099999999975,0.4899099999999975,0.4899099999999975,0.4899099999999975,0.4899099999999975,0.4798199999999977,0.4697299999999979,0.45963999999999816,0.4495499999999984,0.4295124999999982,0.40947499999999803,0.38943749999999794,0.36939999999999784
5.04,0.01,0.019999999999999997,0.03,0.04431428571428578,0.05862857142857155,0.08142142857142853,0.10421428571428551,0.12700714285714249,0.14979999999999946,0.17670999999999953,0.20361999999999963,0.23052999999999974,0.25743999999999984,0.2798599999999998,0.30227999999999977,0.3246999999999998,0.3471199999999999,0.3648399999999999,0.3825599999999999,0.40027999999999997,0.41800000000000004,0.4307700000000002,0.4435400000000004,0.45631000000000055,0.4690800000000008,0.4742799999999999,0.47947999999999913,0.48467999999999833,0.48987999999999754,0.48987999999999754,0.48987999999999754,0.48987999999999754,0.48987999999999754,0.47975999999999774,0.46963999999999795,0.45951999999999815,0.4493999999999984,0.42934999999999823,0.4092999999999981,0.389249999999998,0.36919999999999786
5.05,0.01,0.019999999999999997,0.03,0.044142857142857206,0.058285714285714406,0.08115178571428568,0.10401785714285694,0.12688392857142822,0.14974999999999947,0.17651249999999957,0.20327499999999965,0.23003749999999976,0.25679999999999986,0.2791999999999999,0.30159999999999987,0.32399999999999984,0.3463999999999999,0.3641749999999999,0.38194999999999996,0.399725,0.41750000000000004,0.43033750000000015,0.4431750000000003,0.45601250000000054,0.46885000000000077,0.47409999999999997,0.47934999999999917,0.48459999999999837,0.48984999999999757,0.48984999999999757,0.48984999999999757,0.48984999999999757,0.48984999999999757,0.47969999999999774,0.4695499999999979,0.45939999999999814,0.44924999999999843,0.4291874999999983,0.40912499999999813,0.389062499999998,0.3689999999999979
5.06,0.01,0.019999999999999997,0.03,0.043971428571428633,0.05794285714285726,0.08088214285714282,0.10382142857142837,0.12676071428571392,0.14969999999999947,0.17631499999999956,0.20292999999999967,0.22954499999999978,0.2561599999999999,0.2785399999999999,0.30091999999999985,0.32329999999999987,0.3456799999999999,0.3635099999999999,0.3813399999999999,0.39916999999999997,0.41700000000000004,0.4299050000000002,0.44281000000000037,0.45571500000000054,0.46862000000000076,0.4739199999999999,0.4792199999999991,0.48451999999999834,0.4898199999999976,0.4898199999999976,0.4898199999999976,0.4898199999999976,0.4898199999999976,0.4796399999999978,0.469459999999998,0.45927999999999825,0.44909999999999844,0.4290249999999983,0.40894999999999815,0.38887499999999803,0.3687999999999979
5.07,0.01,0.019999999999999997,0.03,0.04380000000000006,0.057600000000000116,0.08061249999999996,0.1036249999999998,0.12663749999999963,0.14964999999999948,0.1761174999999996,0.20258499999999968,0.2290524999999998,0.2555199999999999,0.2778799999999999,0.3002399999999999,0.3225999999999999,0.3449599999999999,0.36284499999999986,0.3807299999999999,0.39861499999999994,0.41650000000000004,0.42947250000000015,0.4424450000000003,0.45541750000000053,0.46839000000000075,0.47373999999999994,0.4790899999999991,0.48443999999999837,0.4897899999999976,0.4897899999999976,0.4897899999999976,0.4897899999999976,0.4897899999999976,0.4795799999999978,0.469369999999998,0.45915999999999824,0.44894999999999846,0.42886249999999826,0.4087749999999981,0.388687499999998,0.36859999999999793
5.08,0.01,0.019999999999999997,0.03,0.04362857142857149,0.05725714285714297,0.0803428571428571,0.10342857142857123,0.12651428571428536,0.14959999999999948,0.17591999999999958,0.2022399999999997,0.22855999999999982,0.25487999999999994,0.2772199999999999,0.2995599999999999,0.32189999999999985,0.3442399999999999,0.3621799999999999,0.3801199999999999,0.39805999999999997,0.41600000000000004,0.4290400000000002,0.44208000000000036,0.4551200000000005,0.46816000000000074,0.47356,0.47895999999999916,0.4843599999999984,0.48975999999999764,0.48975999999999764,0.48975999999999764,0.48975999999999764,0.48975999999999764,0.47951999999999784,0.46927999999999803,0.4590399999999982,0.4487999999999985,0.4286999999999983,0.4085999999999982,0.38849999999999807,0.36839999999999795
5.09,0.01,0.019999999999999997,0.03,0.043457142857142916,0.05691428571428583,0.08007321428571425,0.10323214285714266,0.1263910714285711,0.1495499999999995,0.17572249999999962,0.2018949999999997,0.22806749999999984,0.25423999999999997,0.2765599999999999,0.2988799999999999,0.32119999999999993,0.3435199999999999,0.3615149999999999,0.37950999999999996,0.397505,0.41550000000000004,0.42860750000000014,0.4417150000000003,0.4548225000000005,0.46793000000000073,0.4733799999999999,0.47882999999999915,0.4842799999999984,0.48972999999999767,0.48972999999999767,0.48972999999999767,0.48972999999999767,0.48972999999999767,0.47945999999999783,0.469189999999998,0.4589199999999982,0.4486499999999985,0.42853749999999835,0.4084249999999982,0.38831249999999806,0.368199999999998
5.1,0.01,0.019999999999999997,0.03,0.043285714285714344,0.05657142857142868,0.07980357142857139,0.10303571428571409,0.1262678571428568,0.1494999999999995,0.1755249999999996,0.20154999999999973,0.22757499999999986,0.2536,0.2758999999999999,0.2981999999999999,0.3204999999999999,0.3427999999999999,0.3608499999999999,0.3788999999999999,0.39694999999999997,0.41500000000000004,0.4281750000000002,0.44135000000000035,0.4545250000000005,0.4677000000000007,0.47319999999999995,0.4786999999999992,0.4841999999999984,0.4896999999999977,0.4896999999999977,0.4896999999999977,0.4896999999999977,0.4896999999999977,0.4793999999999979,0.4690999999999981,0.4587999999999983,0.4484999999999985,0.4283749999999984,0.4082499999999982,0.3881249999999981,0.367999999999998
5.11,0.01,0.019999999999999997,0.03,0.04311428571428577,0.05622857142857154,0.07953392857142853,0.10283928571428552,0.1261446428571425,0.1494499999999995,0.17532749999999964,0.20120499999999975,0.22708249999999988,0.25296,0.27523999999999993,0.2975199999999999,0.31979999999999986,0.3420799999999999,0.36018499999999987,0.3782899999999999,0.39639499999999994,0.41450000000000004,0.42774250000000014,0.4409850000000003,0.4542275000000005,0.4674700000000007,0.47301999999999994,0.47856999999999916,0.48411999999999844,0.4896699999999977,0.4896699999999977,0.4896699999999977,0.4896699999999977,0.4896699999999977,0.4793399999999979,0.4690099999999981,0.4586799999999983,0.4483499999999985,0.42821249999999833,0.4080749999999982,0.3879374999999981,0.367799999999998
5.12,0.01,0.019999999999999997,0.03,0.0429428571428572,0.05588571428571439,0.07926428571428568,0.10264285714285695,0.12602142857142823,0.1493999999999995,0.17512999999999962,0.20085999999999976,0.2265899999999999,0.25232000000000004,0.27457999999999994,0.2968399999999999,0.3190999999999999,0.3413599999999999,0.3595199999999999,0.3776799999999999,0.39583999999999997,0.41400000000000003,0.4273100000000002,0.44062000000000034,0.4539300000000005,0.4672400000000007,0.4728399999999999,0.4784399999999992,0.48403999999999847,0.48963999999999774,0.48963999999999774,0.48963999999999774,0.48963999999999774,0.48963999999999774,0.47927999999999793,0.4689199999999981,0.4585599999999983,0.44819999999999854,0.4280499999999984,0.40789999999999826,0.38774999999999815,0.36759999999999804
5.13,0.01,0.019999999999999997,0.03,0.04277142857142863,0.05554285714285725,0.07899464285714282,0.10244642857142838,0.12589821428571396,0.1493499999999995,0.17493249999999966,0.20051499999999978,0.22609749999999992,0.25168000000000007,0.27392000000000005,0.29616,0.3183999999999999,0.3406399999999999,0.3588549999999999,0.37706999999999996,0.395285,0.41350000000000003,0.42687750000000013,0.4402550000000003,0.4536325000000005,0.4670100000000007,0.47265999999999997,0.47830999999999924,0.4839599999999985,0.48960999999999777,0.48960999999999777,0.48960999999999777,0.48960999999999777,0.48960999999999777,0.4792199999999979,0.4688299999999981,0.4584399999999983,0.44804999999999856,0.4278874999999984,0.4077249999999983,0.38756249999999814,0.36739999999999806
5.14,0.01,0.019999999999999997,0.03,0.042600000000000054,0.0552000000000001,0.07872499999999996,0.10224999999999981,0.12577499999999966,0.14929999999999952,0.17473499999999964,0.2001699999999998,0.22560499999999994,0.2510400000000001,0.27326000000000006,0.29547999999999996,0.3176999999999999,0.3399199999999999,0.3581899999999999,0.3764599999999999,0.39472999999999997,0.41300000000000003,0.4264450000000002,0.43989000000000034,0.4533350000000005,0.4667800000000007,0.4724799999999999,0.47817999999999916,0.4838799999999985,0.4895799999999978,0.4895799999999978,0.4895799999999978,0.4895799999999978,0.4895799999999978,0.479159999999998,0.46873999999999816,0.4583199999999984,0.4478999999999986,0.42772499999999847,0.4075499999999983,0.3873749999999982,0.3671999999999981
5.15,0.01,0.019999999999999997,0.03,0.04242857142857148,0.05485714285714296,0.0784553571428571,0.10205357142857124,0.12565178571428537,0.14924999999999952,0.17453749999999968,0.1998249999999998,0.22511249999999997,0.2504000000000001,0.27260000000000006,0.2948,0.31699999999999995,0.3391999999999999,0.35752499999999987,0.3758499999999999,0.39417499999999994,0.41250000000000003,0.4260125000000001,0.4395250000000003,0.4530375000000005,0.4665500000000007,0.47229999999999994,0.4780499999999992,0.4837999999999985,0.4895499999999978,0.4895499999999978,0.4895499999999978,0.4895499999999978,0.4895499999999978,0.47909999999999797,0.4686499999999982,0.4581999999999984,0.4477499999999986,0.4275624999999984,0.40737499999999827,0.3871874999999982,0.3669999999999981
5.16,0.01,0.019999999999999997,0.03,0.04225714285714291,0.054514285714285814,0.07818571428571425,0.10185714285714267,0.1255285714285711,0.14919999999999953,0.17433999999999966,0.19947999999999982,0.22462,0.24976000000000015,0.27194000000000007,0.29412,0.3162999999999999,0.3384799999999999,0.3568599999999999,0.3752399999999999,0.39361999999999997,0.41200000000000003,0.4255800000000002,0.43916000000000033,0.4527400000000005,0.4663200000000007,0.47212,0.47791999999999923,0.48371999999999854,0.48951999999999785,0.48951999999999785,0.48951999999999785,0.48951999999999785,0.48951999999999785,0.479039999999998,0.4685599999999982,0.4580799999999984,0.4475999999999986,0.42739999999999845,0.40719999999999834,0.38699999999999823,0.3667999999999981
5.17,0.01,0.019999999999999997,0.03,0.04208571428571434,0.05417142857142867,0.07791607142857139,0.1016607142857141,0.12540535714285683,0.14914999999999953,0.1741424999999997,0.19913499999999984,0.22412749999999998,0.24912000000000015,0.27128,0.2934399999999999,0.3155999999999999,0.3377599999999999,0.35619499999999993,0.37462999999999996,0.393065,0.41150000000000003,0.4251475000000001,0.43879500000000027,0.45244250000000047,0.46609000000000067,0.4719399999999999,0.4777899999999992,0.4836399999999985,0.48948999999999787,0.48948999999999787,0.48948999999999787,0.48948999999999787,0.48948999999999787,0.478979999999998,0.46846999999999817,0.45795999999999837,0.4474499999999986,0.4272374999999985,0.40702499999999836,0.3868124999999982,0.36659999999999815
5.18,0.01,0.019999999999999997,0.03,0.041914285714285765,0.053828571428571524,0.07764642857142853,0.10146428571428553,0.12528214285714254,0.14909999999999954,0.17394499999999968,0.19878999999999983,0.22363499999999997,0.24848000000000015,0.2706200000000001,0.29276,0.31489999999999996,0.3370399999999999,0.3555299999999999,0.3740199999999999,0.39250999999999997,0.41100000000000003,0.4247150000000002,0.4384300000000003,0.45214500000000046,0.46586000000000066,0.47175999999999996,0.47765999999999925,0.48355999999999855,0.4894599999999979,0.4894599999999979,0.4894599999999979,0.4894599999999979,0.4894599999999979,0.47891999999999807,0.46837999999999824,0.45783999999999847,0.44729999999999864,0.42707499999999854,0.4068499999999984,0.3866249999999983,0.36639999999999817
5.19,0.01,0.019999999999999997,0.03,0.04174285714285719,0.05348571428571438,0.07737678571428568,0.10126785714285697,0.12515892857142824,0.14904999999999954,0.17374749999999967,0.19844499999999982,0.22314249999999997,0.24784000000000014,0.2699600000000001,0.29208,0.3141999999999999,0.3363199999999999,0.3548649999999999,0.3734099999999999,0.39195499999999994,0.41050000000000003,0.4242825000000001,0.43806500000000026,0.45184750000000046,0.46563000000000065,0.47157999999999994,0.47752999999999923,0.4834799999999986,0.4894299999999979,0.4894299999999979,0.4894299999999979,0.4894299999999979,0.4894299999999979,0.47885999999999806,0.46828999999999826,0.45771999999999846,0.44714999999999866,0.4269124999999985,0.40667499999999834,0.38643749999999827,0.3661999999999982
5.2,0.01,0.019999999999999997,0.03,0.04157142857142862,0.053142857142857235,0.07710714285714282,0.1010714285714284,0.12503571428571397,0.14899999999999955,0.1735499999999997,0.19809999999999983,0.22265,0.24720000000000014,0.2693000000000001,0.2914,0.31349999999999995,0.3355999999999999,0.3541999999999999,0.3727999999999999,0.39139999999999997,0.41000000000000003,0.42385000000000017,0.4377000000000003,0.45155000000000045,0.46540000000000065,0.47139999999999993,0.47739999999999927,0.4833999999999986,0.48939999999999795,0.48939999999999795,0.48939999999999795,0.48939999999999795,0.48939999999999795,0.4787999999999981,0.4681999999999983,0.45759999999999845,0.4469999999999987,0.4267499999999985,0.4064999999999984,0.3862499999999983,0.3659999999999982
5.21,0.01,0.019999999999999997,0.03,0.04140000000000005,0.05280000000000009,0.07683749999999996,0.10087499999999983,0.12491249999999969,0.14894999999999955,0.1733524999999997,0.19775499999999985,0.2221575,0.24656000000000014,0.26864000000000005,0.29072,0.31279999999999997,0.3348799999999999,0.35353499999999993,0.37218999999999997,0.390845,0.40950000000000003,0.4234175000000001,0.43733500000000025,0.45125250000000044,0.46517000000000064,0.47121999999999997,0.4772699999999993,0.48331999999999864,0.489369999999998,0.489369999999998,0.489369999999998,0.489369999999998,0.489369999999998,0.4787399999999981,0.46810999999999825,0.45747999999999844,0.4468499999999987,0.42658749999999857,0.40632499999999844,0.3860624999999983,0.36579999999999824
5.22,0.01,0.019999999999999997,0.03,0.041228571428571475,0.052457142857142945,0.0765678571428571,0.10067857142857126,0.12478928571428541,0.14889999999999956,0.17315499999999967,0.1974099999999998,0.22166499999999997,0.24592000000000014,0.26798000000000005,0.29003999999999996,0.31209999999999993,0.3341599999999999,0.3528699999999999,0.3715799999999999,0.39028999999999997,0.40900000000000003,0.42298500000000017,0.4369700000000003,0.45095500000000044,0.46494000000000063,0.4710399999999999,0.47713999999999923,0.4832399999999986,0.489339999999998,0.489339999999998,0.489339999999998,0.489339999999998,0.489339999999998,0.47867999999999816,0.4680199999999983,0.45735999999999855,0.4466999999999987,0.4264249999999986,0.40614999999999846,0.38587499999999836,0.36559999999999826
5.23,0.01,0.019999999999999997,0.03,0.0410571428571429,0.0521142857142858,0.07629821428571425,0.10048214285714269,0.12466607142857113,0.14884999999999957,0.1729574999999997,0.19706499999999985,0.2211725,0.24528000000000014,0.26732000000000006,0.28935999999999995,0.3113999999999999,0.3334399999999999,0.3522049999999999,0.3709699999999999,0.38973499999999994,0.40850000000000003,0.4225525000000001,0.43660500000000024,0.45065750000000043,0.4647100000000006,0.47085999999999995,0.47700999999999927,0.48315999999999865,0.489309999999998,0.489309999999998,0.489309999999998,0.489309999999998,0.489309999999998,0.47861999999999816,0.46792999999999835,0.45723999999999854,0.4465499999999987,0.42626249999999855,0.4059749999999984,0.38568749999999835,0.3653999999999983
5.24,0.01,0.019999999999999997,0.03,0.04088571428571433,0.051771428571428656,0.07602857142857139,0.10028571428571412,0.12454285714285684,0.14879999999999957,0.1727599999999997,0.19671999999999984,0.22068,0.24464000000000014,0.26666,0.28867999999999994,0.3106999999999999,0.3327199999999999,0.3515399999999999,0.3703599999999999,0.38917999999999997,0.40800000000000003,0.42212000000000016,0.4362400000000003,0.4503600000000004,0.4644800000000006,0.47068,0.4768799999999993,0.4830799999999987,0.48927999999999805,0.48927999999999805,0.48927999999999805,0.48927999999999805,0.48927999999999805,0.4785599999999982,0.46783999999999837,0.4571199999999985,0.44639999999999874,0.4260999999999986,0.4057999999999985,0.3854999999999984,0.3651999999999983
5.25,0.01,0.019999999999999997,0.03,0.04071428571428576,0.05142857142857151,0.07575892857142853,0.10008928571428555,0.12441964285714256,0.14874999999999958,0.17256249999999973,0.19637499999999986,0.22018749999999998,0.24400000000000013,0.26600000000000007,0.28800000000000003,0.30999999999999994,0.3319999999999999,0.35087499999999994,0.36974999999999997,0.388625,0.40750000000000003,0.4216875000000001,0.43587500000000023,0.4500625000000004,0.4642500000000006,0.4704999999999999,0.4767499999999993,0.48299999999999865,0.4892499999999981,0.4892499999999981,0.4892499999999981,0.4892499999999981,0.4892499999999981,0.4784999999999982,0.46774999999999833,0.4569999999999985,0.44624999999999876,0.42593749999999864,0.4056249999999985,0.3853124999999984,0.3649999999999983
5.26,0.01,0.019999999999999997,0.03,0.040542857142857186,0.051085714285714366,0.07548928571428568,0.09989285714285698,0.12429642857142828,0.14869999999999958,0.1723649999999997,0.19602999999999984,0.21969499999999997,0.24336000000000013,0.26534,0.28731999999999996,0.3092999999999999,0.3312799999999999,0.3502099999999999,0.3691399999999999,0.38806999999999997,0.40700000000000003,0.42125500000000016,0.4355100000000003,0.4497650000000004,0.4640200000000006,0.47031999999999996,0.4766199999999993,0.4829199999999987,0.4892199999999981,0.4892199999999981,0.4892199999999981,0.4892199999999981,0.4892199999999981,0.47843999999999826,0.4676599999999984,0.4568799999999986,0.4460999999999988,0.4257749999999987,0.40544999999999853,0.38512499999999844,0.36479999999999835
5.27,0.01,0.019999999999999997,0.03,0.040371428571428614,0.05074285714285722,0.07521964285714282,0.09969642857142841,0.124173214285714,0.1486499999999996,0.1721674999999997,0.19568499999999983,0.21920249999999997,0.24272000000000013,0.2646800000000001,0.28664,0.3086,0.3305599999999999,0.3495449999999999,0.3685299999999999,0.38751499999999994,0.40650000000000003,0.4208225000000001,0.4351450000000002,0.4494675000000004,0.4637900000000006,0.47013999999999995,0.4764899999999993,0.4828399999999987,0.4891899999999981,0.4891899999999981,0.4891899999999981,0.4891899999999981,0.4891899999999981,0.47837999999999825,0.46756999999999843,0.4567599999999986,0.4459499999999988,0.4256124999999986,0.4052749999999985,0.38493749999999843,0.36459999999999837
5.28,0.01,0.019999999999999997,0.03,0.04020000000000004,0.05040000000000008,0.07494999999999996,0.09949999999999984,0.12404999999999972,0.1485999999999996,0.17196999999999973,0.19533999999999985,0.21871,0.24208000000000013,0.26402000000000003,0.28596,0.30789999999999995,0.3298399999999999,0.3488799999999999,0.3679199999999999,0.38695999999999997,0.406,0.42039000000000015,0.4347800000000003,0.4491700000000004,0.4635600000000006,0.46995999999999993,0.47635999999999934,0.48275999999999875,0.48915999999999815,0.48915999999999815,0.48915999999999815,0.48915999999999815,0.48915999999999815,0.4783199999999983,0.46747999999999845,0.4566399999999986,0.4457999999999988,0.42544999999999866,0.4050999999999986,0.3847499999999985,0.3643999999999984
5.29,0.01,0.019999999999999997,0.03,0.04002857142857147,0.05005714285714293,0.0746803571428571,0.09930357142857127,0.12392678571428543,0.1485499999999996,0.17177249999999972,0.19499499999999986,0.2182175,0.24144000000000013,0.26336000000000004,0.28528,0.3071999999999999,0.3291199999999999,0.34821499999999994,0.36730999999999997,0.386405,0.4055,0.4199575000000001,0.4344150000000002,0.4488725000000004,0.4633300000000006,0.46978,0.4762299999999994,0.4826799999999988,0.4891299999999982,0.4891299999999982,0.4891299999999982,0.4891299999999982,0.4891299999999982,0.4782599999999983,0.4673899999999984,0.4565199999999986,0.4456499999999988,0.4252874999999987,0.4049249999999986,0.3845624999999985,0.3641999999999984
5.3,0.01,0.019999999999999997,0.03,0.039857142857142897,0.04971428571428579,0.07441071428571425,0.0991071428571427,0.12380357142857115,0.1484999999999996,0.1715749999999997,0.19464999999999982,0.21772499999999997,0.24080000000000013,0.26270000000000004,0.28459999999999996,0.30649999999999994,0.3283999999999999,0.3475499999999999,0.3666999999999999,0.38584999999999997,0.405,0.41952500000000015,0.43405000000000027,0.4485750000000004,0.46310000000000057,0.4695999999999999,0.4760999999999993,0.48259999999999875,0.4890999999999982,0.4890999999999982,0.4890999999999982,0.4890999999999982,0.4890999999999982,0.47819999999999835,0.4672999999999985,0.4563999999999987,0.44549999999999884,0.42512499999999875,0.4047499999999986,0.3843749999999985,0.36399999999999844
5.31,0.01,0.019999999999999997,0.03,0.039685714285714324,0.04937142857142864,0.07414107142857139,0.09891071428571413,0.12368035714285687,0.1484499999999996,0.17137749999999974,0.19430499999999987,0.2172325,0.24016000000000012,0.26204000000000005,0.28392,0.30579999999999996,0.3276799999999999,0.3468849999999999,0.3660899999999999,0.38529499999999994,0.4045,0.4190925000000001,0.4336850000000002,0.4482775000000004,0.46287000000000056,0.46941999999999995,0.47596999999999934,0.4825199999999988,0.48906999999999823,0.48906999999999823,0.48906999999999823,0.48906999999999823,0.48906999999999823,0.47813999999999834,0.4672099999999985,0.4562799999999987,0.44534999999999886,0.4249624999999987,0.4045749999999986,0.3841874999999985,0.36379999999999846
5.32,0.01,0.019999999999999997,0.03,0.03951428571428575,0.0490285714285715,0.07387142857142853,0.09871428571428556,0.12355714285714259,0.14839999999999962,0.17117999999999972,0.19395999999999985,0.21674,0.23952000000000012,0.26138000000000006,0.28324,0.3050999999999999,0.3269599999999999,0.3462199999999999,0.3654799999999999,0.38473999999999997,0.404,0.41866000000000014,0.43332000000000026,0.4479800000000004,0.46264000000000055,0.46924,0.4758399999999994,0.4824399999999988,0.48903999999999825,0.48903999999999825,0.48903999999999825,0.48903999999999825,0.48903999999999825,0.4780799999999984,0.46711999999999854,0.4561599999999987,0.4451999999999989,0.42479999999999873,0.40439999999999865,0.38399999999999856,0.3635999999999985
5.33,0.01,0.019999999999999997,0.03,0.03934285714285718,0.04868571428571435,0.07360178571428568,0.09851785714285699,0.1234339285714283,0.14834999999999962,0.17098249999999976,0.19361499999999987,0.21624749999999998,0.23888000000000012,0.26072,0.2825599999999999,0.3043999999999999,0.3262399999999999,0.34555499999999995,0.36486999999999997,0.384185,0.4035,0.4182275000000001,0.4329550000000002,0.44768250000000037,0.46241000000000054,0.4690599999999999,0.47570999999999936,0.4823599999999988,0.4890099999999983,0.4890099999999983,0.4890099999999983,0.4890099999999983,0.4890099999999983,0.4780199999999984,0.4670299999999985,0.45603999999999867,0.4450499999999989,0.4246374999999988,0.40422499999999867,0.38381249999999856,0.3633999999999985
5.34,0.01,0.019999999999999997,0.03,0.03917142857142861,0.04834285714285721,0.07333214285714282,0.09832142857142842,0.12331071428571402,0.14829999999999963,0.17078499999999974,0.19326999999999986,0.21575499999999997,0.23824000000000012,0.26006000000000007,0.28188,0.30369999999999997,0.3255199999999999,0.3448899999999999,0.3642599999999999,0.38362999999999997,0.403,0.41779500000000014,0.43259000000000025,0.44738500000000037,0.46218000000000053,0.46887999999999996,0.4755799999999994,0.4822799999999988,0.4889799999999983,0.4889799999999983,0.4889799999999983,0.4889799999999983,0.4889799999999983,0.47795999999999844,0.4669399999999986,0.45591999999999877,0.4448999999999989,0.4244749999999988,0.4040499999999987,0.3836249999999986,0.3631999999999985
5.35,0.01,0.019999999999999997,0.03,0.039000000000000035,0.04800000000000006,0.07306249999999996,0.09812499999999985,0.12318749999999974,0.14824999999999963,0.17058749999999973,0.19292499999999985,0.21526249999999997,0.23760000000000012,0.2594000000000001,0.2812,0.30299999999999994,0.3247999999999999,0.3442249999999999,0.3636499999999999,0.38307499999999994,0.4025,0.4173625000000001,0.4322250000000002,0.44708750000000036,0.4619500000000005,0.46869999999999995,0.4754499999999994,0.48219999999999885,0.48894999999999833,0.48894999999999833,0.48894999999999833,0.48894999999999833,0.48894999999999833,0.47789999999999844,0.4668499999999986,0.45579999999999876,0.4447499999999989,0.42431249999999876,0.40387499999999865,0.3834374999999986,0.36299999999999855
5.36,0.01,0.019999999999999997,0.03,0.03882857142857146,0.04765714285714292,0.0727928571428571,0.09792857142857128,0.12306428571428546,0.14819999999999964,0.17038999999999976,0.19257999999999986,0.21477,0.23696000000000011,0.2587400000000001,0.28052,0.30229999999999996,0.3240799999999999,0.3435599999999999,0.3630399999999999,0.38251999999999997,0.402,0.41693000000000013,0.43186000000000024,0.44679000000000035,0.4617200000000005,0.46851999999999994,0.4753199999999994,0.4821199999999989,0.48891999999999836,0.48891999999999836,0.48891999999999836,0.48891999999999836,0.48891999999999836,0.4778399999999985,0.4667599999999986,0.45567999999999875,0.44459999999999894,0.4241499999999988,0.4036999999999987,0.38324999999999865,0.36279999999999857
5.37,0.01,0.019999999999999997,0.03,0.03865714285714289,0.047314285714285774,0.07252321428571425,0.09773214285714271,0.12294107142857118,0.14814999999999964,0.17019249999999975,0.19223499999999988,0.2142775,0.2363200000000001,0.25808000000000003,0.27984,0.3016,0.3233599999999999,0.34289499999999995,0.36243,0.381965,0.4015,0.4164975000000001,0.4314950000000002,0.44649250000000035,0.4614900000000005,0.46834,0.47518999999999945,0.4820399999999989,0.4888899999999984,0.4888899999999984,0.4888899999999984,0.4888899999999984,0.4888899999999984,0.4777799999999985,0.4666699999999986,0.45555999999999874,0.44444999999999896,0.42398749999999885,0.40352499999999875,0.38306249999999864,0.3625999999999986
5.38,0.01,0.019999999999999997,0.03,0.03848571428571432,0.04697142857142863,0.07225357142857139,0.09753571428571414,0.1228178571428569,0.14809999999999965,0.16999499999999973,0.19188999999999984,0.21378499999999998,0.2356800000000001,0.25742000000000004,0.27915999999999996,0.30089999999999995,0.3226399999999999,0.3422299999999999,0.3618199999999999,0.38140999999999997,0.401,0.41606500000000013,0.43113000000000024,0.44619500000000034,0.4612600000000005,0.4681599999999999,0.47505999999999937,0.4819599999999989,0.4888599999999984,0.4888599999999984,0.4888599999999984,0.4888599999999984,0.4888599999999984,0.47771999999999853,0.46657999999999866,0.45543999999999885,0.444299999999999,0.4238249999999989,0.40334999999999877,0.3828749999999987,0.3623999999999986
5.39,0.01,0.019999999999999997,0.03,0.038314285714285745,0.046628571428571484,0.07198392857142853,0.09733928571428557,0.12269464285714261,0.14804999999999965,0.16979749999999977,0.19154499999999988,0.2132925,0.2350400000000001,0.25676000000000004,0.27847999999999995,0.3001999999999999,0.32191999999999993,0.3415649999999999,0.3612099999999999,0.38085499999999994,0.4005,0.41563250000000007,0.4307650000000002,0.44589750000000034,0.4610300000000005,0.46797999999999995,0.4749299999999994,0.4818799999999989,0.48882999999999843,0.48882999999999843,0.48882999999999843,0.48882999999999843,0.48882999999999843,0.47765999999999853,0.4664899999999987,0.45531999999999884,0.444149999999999,0.42366249999999883,0.40317499999999873,0.3826874999999987,0.36219999999999863
5.4,0.01,0.019999999999999997,0.03,0.03814285714285717,0.04628571428571434,0.07171428571428567,0.097142857142857,0.12257142857142833,0.14799999999999966,0.16959999999999975,0.19119999999999987,0.2128,0.2344000000000001,0.2561,0.27779999999999994,0.29949999999999993,0.32119999999999993,0.3408999999999999,0.3605999999999999,0.38029999999999997,0.4,0.4152000000000001,0.4304000000000002,0.44560000000000033,0.4608000000000005,0.4678,0.47479999999999944,0.48179999999999895,0.48879999999999846,0.48879999999999846,0.48879999999999846,0.48879999999999846,0.48879999999999846,0.4775999999999986,0.4663999999999987,0.45519999999999883,0.443999999999999,0.4234999999999989,0.4029999999999988,0.38249999999999873,0.36199999999999866
5.41,0.01,0.019999999999999997,0.03,0.0379714285714286,0.045942857142857195,0.07144464285714282,0.09694642857142843,0.12244821428571405,0.14794999999999967,0.1694024999999998,0.19085499999999989,0.21230749999999998,0.2337600000000001,0.25544000000000006,0.27712000000000003,0.29879999999999995,0.32047999999999993,0.34023499999999995,0.35999,0.379745,0.3995,0.41476750000000007,0.43003500000000017,0.4453025000000003,0.4605700000000005,0.4676199999999999,0.4746699999999994,0.4817199999999989,0.4887699999999985,0.4887699999999985,0.4887699999999985,0.4887699999999985,0.4887699999999985,0.4775399999999986,0.46630999999999867,0.4550799999999988,0.443849999999999,0.4233374999999989,0.4028249999999988,0.3823124999999987,0.3617999999999987
5.42,0.01,0.019999999999999997,0.03,0.03780000000000003,0.04560000000000005,0.07117499999999996,0.09674999999999986,0.12232499999999977,0.14789999999999967,0.16920499999999977,0.19050999999999987,0.21181499999999998,0.2331200000000001,0.25478,0.27643999999999996,0.2980999999999999,0.31975999999999993,0.3395699999999999,0.3593799999999999,0.37918999999999997,0.399,0.4143350000000001,0.4296700000000002,0.4450050000000003,0.46034000000000047,0.46743999999999997,0.47453999999999946,0.48163999999999896,0.4887399999999985,0.4887399999999985,0.4887399999999985,0.4887399999999985,0.4887399999999985,0.4774799999999986,0.46621999999999875,0.4549599999999989,0.44369999999999904,0.42317499999999897,0.40264999999999884,0.38212499999999877,0.3615999999999987
5.43,0.01,0.019999999999999997,0.03,0.037628571428571456,0.045257142857142905,0.0709053571428571,0.0965535714285713,0.12220178571428549,0.14784999999999968,0.16900749999999976,0.19016499999999986,0.21132249999999997,0.2324800000000001,0.25412000000000007,0.27576,0.2974,0.31903999999999993,0.3389049999999999,0.3587699999999999,0.37863499999999994,0.3985,0.41390250000000006,0.42930500000000016,0.4447075000000003,0.46011000000000046,0.46725999999999995,0.47440999999999944,0.481559999999999,0.48870999999999853,0.48870999999999853,0.48870999999999853,0.48870999999999853,0.48870999999999853,0.4774199999999986,0.46612999999999877,0.4548399999999989,0.44354999999999906,0.4230124999999989,0.4024749999999988,0.38193749999999876,0.3613999999999987
5.44,0.01,0.019999999999999997,0.03,0.03745714285714288,0.04491428571428576,0.07063571428571425,0.09635714285714272,0.1220785714285712,0.14779999999999968,0.1688099999999998,0.18981999999999988,0.21083,0.2318400000000001,0.25346,0.27508,0.29669999999999996,0.31831999999999994,0.33823999999999993,0.3581599999999999,0.37807999999999997,0.398,0.4134700000000001,0.4289400000000002,0.4444100000000003,0.45988000000000046,0.46707999999999994,0.4742799999999995,0.481479999999999,0.48867999999999856,0.48867999999999856,0.48867999999999856,0.48867999999999856,0.48867999999999856,0.4773599999999987,0.4660399999999988,0.4547199999999989,0.4433999999999991,0.42284999999999895,0.4022999999999989,0.3817499999999988,0.36119999999999874
5.45,0.01,0.019999999999999997,0.03,0.03728571428571431,0.044571428571428616,0.07036607142857139,0.09616071428571416,0.12195535714285692,0.1477499999999997,0.16861249999999978,0.1894749999999999,0.2103375,0.2312000000000001,0.2528,0.2744,0.29599999999999993,0.31759999999999994,0.33757499999999996,0.35755,0.377525,0.3975,0.41303750000000006,0.42857500000000015,0.4441125000000003,0.45965000000000045,0.4669,0.4741499999999995,0.48139999999999905,0.4886499999999986,0.4886499999999986,0.4886499999999986,0.4886499999999986,0.4886499999999986,0.47729999999999867,0.46594999999999875,0.4545999999999989,0.4432499999999991,0.422687499999999,0.4021249999999989,0.3815624999999988,0.36099999999999877
5.46,0.01,0.019999999999999997,0.03,0.03711428571428574,0.04422857142857147,0.07009642857142853,0.09596428571428559,0.12183214285714264,0.1476999999999997,0.16841499999999976,0.18912999999999985,0.20984499999999998,0.2305600000000001,0.25214000000000003,0.27371999999999996,0.29529999999999995,0.31687999999999994,0.33690999999999993,0.3569399999999999,0.37696999999999997,0.397,0.4126050000000001,0.4282100000000002,0.4438150000000003,0.45942000000000044,0.4667199999999999,0.47401999999999944,0.481319999999999,0.4886199999999986,0.4886199999999986,0.4886199999999986,0.4886199999999986,0.4886199999999986,0.4772399999999987,0.46585999999999883,0.454479999999999,0.4430999999999991,0.42252499999999904,0.4019499999999989,0.38137499999999885,0.3607999999999988
5.47,0.01,0.019999999999999997,0.03,0.036942857142857166,0.043885714285714326,0.06982678571428567,0.09576785714285702,0.12170892857142836,0.1476499999999997,0.1682174999999998,0.1887849999999999,0.2093525,0.2299200000000001,0.25148000000000004,0.27304,0.2946,0.31615999999999994,0.3362449999999999,0.3563299999999999,0.37641499999999994,0.3965,0.41217250000000005,0.42784500000000014,0.4435175000000003,0.45919000000000043,0.46653999999999995,0.4738899999999995,0.48123999999999906,0.48858999999999864,0.48858999999999864,0.48858999999999864,0.48858999999999864,0.48858999999999864,0.4771799999999987,0.46576999999999885,0.454359999999999,0.4429499999999991,0.422362499999999,0.4017749999999989,0.38118749999999885,0.3605999999999988
5.48,0.01,0.019999999999999997,0.03,0.036771428571428594,0.04354285714285718,0.06955714285714282,0.09557142857142845,0.12158571428571407,0.1475999999999997,0.16801999999999978,0.18843999999999989,0.20886,0.2292800000000001,0.25082000000000004,0.27236,0.29389999999999994,0.31543999999999994,0.33557999999999993,0.3557199999999999,0.37585999999999997,0.396,0.4117400000000001,0.4274800000000002,0.4432200000000003,0.4589600000000004,0.46636,0.4737599999999995,0.4811599999999991,0.48855999999999866,0.48855999999999866,0.48855999999999866,0.48855999999999866,0.48855999999999866,0.47711999999999877,0.4656799999999989,0.454239999999999,0.44279999999999914,0.422199999999999,0.40159999999999896,0.3809999999999989,0.36039999999999883
5.49,0.01,0.019999999999999997,0.03,0.03660000000000002,0.04320000000000004,0.06928749999999996,0.09537499999999988,0.12146249999999979,0.1475499999999997,0.16782249999999982,0.1880949999999999,0.20836749999999998,0.2286400000000001,0.25016,0.2716799999999999,0.2931999999999999,0.31471999999999994,0.33491499999999996,0.35511,0.375305,0.3955,0.41130750000000005,0.42711500000000013,0.4429225000000003,0.4587300000000004,0.46617999999999993,0.4736299999999995,0.48107999999999906,0.4885299999999987,0.4885299999999987,0.4885299999999987,0.4885299999999987,0.4885299999999987,0.47705999999999876,0.46558999999999884,0.45411999999999897,0.44264999999999916,0.42203749999999907,0.401424999999999,0.3808124999999989,0.36019999999999885
5.5,0.01,0.019999999999999997,0.03,0.03642857142857145,0.04285714285714289,0.0690178571428571,0.0951785714285713,0.12133928571428551,0.14749999999999971,0.1676249999999998,0.1877499999999999,0.20787499999999998,0.2280000000000001,0.24950000000000006,0.271,0.2925,0.31399999999999995,0.33424999999999994,0.3544999999999999,0.37474999999999997,0.395,0.4108750000000001,0.4267500000000002,0.44262500000000027,0.4585000000000004,0.46599999999999997,0.47349999999999953,0.4809999999999991,0.4884999999999987,0.4884999999999987,0.4884999999999987,0.4884999999999987,0.4884999999999987,0.4769999999999988,0.4654999999999989,0.45399999999999907,0.44249999999999917,0.4218749999999991,0.401249999999999,0.38062499999999894,0.3599999999999989
5.51,0.01,0.019999999999999997,0.03,0.03625714285714288,0.04251428571428575,0.06874821428571425,0.09498214285714274,0.12121607142857123,0.14744999999999972,0.16742749999999978,0.18740499999999988,0.20738249999999997,0.2273600000000001,0.24884000000000006,0.27032,0.29179999999999995,0.31327999999999995,0.3335849999999999,0.3538899999999999,0.37419499999999994,0.3945,0.41044250000000004,0.4263850000000001,0.44232750000000026,0.4582700000000004,0.46581999999999996,0.4733699999999995,0.4809199999999991,0.48846999999999874,0.48846999999999874,0.48846999999999874,0.48846999999999874,0.48846999999999874,0.4769399999999988,0.46540999999999894,0.45387999999999906,0.4423499999999992,0.42171249999999905,0.40107499999999896,0.38043749999999893,0.3597999999999989
5.52,0.01,0.019999999999999997,0.03,0.036085714285714304,0.0421714285714286,0.06847857142857139,0.09478571428571417,0.12109285714285695,0.14739999999999973,0.16722999999999982,0.1870599999999999,0.20689,0.2267200000000001,0.24818000000000004,0.26964,0.29109999999999997,0.31255999999999995,0.33291999999999994,0.3532799999999999,0.37363999999999997,0.394,0.4100100000000001,0.4260200000000002,0.44203000000000026,0.4580400000000004,0.46563999999999994,0.47323999999999955,0.48083999999999916,0.48843999999999876,0.48843999999999876,0.48843999999999876,0.48843999999999876,0.48843999999999876,0.47687999999999886,0.46531999999999896,0.45375999999999905,0.4421999999999992,0.4215499999999991,0.40089999999999903,0.380249999999999,0.3595999999999989
5.53,0.01,0.019999999999999997,0.03,0.03591428571428573,0.04182857142857146,0.06820892857142853,0.0945892857142856,0.12096964285714266,0.14734999999999973,0.1670324999999998,0.1867149999999999,0.2063975,0.2260800000000001,0.24752000000000002,0.26896,0.2904,0.31183999999999995,0.33225499999999997,0.35267,0.373085,0.3935,0.40957750000000004,0.4256550000000001,0.44173250000000025,0.4578100000000004,0.46546,0.4731099999999996,0.4807599999999992,0.4884099999999988,0.4884099999999988,0.4884099999999988,0.4884099999999988,0.4884099999999988,0.47681999999999886,0.4652299999999989,0.45363999999999904,0.4420499999999992,0.42138749999999914,0.40072499999999905,0.38006249999999897,0.35939999999999894
5.54,0.01,0.019999999999999997,0.03,0.03574285714285716,0.04148571428571431,0.06793928571428567,0.09439285714285703,0.12084642857142838,0.14729999999999974,0.1668349999999998,0.18636999999999987,0.20590499999999998,0.22544000000000008,0.24686000000000002,0.26827999999999996,0.28969999999999996,0.31111999999999995,0.33158999999999994,0.35205999999999993,0.37253,0.393,0.4091450000000001,0.42529000000000017,0.44143500000000024,0.4575800000000004,0.4652799999999999,0.4729799999999995,0.48067999999999916,0.4883799999999988,0.4883799999999988,0.4883799999999988,0.4883799999999988,0.4883799999999988,0.4767599999999989,0.465139999999999,0.45351999999999915,0.44189999999999924,0.4212249999999992,0.4005499999999991,0.379874999999999,0.35919999999999896
5.55,0.01,0.019999999999999997,0.03,0.03557142857142859,0.04114285714285717,0.06766964285714282,0.09419642857142846,0.1207232142857141,0.14724999999999974,0.16663749999999983,0.1860249999999999,0.2054125,0.22480000000000008,0.24620000000000003,0.26759999999999995,0.2889999999999999,0.31039999999999995,0.3309249999999999,0.35144999999999993,0.37197499999999994,0.3925,0.40871250000000003,0.4249250000000001,0.44113750000000024,0.45735000000000037,0.46509999999999996,0.47284999999999955,0.4805999999999992,0.48834999999999884,0.48834999999999884,0.48834999999999884,0.48834999999999884,0.48834999999999884,0.4766999999999989,0.465049999999999,0.45339999999999914,0.44174999999999925,0.4210624999999991,0.40037499999999904,0.379687499999999,0.358999999999999
5.56,0.01,0.019999999999999997,0.03,0.035400000000000015,0.040800000000000024,0.06739999999999996,0.09399999999999989,0.12059999999999982,0.14719999999999975,0.1664399999999998,0.1856799999999999,0.20492,0.22416000000000008,0.24554000000000006,0.26692000000000005,0.2883,0.30967999999999996,0.33025999999999994,0.35083999999999993,0.37142,0.392,0.4082800000000001,0.42456000000000016,0.44084000000000023,0.45712000000000036,0.46492,0.4727199999999996,0.4805199999999992,0.48831999999999887,0.48831999999999887,0.48831999999999887,0.48831999999999887,0.48831999999999887,0.47663999999999895,0.46495999999999904,0.45327999999999913,0.44159999999999927,0.42089999999999916,0.4001999999999991,0.37949999999999906,0.358799999999999
5.57,0.01,0.019999999999999997,0.03,0.03522857142857144,0.04045714285714288,0.0671303571428571,0.09380357142857132,0.12047678571428554,0.14714999999999975,0.16624249999999985,0.18533499999999992,0.20442749999999998,0.22352000000000008,0.24488000000000004,0.26624000000000003,0.28759999999999997,0.30895999999999996,0.32959499999999997,0.35023,0.370865,0.3915,0.40784750000000003,0.4241950000000001,0.4405425000000002,0.45689000000000035,0.46473999999999993,0.47258999999999957,0.4804399999999992,0.4882899999999989,0.4882899999999989,0.4882899999999989,0.4882899999999989,0.4882899999999989,0.47657999999999895,0.464869999999999,0.4531599999999991,0.4414499999999993,0.4207374999999992,0.40002499999999913,0.37931249999999905,0.35859999999999903
5.58,0.01,0.019999999999999997,0.03,0.03505714285714287,0.040114285714285734,0.06686071428571425,0.09360714285714275,0.12035357142857125,0.14709999999999976,0.16604499999999983,0.1849899999999999,0.20393499999999998,0.22288000000000008,0.24422000000000002,0.26555999999999996,0.28689999999999993,0.30823999999999996,0.32892999999999994,0.34961999999999993,0.37031,0.391,0.4074150000000001,0.42383000000000015,0.4402450000000002,0.45666000000000034,0.46456,0.4724599999999996,0.48035999999999923,0.4882599999999989,0.4882599999999989,0.4882599999999989,0.4882599999999989,0.4882599999999989,0.476519999999999,0.4647799999999991,0.4530399999999992,0.4412999999999993,0.42057499999999925,0.39984999999999915,0.3791249999999991,0.35839999999999905
5.59,0.01,0.019999999999999997,0.03,0.0348857142857143,0.03977142857142859,0.06659107142857139,0.09341071428571418,0.12023035714285697,0.14704999999999976,0.16584749999999981,0.1846449999999999,0.20344249999999997,0.22224000000000008,0.24356000000000005,0.26488,0.2862,0.30751999999999996,0.3282649999999999,0.34900999999999993,0.36975499999999994,0.3905,0.4069825,0.4234650000000001,0.4399475000000002,0.45643000000000034,0.46437999999999996,0.4723299999999996,0.48027999999999926,0.48822999999999894,0.48822999999999894,0.48822999999999894,0.48822999999999894,0.48822999999999894,0.476459999999999,0.4646899999999991,0.4529199999999992,0.4411499999999993,0.4204124999999992,0.3996749999999991,0.3789374999999991,0.3581999999999991
5.6,0.01,0.019999999999999997,0.03,0.034714285714285725,0.039428571428571445,0.06632142857142853,0.09321428571428561,0.12010714285714269,0.14699999999999977,0.16564999999999985,0.1842999999999999,0.20295,0.22160000000000007,0.24290000000000003,0.2642,0.2855,0.30679999999999996,0.32759999999999995,0.34839999999999993,0.3692,0.39,0.4065500000000001,0.42310000000000014,0.4396500000000002,0.4562000000000003,0.46419999999999995,0.4721999999999996,0.4801999999999993,0.48819999999999897,0.48819999999999897,0.48819999999999897,0.48819999999999897,0.48819999999999897,0.47639999999999905,0.4645999999999991,0.4527999999999992,0.44099999999999934,0.42024999999999924,0.3994999999999992,0.37874999999999914,0.3579999999999991
5.61,0.01,0.019999999999999997,0.03,0.03454285714285715,0.0390857142857143,0.06605178571428567,0.09301785714285704,0.11998392857142841,0.14694999999999978,0.16545249999999984,0.18395499999999992,0.2024575,0.22096000000000007,0.24224,0.26352,0.28479999999999994,0.30607999999999996,0.326935,0.34779,0.368645,0.3895,0.4061175,0.4227350000000001,0.4393525000000002,0.4559700000000003,0.46402,0.47206999999999966,0.4801199999999993,0.488169999999999,0.488169999999999,0.488169999999999,0.488169999999999,0.488169999999999,0.47633999999999904,0.4645099999999991,0.4526799999999992,0.44084999999999935,0.4200874999999993,0.3993249999999992,0.37856249999999914,0.3577999999999991
5.62,0.01,0.019999999999999997,0.03,0.03437142857142858,0.038742857142857155,0.06578214285714282,0.09282142857142847,0.11986071428571413,0.14689999999999978,0.16525499999999982,0.18360999999999988,0.20196499999999998,0.22032000000000007,0.24158000000000002,0.26283999999999996,0.28409999999999996,0.30535999999999996,0.32626999999999995,0.34717999999999993,0.36809,0.389,0.4056850000000001,0.42237000000000013,0.4390550000000002,0.4557400000000003,0.4638399999999999,0.4719399999999996,0.4800399999999993,0.488139999999999,0.488139999999999,0.488139999999999,0.488139999999999,0.488139999999999,0.4762799999999991,0.46441999999999917,0.4525599999999993,0.44069999999999937,0.4199249999999993,0.3991499999999992,0.3783749999999992,0.35759999999999914
5.63,0.01,0.019999999999999997,0.03,0.03420000000000001,0.03840000000000001,0.06551249999999996,0.0926249999999999,0.11973749999999984,0.1468499999999998,0.16505749999999986,0.18326499999999993,0.2014725,0.21968000000000007,0.24092000000000002,0.26216,0.2834,0.30463999999999997,0.3256049999999999,0.34656999999999993,0.36753499999999995,0.3885,0.4052525,0.4220050000000001,0.4387575000000002,0.4555100000000003,0.46365999999999996,0.4718099999999996,0.47995999999999933,0.48810999999999904,0.48810999999999904,0.48810999999999904,0.48810999999999904,0.48810999999999904,0.4762199999999991,0.4643299999999992,0.4524399999999993,0.4405499999999994,0.41976249999999926,0.3989749999999992,0.3781874999999992,0.35739999999999916
5.64,0.01,0.019999999999999997,0.03,0.034028571428571436,0.038057142857142866,0.0652428571428571,0.09242857142857133,0.11961428571428556,0.1467999999999998,0.16485999999999984,0.18291999999999992,0.20098,0.21904000000000007,0.24026000000000003,0.26148,0.28269999999999995,0.30391999999999997,0.32493999999999995,0.34595999999999993,0.36698,0.388,0.40482000000000007,0.4216400000000001,0.4384600000000002,0.4552800000000003,0.46348,0.47167999999999966,0.47987999999999936,0.48807999999999907,0.48807999999999907,0.48807999999999907,0.48807999999999907,0.48807999999999907,0.47615999999999914,0.4642399999999992,0.4523199999999993,0.4403999999999994,0.4195999999999993,0.39879999999999927,0.3779999999999992,0.3571999999999992
5.65,0.01,0.019999999999999997,0.03,0.03385714285714286,0.03771428571428572,0.06497321428571425,0.09223214285714276,0.11949107142857128,0.1467499999999998,0.16466249999999988,0.18257499999999993,0.20048749999999999,0.21840000000000007,0.23959999999999998,0.2607999999999999,0.2819999999999999,0.30319999999999997,0.324275,0.34535,0.366425,0.3875,0.4043875,0.42127500000000007,0.4381625000000002,0.4550500000000003,0.46329999999999993,0.47154999999999964,0.47979999999999934,0.4880499999999991,0.4880499999999991,0.4880499999999991,0.4880499999999991,0.4880499999999991,0.47609999999999914,0.4641499999999992,0.45219999999999927,0.4402499999999994,0.41943749999999935,0.3986249999999993,0.3778124999999992,0.3569999999999992
5.66,0.01,0.019999999999999997,0.03,0.03368571428571429,0.037371428571428576,0.06470357142857139,0.09203571428571419,0.119367857142857,0.1466999999999998,0.16446499999999986,0.18222999999999992,0.19999499999999998,0.21776000000000006,0.23894000000000004,0.26012,0.2813,0.30247999999999997,0.32360999999999995,0.34473999999999994,0.36587,0.387,0.40395500000000006,0.4209100000000001,0.43786500000000017,0.4548200000000003,0.46312,0.4714199999999997,0.47971999999999937,0.4880199999999991,0.4880199999999991,0.4880199999999991,0.4880199999999991,0.4880199999999991,0.4760399999999992,0.46405999999999925,0.45207999999999937,0.44009999999999944,0.4192749999999994,0.3984499999999993,0.37762499999999927,0.35679999999999923
5.67,0.01,0.019999999999999997,0.03,0.03351428571428572,0.03702857142857143,0.06443392857142853,0.09183928571428562,0.11924464285714272,0.1466499999999998,0.16426749999999984,0.1818849999999999,0.19950249999999997,0.21712000000000006,0.23828000000000005,0.25944,0.28059999999999996,0.30176,0.3229449999999999,0.34412999999999994,0.36531499999999995,0.3865,0.4035225,0.42054500000000006,0.43756750000000016,0.45459000000000027,0.46293999999999996,0.47128999999999965,0.4796399999999994,0.48798999999999915,0.48798999999999915,0.48798999999999915,0.48798999999999915,0.48798999999999915,0.4759799999999992,0.46396999999999927,0.45195999999999936,0.43994999999999945,0.41911249999999933,0.39827499999999927,0.37743749999999926,0.35659999999999925
5.68,0.01,0.019999999999999997,0.03,0.033342857142857146,0.03668571428571429,0.06416428571428567,0.09164285714285705,0.11912142857142843,0.1465999999999998,0.16406999999999988,0.18153999999999992,0.19901,0.21648000000000006,0.23762000000000003,0.25876,0.2799,0.30104,0.32227999999999996,0.34351999999999994,0.36476,0.386,0.40309000000000006,0.4201800000000001,0.43727000000000016,0.45436000000000026,0.46275999999999995,0.4711599999999997,0.47955999999999943,0.48795999999999917,0.48795999999999917,0.48795999999999917,0.48795999999999917,0.48795999999999917,0.47591999999999923,0.4638799999999993,0.45183999999999935,0.43979999999999947,0.4189499999999994,0.39809999999999934,0.3772499999999993,0.3563999999999993
5.69,0.01,0.019999999999999997,0.03,0.033171428571428574,0.03634285714285714,0.06389464285714282,0.09144642857142848,0.11899821428571415,0.14654999999999982,0.16387249999999987,0.18119499999999994,0.1985175,0.21584000000000006,0.23696,0.25808,0.2792,0.30032,0.321615,0.34291,0.364205,0.3855,0.4026575,0.41981500000000005,0.43697250000000015,0.45413000000000026,0.46258,0.4710299999999997,0.47947999999999946,0.4879299999999992,0.4879299999999992,0.4879299999999992,0.4879299999999992,0.4879299999999992,0.47585999999999923,0.46378999999999926,0.45171999999999934,0.4396499999999995,0.4187874999999994,0.39792499999999936,0.3770624999999993,0.3561999999999993
5.7,0.01,0.019999999999999997,0.03,0.033,0.036,0.06362499999999996,0.09124999999999991,0.11887499999999987,0.14649999999999982,0.16367499999999985,0.1808499999999999,0.19802499999999998,0.21520000000000006,0.2363,0.25739999999999996,0.27849999999999997,0.2996,0.32094999999999996,0.34229999999999994,0.36365,0.385,0.40222500000000005,0.4194500000000001,0.43667500000000015,0.45390000000000025,0.4623999999999999,0.47089999999999965,0.47939999999999944,0.4878999999999992,0.4878999999999992,0.4878999999999992,0.4878999999999992,0.4878999999999992,0.4757999999999993,0.46369999999999933,0.45159999999999945,0.4394999999999995,0.41862499999999947,0.3977499999999994,0.37687499999999935,0.3559999999999993
5.71,0.01,0.019999999999999997,0.03,0.03282857142857143,0.03565714285714285,0.0633553571428571,0.09105357142857134,0.11875178571428559,0.14644999999999983,0.1634774999999999,0.18050499999999994,0.1975325,0.21456000000000006,0.23564000000000002,0.25671999999999995,0.27779999999999994,0.29888,0.32028499999999993,0.34168999999999994,0.36309499999999995,0.3845,0.4017925,0.41908500000000004,0.43637750000000014,0.45367000000000024,0.46221999999999996,0.4707699999999997,0.47931999999999947,0.48786999999999925,0.48786999999999925,0.48786999999999925,0.48786999999999925,0.48786999999999925,0.4757399999999993,0.46360999999999936,0.45147999999999944,0.4393499999999995,0.4184624999999994,0.39757499999999935,0.37668749999999934,0.35579999999999934
5.72,0.01,0.019999999999999997,0.03,0.03265714285714286,0.03531428571428571,0.06308571428571424,0.09085714285714278,0.1186285714285713,0.14639999999999984,0.16327999999999987,0.18015999999999993,0.19704,0.21392000000000005,0.23498000000000005,0.25604000000000005,0.2771,0.29816,0.31961999999999996,0.34107999999999994,0.36254,0.384,0.40136000000000005,0.4187200000000001,0.43608000000000013,0.45344000000000023,0.46204,0.4706399999999997,0.4792399999999995,0.4878399999999993,0.4878399999999993,0.4878399999999993,0.4878399999999993,0.4878399999999993,0.4756799999999993,0.4635199999999994,0.45135999999999943,0.43919999999999954,0.41829999999999945,0.3973999999999994,0.3764999999999994,0.35559999999999936
5.73,0.01,0.019999999999999997,0.03,0.032485714285714284,0.03497142857142856,0.06281607142857139,0.0906607142857142,0.11850535714285702,0.14634999999999984,0.1630824999999999,0.17981499999999995,0.19654749999999999,0.21328000000000005,0.23432000000000003,0.25536000000000003,0.2764,0.29744,0.318955,0.34047,0.361985,0.3835,0.4009275,0.41835500000000003,0.43578250000000013,0.4532100000000002,0.46185999999999994,0.4705099999999997,0.4791599999999995,0.4878099999999993,0.4878099999999993,0.4878099999999993,0.4878099999999993,0.4878099999999993,0.4756199999999993,0.46342999999999934,0.4512399999999994,0.43904999999999955,0.4181374999999995,0.39722499999999944,0.3763124999999994,0.3553999999999994
5.74,0.01,0.019999999999999997,0.03,0.03231428571428571,0.03462857142857142,0.06254642857142853,0.09046428571428564,0.11838214285714274,0.14629999999999985,0.1628849999999999,0.17946999999999994,0.19605499999999998,0.21264000000000005,0.23366,0.25467999999999996,0.27569999999999995,0.29672,0.31828999999999996,0.33985999999999994,0.36143,0.383,0.40049500000000005,0.4179900000000001,0.4354850000000001,0.4529800000000002,0.46168,0.47037999999999974,0.4790799999999995,0.4877799999999993,0.4877799999999993,0.4877799999999993,0.4877799999999993,0.4877799999999993,0.47555999999999937,0.4633399999999994,0.4511199999999995,0.43889999999999957,0.41797499999999954,0.39704999999999946,0.37612499999999943,0.3551999999999994
5.75,0.01,0.019999999999999997,0.03,0.03214285714285714,0.034285714285714274,0.06227678571428567,0.09026785714285707,0.11825892857142846,0.14624999999999985,0.16268749999999987,0.17912499999999992,0.19556249999999997,0.21200000000000005,0.23300000000000004,0.254,0.275,0.296,0.31762499999999994,0.33924999999999994,0.36087499999999995,0.3825,0.4000625,0.417625,0.4351875000000001,0.4527500000000002,0.46149999999999997,0.4702499999999997,0.47899999999999954,0.48774999999999935,0.48774999999999935,0.48774999999999935,0.48774999999999935,0.48774999999999935,0.47549999999999937,0.46324999999999944,0.4509999999999995,0.4387499999999996,0.4178124999999995,0.3968749999999994,0.3759374999999994,0.3549999999999994
5.76,0.01,0.019999999999999997,0.03,0.03197142857142857,0.03394285714285713,0.062007142857142816,0.0900714285714285,0.11813571428571418,0.14619999999999986,0.1624899999999999,0.17877999999999994,0.19507,0.21136000000000005,0.23234000000000002,0.25332,0.2743,0.29528,0.31695999999999996,0.33863999999999994,0.36032,0.382,0.39963000000000004,0.4172600000000001,0.4348900000000001,0.4525200000000002,0.46131999999999995,0.47011999999999976,0.47891999999999957,0.4877199999999994,0.4877199999999994,0.4877199999999994,0.4877199999999994,0.4877199999999994,0.4754399999999994,0.46315999999999946,0.4508799999999995,0.4385999999999996,0.4176499999999995,0.3966999999999995,0.3757499999999995,0.35479999999999945
5.77,0.01,0.019999999999999997,0.03,0.031799999999999995,0.033599999999999984,0.06173749999999996,0.08987499999999993,0.1180124999999999,0.14614999999999986,0.1622924999999999,0.17843499999999995,0.19457750000000001,0.21072000000000005,0.23168,0.25264,0.27359999999999995,0.29456,0.316295,0.33803,0.359765,0.3815,0.3991975,0.416895,0.4345925000000001,0.4522900000000002,0.46114,0.4699899999999998,0.4788399999999996,0.4876899999999994,0.4876899999999994,0.4876899999999994,0.4876899999999994,0.4876899999999994,0.4753799999999994,0.4630699999999994,0.4507599999999995,0.4384499999999996,0.41748749999999957,0.3965249999999995,0.37556249999999947,0.35459999999999947
5.78,0.01,0.019999999999999997,0.03,0.03162857142857142,0.03325714285714284,0.0614678571428571,0.08967857142857136,0.11788928571428561,0.14609999999999987,0.16209499999999988,0.17808999999999992,0.19408499999999998,0.21008000000000004,0.23102,0.25195999999999996,0.2729,0.29384,0.31562999999999997,0.33741999999999994,0.35921,0.381,0.39876500000000004,0.41653000000000007,0.4342950000000001,0.4520600000000002,0.4609599999999999,0.4698599999999997,0.4787599999999996,0.4876599999999994,0.4876599999999994,0.4876599999999994,0.4876599999999994,0.4876599999999994,0.47531999999999947,0.4629799999999995,0.4506399999999996,0.43829999999999963,0.4173249999999996,0.39634999999999954,0.3753749999999995,0.3543999999999995
5.79,0.01,0.019999999999999997,0.03,0.03145714285714285,0.032914285714285695,0.061198214285714245,0.08948214285714279,0.11776607142857133,0.14604999999999987,0.16189749999999992,0.17774499999999996,0.1935925,0.20944000000000004,0.23036,0.25128,0.2722,0.29312,0.31496499999999994,0.33680999999999994,0.35865499999999995,0.3805,0.3983325,0.416165,0.4339975000000001,0.4518300000000002,0.46077999999999997,0.46972999999999976,0.4786799999999996,0.48762999999999945,0.48762999999999945,0.48762999999999945,0.48762999999999945,0.48762999999999945,0.47525999999999946,0.4628899999999995,0.4505199999999996,0.43814999999999965,0.41716249999999955,0.3961749999999995,0.3751874999999995,0.3541999999999995
5.8,0.01,0.019999999999999997,0.03,0.03128571428571428,0.03257142857142855,0.06092857142857139,0.08928571428571422,0.11764285714285705,0.14599999999999988,0.1616999999999999,0.17739999999999995,0.1931,0.20880000000000004,0.22970000000000002,0.2506,0.27149999999999996,0.2924,0.31429999999999997,0.33619999999999994,0.3581,0.38,0.39790000000000003,0.41580000000000006,0.4337000000000001,0.45160000000000017,0.4606,0.4695999999999998,0.47859999999999964,0.4875999999999995,0.4875999999999995,0.4875999999999995,0.4875999999999995,0.4875999999999995,0.4751999999999995,0.46279999999999955,0.4503999999999996,0.43799999999999967,0.4169999999999996,0.3959999999999996,0.37499999999999956,0.35399999999999954
5.81,0.01,0.019999999999999997,0.03,0.031114285714285702,0.032228571428571405,0.06065892857142853,0.08908928571428565,0.11751964285714277,0.14594999999999989,0.16150249999999994,0.17705499999999996,0.1926075,0.20816000000000004,0.22904000000000002,0.24992,0.2708,0.29168,0.313635,0.33559,0.357545,0.3795,0.3974675,0.415435,0.4334025000000001,0.45137000000000016,0.46041999999999994,0.4694699999999998,0.4785199999999996,0.4875699999999995,0.4875699999999995,0.4875699999999995,0.4875699999999995,0.4875699999999995,0.4751399999999995,0.4627099999999995,0.45027999999999957,0.4378499999999997,0.41683749999999964,0.3958249999999996,0.37481249999999955,0.35379999999999956
5.82,0.01,0.019999999999999997,0.03,0.03094285714285713,0.03188571428571426,0.06038928571428567,0.08889285714285708,0.11739642857142848,0.1458999999999999,0.16130499999999992,0.17670999999999995,0.19211499999999998,0.20752000000000004,0.22838000000000003,0.24924000000000002,0.2701,0.29096,0.31296999999999997,0.33497999999999994,0.35699,0.379,0.397035,0.41507000000000005,0.4331050000000001,0.45114000000000015,0.46024,0.4693399999999998,0.47843999999999964,0.48753999999999953,0.48753999999999953,0.48753999999999953,0.48753999999999953,0.48753999999999953,0.47507999999999956,0.4626199999999996,0.45015999999999967,0.4376999999999997,0.4166749999999997,0.3956499999999996,0.3746249999999996,0.3535999999999996
5.83,0.01,0.019999999999999997,0.03,0.030771428571428557,0.031542857142857116,0.060119642857142816,0.08869642857142851,0.1172732142857142,0.1458499999999999,0.1611074999999999,0.17636499999999994,0.19162249999999997,0.20688000000000004,0.22772000000000003,0.24856,0.2694,0.29024,0.31230499999999994,0.33436999999999995,0.35643499999999995,0.3785,0.39660249999999997,0.414705,0.43280750000000007,0.45091000000000014,0.46005999999999997,0.4692099999999998,0.4783599999999997,0.48750999999999955,0.48750999999999955,0.48750999999999955,0.48750999999999955,0.48750999999999955,0.47501999999999955,0.4625299999999996,0.45003999999999966,0.4375499999999997,0.4165124999999996,0.3954749999999996,0.3744374999999996,0.3533999999999996
5.84,0.01,0.019999999999999997,0.03,0.030599999999999985,0.03119999999999997,0.05984999999999996,0.08849999999999994,0.11714999999999992,0.1457999999999999,0.16090999999999994,0.17601999999999995,0.19113,0.20624000000000003,0.22706,0.24788,0.2687,0.28952,0.31164,0.33375999999999995,0.35588,0.378,0.39617,0.41434000000000004,0.43251000000000006,0.45068000000000014,0.45987999999999996,0.46907999999999983,0.4782799999999997,0.4874799999999996,0.4874799999999996,0.4874799999999996,0.4874799999999996,0.4874799999999996,0.4749599999999996,0.46243999999999963,0.44991999999999965,0.43739999999999973,0.41634999999999966,0.39529999999999965,0.37424999999999964,0.3531999999999996
5.85,0.01,0.019999999999999997,0.03,0.030428571428571416,0.03085714285714283,0.0595803571428571,0.08830357142857137,0.11702678571428564,0.1457499999999999,0.16071249999999992,0.17567499999999997,0.19063750000000002,0.20560000000000003,0.22640000000000005,0.24720000000000003,0.268,0.2888,0.310975,0.33315,0.355325,0.3775,0.39573749999999996,0.413975,0.43221250000000005,0.45045000000000013,0.4597,0.46894999999999987,0.47819999999999974,0.4874499999999996,0.4874499999999996,0.4874499999999996,0.4874499999999996,0.4874499999999996,0.4748999999999996,0.4623499999999996,0.44979999999999964,0.43724999999999975,0.4161874999999997,0.39512499999999967,0.37406249999999963,0.35299999999999965
5.86,0.01,0.019999999999999997,0.03,0.030257142857142844,0.030514285714285688,0.059310714285714244,0.0881071428571428,0.11690357142857136,0.1456999999999999,0.1605149999999999,0.17532999999999993,0.19014499999999998,0.20496000000000003,0.22574,0.24652,0.2673,0.28808,0.31031,0.33253999999999995,0.35477,0.377,0.395305,0.41361000000000003,0.43191500000000005,0.4502200000000001,0.45951999999999993,0.4688199999999998,0.4781199999999997,0.48741999999999963,0.48741999999999963,0.48741999999999963,0.48741999999999963,0.48741999999999963,0.47483999999999965,0.46225999999999967,0.44967999999999975,0.43709999999999977,0.41602499999999976,0.3949499999999997,0.3738749999999997,0.35279999999999967
5.87,0.01,0.019999999999999997,0.03,0.03008571428571427,0.030171428571428547,0.05904107142857139,0.08791071428571423,0.11678035714285707,0.14564999999999992,0.16031749999999995,0.17498499999999997,0.1896525,0.20432000000000003,0.22508,0.24584,0.2666,0.28736,0.30964499999999995,0.33192999999999995,0.35421499999999995,0.3765,0.39487249999999996,0.413245,0.43161750000000004,0.4499900000000001,0.45933999999999997,0.46868999999999983,0.47803999999999974,0.48738999999999966,0.48738999999999966,0.48738999999999966,0.48738999999999966,0.48738999999999966,0.47477999999999965,0.4621699999999997,0.44955999999999974,0.4369499999999998,0.4158624999999997,0.39477499999999965,0.3736874999999997,0.3525999999999997
5.88,0.01,0.019999999999999997,0.03,0.029914285714285702,0.029828571428571406,0.05877142857142853,0.08771428571428566,0.11665714285714279,0.14559999999999992,0.16011999999999993,0.17463999999999996,0.18916,0.20368000000000003,0.22442,0.24516000000000002,0.2659,0.28664,0.30898,0.33131999999999995,0.35366,0.376,0.39444,0.41288,0.43132000000000004,0.4497600000000001,0.45916,0.46855999999999987,0.4779599999999998,0.4873599999999997,0.4873599999999997,0.4873599999999997,0.4873599999999997,0.4873599999999997,0.4747199999999997,0.4620799999999997,0.44943999999999973,0.4367999999999998,0.41569999999999974,0.39459999999999973,0.3734999999999997,0.3523999999999997
5.89,0.01,0.019999999999999997,0.03,0.029742857142857133,0.029485714285714264,0.05850178571428567,0.08751785714285709,0.11653392857142851,0.14554999999999993,0.15992249999999997,0.17429499999999998,0.1886675,0.20304000000000003,0.22376000000000001,0.24448,0.2652,0.28592,0.308315,0.33071,0.353105,0.3755,0.39400749999999995,0.41251499999999997,0.43102250000000003,0.4495300000000001,0.45897999999999994,0.46842999999999985,0.47787999999999975,0.4873299999999997,0.4873299999999997,0.4873299999999997,0.4873299999999997,0.4873299999999997,0.4746599999999997,0.4619899999999997,0.4493199999999997,0.4366499999999998,0.4155374999999998,0.39442499999999975,0.3733124999999997,0.35219999999999974
5.9,0.01,0.019999999999999997,0.03,0.02957142857142856,0.029142857142857123,0.05823214285714282,0.08732142857142852,0.11641071428571423,0.14549999999999993,0.15972499999999995,0.17394999999999997,0.18817499999999998,0.20240000000000002,0.2231,0.24379999999999996,0.26449999999999996,0.2852,0.30765,0.33009999999999995,0.35255,0.375,0.393575,0.41215,0.430725,0.4493000000000001,0.4588,0.4682999999999999,0.4777999999999998,0.48729999999999973,0.48729999999999973,0.48729999999999973,0.48729999999999973,0.48729999999999973,0.47459999999999974,0.46189999999999976,0.4491999999999998,0.43649999999999983,0.4153749999999998,0.39424999999999977,0.37312499999999976,0.35199999999999976
5.91,0.01,0.019999999999999997,0.03,0.02939999999999999,0.028799999999999982,0.05796249999999997,0.08712499999999997,0.11628749999999996,0.14544999999999994,0.15952749999999993,0.17360499999999995,0.18768249999999997,0.20176000000000002,0.22244000000000003,0.24312000000000003,0.26380000000000003,0.28448,0.30698499999999995,0.32948999999999995,0.35199499999999995,0.3745,0.39314249999999995,0.41178499999999996,0.4304275,0.4490700000000001,0.45861999999999997,0.46816999999999986,0.4777199999999998,0.48726999999999976,0.48726999999999976,0.48726999999999976,0.48726999999999976,0.48726999999999976,0.47453999999999974,0.4618099999999998,0.4490799999999998,0.43634999999999985,0.41521249999999976,0.39407499999999973,0.37293749999999976,0.3517999999999998
5.92,0.01,0.019999999999999997,0.03,0.02922857142857142,0.02845714285714284,0.057692857142857115,0.08692857142857138,0.11616428571428566,0.14539999999999995,0.15932999999999997,0.17325999999999997,0.18719,0.20112000000000002,0.22178,0.24244,0.2631,0.28376,0.30632,0.32887999999999995,0.35144,0.374,0.39271,0.41142,0.43013,0.4488400000000001,0.45843999999999996,0.4680399999999999,0.47763999999999984,0.4872399999999998,0.4872399999999998,0.4872399999999998,0.4872399999999998,0.4872399999999998,0.4744799999999998,0.4617199999999998,0.4489599999999998,0.43619999999999987,0.4150499999999998,0.3938999999999998,0.3727499999999998,0.3515999999999998
5.93,0.01,0.019999999999999997,0.03,0.02905714285714285,0.0281142857142857,0.05742321428571426,0.08673214285714283,0.1160410714285714,0.14534999999999995,0.15913249999999995,0.17291499999999999,0.18669750000000002,0.20048000000000002,0.22111999999999998,0.24175999999999997,0.26239999999999997,0.28304,0.305655,0.32827,0.350885,0.3735,0.39227749999999995,0.41105499999999995,0.4298325,0.44861000000000006,0.45826,0.46790999999999994,0.4775599999999999,0.4872099999999998,0.4872099999999998,0.4872099999999998,0.4872099999999998,0.4872099999999998,0.4744199999999998,0.46162999999999976,0.4488399999999998,0.4360499999999999,0.41488749999999985,0.3937249999999998,0.3725624999999998,0.3513999999999998
5.94,0.01,0.019999999999999997,0.03,0.02888571428571428,0.027771428571428558,0.05715357142857141,0.08653571428571426,0.1159178571428571,0.14529999999999996,0.15893499999999994,0.17256999999999995,0.18620499999999998,0.19984000000000002,0.22046,0.24108,0.2617,0.28232,0.30499,0.32765999999999995,0.35033,0.373,0.391845,0.41069,0.429535,0.44838000000000006,0.45807999999999993,0.46777999999999986,0.47747999999999985,0.48717999999999984,0.48717999999999984,0.48717999999999984,0.48717999999999984,0.48717999999999984,0.47435999999999984,0.46153999999999984,0.4487199999999999,0.4358999999999999,0.4147249999999999,0.39354999999999984,0.37237499999999985,0.35119999999999985
5.95,0.01,0.019999999999999997,0.03,0.028714285714285706,0.027428571428571417,0.05688392857142856,0.08633928571428569,0.11579464285714283,0.14524999999999996,0.15873749999999998,0.172225,0.1857125,0.19920000000000002,0.2198,0.2404,0.261,0.2816,0.30432499999999996,0.32704999999999995,0.34977499999999995,0.3725,0.39141249999999994,0.41032499999999994,0.4292375,0.44815000000000005,0.4579,0.4676499999999999,0.4773999999999999,0.48714999999999986,0.48714999999999986,0.48714999999999986,0.48714999999999986,0.48714999999999986,0.47429999999999983,0.46144999999999986,0.4485999999999999,0.4357499999999999,0.41456249999999983,0.3933749999999998,0.37218749999999984,0.35099999999999987
5.96,0.01,0.019999999999999997,0.03,0.028542857142857137,0.027085714285714275,0.0566142857142857,0.08614285714285713,0.11567142857142855,0.14519999999999997,0.15853999999999996,0.17187999999999998,0.18522,0.19856000000000001,0.21914,0.23972,0.2603,0.28088,0.30366,0.32643999999999995,0.34922,0.372,0.39098,0.40996,0.42894,0.44792000000000004,0.45772,0.46751999999999994,0.4773199999999999,0.4871199999999999,0.4871199999999999,0.4871199999999999,0.4871199999999999,0.4871199999999999,0.4742399999999999,0.4613599999999999,0.4484799999999999,0.43559999999999993,0.4143999999999999,0.3931999999999999,0.3719999999999999,0.3507999999999999
5.97,0.01,0.019999999999999997,0.03,0.02837142857142857,0.026742857142857134,0.05634464285714284,0.08594642857142855,0.11554821428571427,0.14514999999999997,0.1583425,0.171535,0.1847275,0.19792,0.21848,0.23904,0.2596,0.28016,0.302995,0.32583,0.348665,0.3715,0.39054749999999994,0.40959499999999993,0.4286425,0.44769000000000003,0.45753999999999995,0.4673899999999999,0.4772399999999999,0.4870899999999999,0.4870899999999999,0.4870899999999999,0.4870899999999999,0.4870899999999999,0.4741799999999999,0.46126999999999985,0.44835999999999987,0.43544999999999995,0.4142374999999999,0.3930249999999999,0.3718124999999999,0.3505999999999999
5.98,0.01,0.019999999999999997,0.03,0.028199999999999996,0.026399999999999993,0.05607499999999999,0.08574999999999999,0.11542499999999999,0.14509999999999998,0.15814499999999998,0.17118999999999998,0.18423499999999998,0.19728,0.21782,0.23836000000000002,0.2589,0.27944,0.30233,0.32521999999999995,0.34811,0.371,0.390115,0.40923,0.428345,0.44746,0.45736,0.46725999999999995,0.4771599999999999,0.48705999999999994,0.48705999999999994,0.48705999999999994,0.48705999999999994,0.48705999999999994,0.47411999999999993,0.4611799999999999,0.44823999999999997,0.43529999999999996,0.41407499999999997,0.3928499999999999,0.3716249999999999,0.35039999999999993
5.99,0.01,0.019999999999999997,0.03,0.028028571428571424,0.02605714285714285,0.05580535714285714,0.08555357142857142,0.1153017857142857,0.14504999999999998,0.15794749999999996,0.17084499999999997,0.18374249999999998,0.19664,0.21716000000000002,0.23768,0.2582,0.27872,0.30166499999999996,0.32460999999999995,0.34755499999999995,0.3705,0.38968249999999993,0.4088649999999999,0.42804749999999997,0.44723,0.45718,0.46712999999999993,0.47707999999999995,0.48702999999999996,0.48702999999999996,0.48702999999999996,0.48702999999999996,0.48702999999999996,0.4740599999999999,0.46108999999999994,0.44811999999999996,0.43515,0.4139124999999999,0.3926749999999999,0.3714374999999999,0.35019999999999996
6,0.01,0.019999999999999997,0.03,0.027857142857142855,0.02571428571428571,0.055535714285714285,0.08535714285714285,0.11517857142857142,0.145,0.15775,0.17049999999999998,0.18325,0.196,0.2165,0.237,0.2575,0.278,0.301,0.32399999999999995,0.347,0.37,0.38925,0.4085,0.42774999999999996,0.447,0.45699999999999996,0.46699999999999997,0.477,0.487,0.487,0.487,0.487,0.487,0.474,0.46099999999999997,0.44799999999999995,0.435,0.41374999999999995,0.39249999999999996,0.37124999999999997,0.35
6.01,0.01,0.019999999999999997,0.03,0.028006896428571525,0.026013792857143052,0.05567616964285718,0.0853385464285713,0.11500092321428543,0.14466329999999955,0.1574249625,0.17018662500000042,0.1829482875000009,0.19570995000000135,0.21614411250000087,0.23657827500000042,0.25701243749999997,0.27744659999999954,0.3003000974999998,0.32315359500000007,0.3460070925000004,0.3688605900000007,0.38797375500000086,0.407086920000001,0.4262000850000012,0.44531325000000144,0.45529674750000154,0.46528024500000165,0.4752637425000018,0.48524724000000197,0.48524724000000197,0.48524724000000197,0.48524724000000197,0.48524724000000197,0.47268543000000146,0.46012362000000095,0.4475618100000005,0.435,0.41374999999999995,0.39249999999999996,0.37124999999999997,0.35
6.02,0.01,0.019999999999999997,0.03,0.028156650000000095,0.026313300000000196,0.055816625000000036,0.08531994999999988,0.11482327499999972,0.14432659999999956,0.15709992499999997,0.16987325000000042,0.18264657500000087,0.19541990000000134,0.2157882250000009,0.23615655000000044,0.256524875,0.27689319999999956,0.2996001949999998,0.3223071900000001,0.34501418500000036,0.3677211800000007,0.38669751000000085,0.40567384000000106,0.42465017000000127,0.4436265000000014,0.45359349500000157,0.46356049000000166,0.4735274850000018,0.48349448000000195,0.48349448000000195,0.48349448000000195,0.48349448000000195,0.48349448000000195,0.47137086000000145,0.45924724000000094,0.4471236200000005,0.435,0.41374999999999995,0.39249999999999996,0.37124999999999997,0.35
6.03,0.01,0.019999999999999997,0.03,0.02830640357142867,0.02661280714285734,0.0559570803571429,0.08530135357142846,0.11464562678571401,0.14398989999999956,0.1567748875,0.16955987500000042,0.18234486250000087,0.19512985000000133,0.21543233750000088,0.23573482500000043,0.2560373125,0.2763397999999996,0.29890029249999983,0.3214607850000001,0.3440212775000004,0.3665817700000007,0.38542126500000085,0.404260760000001,0.4231002550000012,0.4419397500000014,0.45189024250000154,0.46184073500000167,0.4717912275000018,0.4817417200000019,0.4817417200000019,0.4817417200000019,0.4817417200000019,0.4817417200000019,0.47005629000000143,0.45837086000000093,0.4466854300000005,0.435,0.41374999999999995,0.39249999999999996,0.37124999999999997,0.35
6.04,0.01,0.019999999999999997,0.03,0.028456157142857243,0.026912314285714483,0.056097535714285746,0.08528275714285702,0.11446797857142829,0.14365319999999956,0.15644985,0.16924650000000044,0.18204315000000088,0.1948398000000013,0.21507645000000086,0.23531310000000044,0.25554975,0.2757863999999996,0.29820038999999987,0.32061438000000014,0.3430283700000004,0.3654423600000007,0.38414502000000084,0.40284768000000104,0.42155034000000124,0.4402530000000014,0.4501869900000015,0.4601209800000016,0.47005497000000174,0.4799889600000019,0.4799889600000019,0.4799889600000019,0.4799889600000019,0.4799889600000019,0.4687417200000014,0.4574944800000009,0.4462472400000005,0.435,0.41374999999999995,0.39249999999999996,0.37124999999999997,0.35
6.05,0.01,0.019999999999999997,0.03,0.028605910714285813,0.027211821428571627,0.056237991071428614,0.08526416071428561,0.11429033035714259,0.14331649999999957,0.1561248125,0.1689331250000004,0.18174143750000085,0.1945497500000013,0.21472056250000085,0.2348913750000004,0.2550621875,0.2752329999999996,0.29750048749999985,0.3197679750000001,0.3420354625000004,0.3643029500000007,0.3828687750000008,0.401434600000001,0.4200004250000012,0.4385662500000014,0.4484837375000015,0.4584012250000016,0.46831871250000173,0.4782362000000019,0.4782362000000019,0.4782362000000019,0.4782362000000019,0.4782362000000019,0.4674271500000014,0.4566181000000009,0.4458090500000005,0.435,0.41374999999999995,0.39249999999999996,0.37124999999999997,0.35
6.06,0.01,0.019999999999999997,0.03,0.028755664285714383,0.02751132857142877,0.05637844642857147,0.08524556428571417,0.11411268214285687,0.14297979999999957,0.15579977499999997,0.1686197500000004,0.18143972500000083,0.19425970000000128,0.2143646750000009,0.23446965000000047,0.25457462500000005,0.27467959999999964,0.29680058499999984,0.3189215700000001,0.34104255500000036,0.3631635400000007,0.3815925300000008,0.400021520000001,0.4184505100000012,0.43687950000000136,0.44678048500000145,0.4566814700000016,0.46658245500000173,0.47648344000000187,0.47648344000000187,0.47648344000000187,0.47648344000000187,0.47648344000000187,0.4661125800000014,0.4557417200000009,0.4453708600000005,0.435,0.41374999999999995,0.39249999999999996,0.37124999999999997,0.35
6.07,0.01,0.019999999999999997,0.03,0.028905417857142957,0.027810835714285914,0.05651890178571433,0.08522696785714275,0.11393503392857116,0.14264309999999958,0.1554747375,0.1683063750000004,0.18113801250000083,0.19396965000000127,0.21400878750000085,0.23404792500000043,0.2540870625,0.27412619999999965,0.2961006824999999,0.3180751650000001,0.3400496475000004,0.36202413000000067,0.3803162850000008,0.39860844000000095,0.41690059500000115,0.43519275000000135,0.4450772325000014,0.45496171500000154,0.46484619750000167,0.47473068000000185,0.47473068000000185,0.47473068000000185,0.47473068000000185,0.47473068000000185,0.46479801000000137,0.4548653400000009,0.4449326700000005,0.435,0.41374999999999995,0.39249999999999996,0.37124999999999997,0.35
6.08,0.01,0.019999999999999997,0.03,0.02905517142857153,0.028110342857143058,0.05665935714285719,0.08520837142857132,0.11375738571428545,0.14230639999999958,0.1551497,0.16799300000000042,0.18083630000000084,0.19367960000000126,0.21365290000000087,0.23362620000000048,0.2535995000000001,0.27357279999999967,0.2954007799999999,0.31722876000000017,0.3390567400000004,0.36088472000000066,0.3790400400000008,0.397195360000001,0.4153506800000012,0.43350600000000133,0.4433739800000014,0.4532419600000015,0.46310994000000166,0.47297792000000183,0.47297792000000183,0.47297792000000183,0.47297792000000183,0.47297792000000183,0.46348344000000136,0.4539889600000009,0.44449448000000047,0.435,0.41374999999999995,0.39249999999999996,0.37124999999999997,0.35
6.09,0.01,0.019999999999999997,0.03,0.0292049250000001,0.0284098500000002,0.056799812500000046,0.08518977499999988,0.11357973749999974,0.1419696999999996,0.1548246625,0.1676796250000004,0.18053458750000081,0.19338955000000124,0.21329701250000083,0.23320447500000044,0.25311193750000005,0.2730193999999997,0.2947008774999999,0.3163823550000001,0.3380638325000004,0.35974531000000065,0.3777637950000008,0.39578228000000093,0.4138007650000011,0.4318192500000013,0.4416707275000014,0.4515222050000015,0.46137368250000166,0.4712251600000018,0.4712251600000018,0.4712251600000018,0.4712251600000018,0.4712251600000018,0.46216887000000134,0.4531125800000009,0.44405629000000046,0.435,0.41374999999999995,0.39249999999999996,0.37124999999999997,0.35
6.1,0.01,0.019999999999999997,0.03,0.02935467857142867,0.028709357142857345,0.056940267857142915,0.08517117857142847,0.11340208928571403,0.1416329999999996,0.15449962499999997,0.16736625000000038,0.1802328750000008,0.19309950000000123,0.21294112500000084,0.23278275000000045,0.25262437500000007,0.2724659999999997,0.2940009749999999,0.3155359500000001,0.33707092500000035,0.35860590000000064,0.3764875500000008,0.394369200000001,0.41225085000000117,0.4301325000000013,0.43996747500000144,0.4498024500000015,0.45963742500000165,0.4694724000000018,0.4694724000000018,0.4694724000000018,0.4694724000000018,0.4694724000000018,0.4608543000000013,0.45223620000000087,0.44361810000000046,0.435,0.41374999999999995,0.39249999999999996,0.37124999999999997,0.35
6.11,0.01,0.019999999999999997,0.03,0.029504432142857244,0.02900886428571449,0.05708072321428576,0.08515258214285704,0.11322444107142832,0.1412962999999996,0.1541745875,0.16705287500000038,0.1799311625000008,0.19280945000000121,0.21258523750000083,0.23236102500000044,0.2521368125000001,0.2719125999999997,0.2933010724999999,0.3146895450000001,0.3360780175000004,0.35746649000000064,0.37521130500000077,0.3929561200000009,0.4107009350000011,0.4284457500000013,0.4382642225000014,0.44808269500000153,0.45790116750000165,0.46771964000000177,0.46771964000000177,0.46771964000000177,0.46771964000000177,0.46771964000000177,0.4595397300000013,0.45135982000000086,0.44317991000000045,0.435,0.41374999999999995,0.39249999999999996,0.37124999999999997,0.35
6.12,0.01,0.019999999999999997,0.03,0.029654185714285818,0.029308371428571633,0.057221178571428624,0.08513398571428561,0.11304679285714261,0.1409595999999996,0.15384955,0.1667395000000004,0.1796294500000008,0.1925194000000012,0.21222935000000082,0.23193930000000046,0.2516492500000001,0.27135919999999975,0.29260116999999997,0.3138431400000002,0.3350851100000004,0.35632708000000063,0.37393506000000076,0.39154304000000095,0.40915102000000114,0.4267590000000013,0.4365609700000014,0.4463629400000015,0.4561649100000016,0.46596688000000175,0.46596688000000175,0.46596688000000175,0.46596688000000175,0.46596688000000175,0.4582251600000013,0.45048344000000085,0.44274172000000045,0.435,0.41374999999999995,0.39249999999999996,0.37124999999999997,0.35
6.13,0.01,0.019999999999999997,0.03,0.029803939285714388,0.029607878571428776,0.05736163392857148,0.08511538928571419,0.1128691446428569,0.1406228999999996,0.1535245125,0.16642612500000037,0.17932773750000078,0.1922293500000012,0.21187346250000083,0.23151757500000048,0.2511616875000001,0.27080579999999976,0.29190126749999995,0.31299673500000014,0.3340922025000004,0.3551876700000006,0.37265881500000075,0.3901299600000009,0.4076011050000011,0.42507225000000126,0.43485771750000135,0.44464318500000144,0.4544286525000016,0.46421412000000173,0.46421412000000173,0.46421412000000173,0.46421412000000173,0.46421412000000173,0.4569105900000013,0.44960706000000084,0.44230353000000044,0.435,0.41374999999999995,0.39249999999999996,0.37124999999999997,0.35
6.14,0.01,0.019999999999999997,0.03,0.029953692857142958,0.02990738571428592,0.05750208928571435,0.08509679285714276,0.11269149642857118,0.1402861999999996,0.15319947499999997,0.16611275000000036,0.17902602500000075,0.19193930000000117,0.2115175750000008,0.23109585000000044,0.2506741250000001,0.2702523999999998,0.29120136499999993,0.31215033000000014,0.33309929500000035,0.3540482600000006,0.37138257000000074,0.38871688000000093,0.4060511900000011,0.42338550000000125,0.4331544650000013,0.44292343000000145,0.4526923950000016,0.4624613600000017,0.4624613600000017,0.4624613600000017,0.4624613600000017,0.4624613600000017,0.45559602000000127,0.4487306800000008,0.44186534000000044,0.435,0.41374999999999995,0.39249999999999996,0.37124999999999997,0.35
6.15,0.01,0.019999999999999997,0.03,0.03010344642857153,0.030206892857143064,0.0576425446428572,0.08507819642857134,0.11251384821428548,0.13994949999999962,0.1528744375,0.16579937500000036,0.17872431250000076,0.19164925000000116,0.2111616875000008,0.23067412500000048,0.25018656250000015,0.2696989999999998,0.2905014625,0.31130392500000015,0.3321063875000004,0.3529088500000006,0.37010632500000074,0.38730380000000086,0.40450127500000105,0.42169875000000123,0.4314512125000013,0.4412036750000014,0.4509561375000015,0.4607086000000017,0.4607086000000017,0.4607086000000017,0.4607086000000017,0.4607086000000017,0.45428145000000125,0.4478543000000008,0.44142715000000043,0.435,0.41374999999999995,0.39249999999999996,0.37124999999999997,0.35
6.16,0.01,0.019999999999999997,0.03,0.030253200000000105,0.030506400000000208,0.05778300000000006,0.08505959999999992,0.11233619999999978,0.13961279999999962,0.1525494,0.16548600000000038,0.17842260000000076,0.19135920000000115,0.21080580000000082,0.23025240000000047,0.24969900000000014,0.2691455999999998,0.28980156,0.3104575200000002,0.3311134800000004,0.3517694400000006,0.3688300800000007,0.3858907200000009,0.4029513600000011,0.4200120000000012,0.42974796000000126,0.43948392000000136,0.4492198800000015,0.45895584000000167,0.45895584000000167,0.45895584000000167,0.45895584000000167,0.45895584000000167,0.45296688000000124,0.4469779200000008,0.44098896000000043,0.435,0.41374999999999995,0.39249999999999996,0.37124999999999997,0.35
6.17,0.01,0.019999999999999997,0.03,0.030402953571428675,0.03080590714285735,0.057923455357142925,0.08504100357142849,0.11215855178571406,0.13927609999999963,0.1522243625,0.16517262500000035,0.17812088750000074,0.19106915000000113,0.21044991250000078,0.22983067500000046,0.24921143750000013,0.26859219999999984,0.2891016575,0.30961111500000016,0.3301205725000004,0.3506300300000006,0.3675538350000007,0.38447764000000084,0.401401445000001,0.4183252500000012,0.4280447075000013,0.43776416500000137,0.4474836225000015,0.45720308000000165,0.45720308000000165,0.45720308000000165,0.45720308000000165,0.45720308000000165,0.4516523100000012,0.4461015400000008,0.4405507700000004,0.435,0.41374999999999995,0.39249999999999996,0.37124999999999997,0.35
6.18,0.01,0.019999999999999997,0.03,0.030552707142857245,0.031105414285714495,0.05806391071428578,0.08502240714285707,0.11198090357142834,0.13893939999999963,0.15189932499999997,0.16485925000000035,0.17781917500000072,0.19077910000000112,0.2100940250000008,0.22940895000000047,0.24872387500000015,0.26803879999999985,0.288401755,0.30876471000000016,0.32912766500000035,0.3494906200000006,0.3662775900000007,0.3830645600000009,0.39985153000000107,0.4166385000000012,0.4263414550000013,0.4360444100000014,0.4457473650000015,0.45545032000000163,0.45545032000000163,0.45545032000000163,0.45545032000000163,0.45545032000000163,0.4503377400000012,0.4452251600000008,0.4401125800000004,0.435,0.41374999999999995,0.39249999999999996,0.37124999999999997,0.35
6.19,0.01,0.019999999999999997,0.03,0.03070246071428582,0.03140492142857164,0.05820436607142864,0.08500381071428564,0.11180325535714264,0.13860269999999963,0.1515742875,0.16454587500000034,0.17751746250000072,0.1904890500000011,0.20973813750000078,0.22898722500000046,0.24823631250000017,0.2674853999999999,0.2877018525,0.30791830500000017,0.3281347575000004,0.3483512100000006,0.3650013450000007,0.3816514800000008,0.398301615000001,0.4149517500000012,0.4246382025000013,0.4343246550000014,0.4440111075000015,0.4536975600000016,0.4536975600000016,0.4536975600000016,0.4536975600000016,0.4536975600000016,0.4490231700000012,0.4443487800000008,0.4396743900000004,0.435,0.41374999999999995,0.39249999999999996,0.37124999999999997,0.35
6.2,0.01,0.019999999999999997,0.03,0.03085221428571439,0.03170442857142878,0.05834482142857149,0.0849852142857142,0.11162560714285692,0.13826599999999964,0.15124925,0.16423250000000036,0.17721575000000073,0.1901990000000011,0.20938225000000077,0.22856550000000048,0.24774875000000018,0.2669319999999999,0.28700195000000006,0.30707190000000023,0.3271418500000004,0.34721180000000057,0.3637251000000007,0.38023840000000086,0.39675170000000104,0.41326500000000116,0.42293495000000125,0.43260490000000135,0.44227485000000144,0.4519448000000016,0.4519448000000016,0.4519448000000016,0.4519448000000016,0.4519448000000016,0.4477086000000012,0.44347240000000077,0.4392362000000004,0.435,0.41374999999999995,0.39249999999999996,0.37124999999999997,0.35
6.21,0.01,0.019999999999999997,0.03,0.03100196785714296,0.03200393571428592,0.05848527678571435,0.08496661785714278,0.1114479589285712,0.13792929999999964,0.1509242125,0.16391912500000033,0.1769140375000007,0.18990895000000108,0.20902636250000078,0.2281437750000005,0.2472611875000002,0.2663785999999999,0.28630204750000005,0.3062254950000002,0.32614894250000037,0.34607239000000056,0.3624488550000007,0.3788253200000008,0.39520178500000097,0.41157825000000114,0.4212316975000012,0.4308851450000013,0.44053859250000144,0.45019204000000157,0.45019204000000157,0.45019204000000157,0.45019204000000157,0.45019204000000157,0.44639403000000116,0.44259602000000076,0.4387980100000004,0.435,0.41374999999999995,0.39249999999999996,0.37124999999999997,0.35
6.22,0.01,0.019999999999999997,0.03,0.03115172142857153,0.03230344285714306,0.05862573214285721,0.08494802142857136,0.1112703107142855,0.13759259999999965,0.15059917499999997,0.16360575000000033,0.17661232500000068,0.18961890000000106,0.20867047500000074,0.22772205000000045,0.2467736250000002,0.26582519999999993,0.28560214500000003,0.3053790900000002,0.32515603500000034,0.34493298000000056,0.36117261000000067,0.37741224000000084,0.393651870000001,0.40989150000000113,0.4195284450000012,0.4291653900000013,0.43880233500000143,0.44843928000000155,0.44843928000000155,0.44843928000000155,0.44843928000000155,0.44843928000000155,0.44507946000000115,0.44171964000000075,0.4383598200000004,0.435,0.41374999999999995,0.39249999999999996,0.37124999999999997,0.35
6.23,0.01,0.019999999999999997,0.03,0.0313014750000001,0.0326029500000002,0.05876618750000006,0.08492942499999992,0.11109266249999979,0.13725589999999965,0.1502741375,0.16329237500000032,0.17631061250000069,0.18932885000000105,0.20831458750000076,0.22730032500000047,0.2462860625000002,0.26527179999999995,0.28490224250000007,0.3045326850000002,0.32416312750000037,0.34379357000000055,0.35989636500000066,0.3759991600000008,0.39210195500000095,0.4082047500000011,0.41782519250000116,0.42744563500000127,0.43706607750000137,0.44668652000000153,0.44668652000000153,0.44668652000000153,0.44668652000000153,0.44668652000000153,0.44376489000000113,0.44084326000000074,0.4379216300000004,0.435,0.41374999999999995,0.39249999999999996,0.37124999999999997,0.35
6.24,0.01,0.019999999999999997,0.03,0.031451228571428666,0.03290245714285734,0.05890664285714292,0.08491082857142851,0.11091501428571408,0.13691919999999966,0.1499491,0.16297900000000035,0.1760089000000007,0.18903880000000103,0.20795870000000077,0.22687860000000049,0.24579850000000023,0.26471839999999996,0.2842023400000001,0.30368628000000025,0.3231702200000004,0.34265416000000054,0.35862012000000065,0.3745860800000008,0.390552040000001,0.4065180000000011,0.41612194000000113,0.4257258800000012,0.43532982000000137,0.4449337600000015,0.4449337600000015,0.4449337600000015,0.4449337600000015,0.4449337600000015,0.4424503200000011,0.4399668800000007,0.4374834400000004,0.435,0.41374999999999995,0.39249999999999996,0.37124999999999997,0.35
6.25,0.01,0.019999999999999997,0.03,0.03160098214285724,0.03320196428571448,0.059047098214285776,0.08489223214285707,0.11073736607142837,0.13658249999999966,0.1496240625,0.1626656250000003,0.17570718750000067,0.18874875000000102,0.20760281250000073,0.22645687500000047,0.24531093750000021,0.264165,0.2835024375000001,0.3028398750000002,0.32217731250000037,0.34151475000000053,0.35734387500000064,0.37317300000000075,0.3890021250000009,0.4048312500000011,0.41441868750000116,0.42400612500000123,0.43359356250000136,0.4431810000000015,0.4431810000000015,0.4431810000000015,0.4431810000000015,0.4431810000000015,0.4411357500000011,0.4390905000000007,0.4370452500000004,0.435,0.41374999999999995,0.39249999999999996,0.37124999999999997,0.35
6.26,0.01,0.019999999999999997,0.03,0.03175073571428581,0.03350147142857162,0.05918755357142863,0.08487363571428563,0.11055971785714265,0.13624579999999967,0.14929902499999997,0.1623522500000003,0.17540547500000064,0.188458700000001,0.20724692500000075,0.2260351500000005,0.24482337500000023,0.2636116,0.2828025350000001,0.3019934700000002,0.32118440500000034,0.3403753400000005,0.35606763000000063,0.3717599200000008,0.38745221000000096,0.40314450000000107,0.4127154350000012,0.42228637000000124,0.43185730500000136,0.44142824000000147,0.44142824000000147,0.44142824000000147,0.44142824000000147,0.44142824000000147,0.4398211800000011,0.4382141200000007,0.4366070600000004,0.435,0.41374999999999995,0.39249999999999996,0.37124999999999997,0.35
6.27,0.01,0.019999999999999997,0.03,0.03190048928571438,0.03380097857142876,0.05932800892857149,0.08485503928571422,0.11038206964285695,0.13590909999999967,0.1489739875,0.1620388750000003,0.17510376250000065,0.188168650000001,0.20689103750000074,0.22561342500000048,0.24433581250000025,0.2630582,0.2821026325000001,0.3011470650000002,0.32019149750000037,0.3392359300000005,0.3547913850000006,0.37034684000000073,0.3859022950000009,0.40145775000000106,0.41101218250000116,0.42056661500000125,0.43012104750000135,0.43967548000000145,0.43967548000000145,0.43967548000000145,0.43967548000000145,0.43967548000000145,0.4385066100000011,0.4373377400000007,0.4361688700000004,0.435,0.41374999999999995,0.39249999999999996,0.37124999999999997,0.35
6.28,0.01,0.019999999999999997,0.03,0.032050242857142947,0.0341004857142859,0.05946846428571434,0.08483644285714279,0.11020442142857123,0.13557239999999968,0.14864895,0.16172550000000033,0.17480205000000065,0.18787860000000098,0.20653515000000072,0.2251917000000005,0.24384825000000027,0.26250480000000004,0.28140273000000016,0.3003006600000003,0.3191985900000004,0.3380965200000005,0.3535151400000006,0.3689337600000008,0.38435238000000094,0.39977100000000104,0.4093089300000011,0.4188468600000012,0.4283847900000013,0.43792272000000143,0.43792272000000143,0.43792272000000143,0.43792272000000143,0.43792272000000143,0.43719204000000106,0.4364613600000007,0.43573068000000037,0.435,0.41374999999999995,0.39249999999999996,0.37124999999999997,0.35
6.29,0.01,0.019999999999999997,0.03,0.03219999642857152,0.03439999285714304,0.0596089196428572,0.08481784642857136,0.11002677321428553,0.13523569999999968,0.1483239125,0.1614121250000003,0.17450033750000063,0.18758855000000096,0.20617926250000074,0.2247699750000005,0.24336068750000028,0.26195140000000006,0.28070282750000014,0.2994542550000002,0.31820568250000036,0.3369571100000005,0.3522388950000006,0.3675206800000007,0.38280246500000087,0.398084250000001,0.4076056775000011,0.41712710500000116,0.4266485325000013,0.4361699600000014,0.4361699600000014,0.4361699600000014,0.4361699600000014,0.4361699600000014,0.43587747000000104,0.4355849800000007,0.43529249000000036,0.435,0.41374999999999995,0.39249999999999996,0.37124999999999997,0.35
6.3,0.01,0.019999999999999997,0.03,0.032349750000000094,0.03469950000000018,0.05974937500000006,0.08479924999999994,0.10984912499999981,0.13489899999999969,0.14799887499999997,0.1610987500000003,0.1741986250000006,0.18729850000000095,0.2058233750000007,0.22434825000000047,0.24287312500000027,0.2613980000000001,0.2800029250000001,0.29860785000000023,0.31721277500000034,0.3358177000000005,0.3509626500000006,0.36610760000000075,0.3812525500000009,0.396397500000001,0.40590242500000107,0.4154073500000012,0.4249122750000013,0.4344172000000014,0.4344172000000014,0.4344172000000014,0.4344172000000014,0.4344172000000014,0.43456290000000103,0.43470860000000067,0.43485430000000036,0.435,0.41374999999999995,0.39249999999999996,0.37124999999999997,0.35
6.31,0.01,0.019999999999999997,0.03,0.03249950357142866,0.03499900714285732,0.05988983035714291,0.0847806535714285,0.1096714767857141,0.1345622999999997,0.1476738375,0.16078537500000029,0.1738969125000006,0.18700845000000094,0.2054674875000007,0.2239265250000005,0.2423855625000003,0.2608446000000001,0.27930302250000016,0.29776144500000024,0.31621986750000036,0.3346782900000005,0.3496864050000006,0.3646945200000007,0.37970263500000084,0.394710750000001,0.40419917250000104,0.41368759500000113,0.4231760175000012,0.43266444000000137,0.43266444000000137,0.43266444000000137,0.43266444000000137,0.43266444000000137,0.433248330000001,0.43383222000000066,0.43441611000000036,0.435,0.41374999999999995,0.39249999999999996,0.37124999999999997,0.35
6.32,0.01,0.019999999999999997,0.03,0.03264925714285723,0.03529851428571446,0.06003028571428577,0.08476205714285709,0.10949382857142839,0.1342255999999997,0.1473488,0.1604720000000003,0.17359520000000062,0.18671840000000092,0.20511160000000073,0.2235048000000005,0.2418980000000003,0.2602912000000001,0.2786031200000002,0.2969150400000003,0.3152269600000004,0.3335388800000005,0.3484101600000006,0.36328144000000073,0.3781527200000009,0.393024000000001,0.402495920000001,0.4119678400000011,0.4214397600000012,0.43091168000000135,0.43091168000000135,0.43091168000000135,0.43091168000000135,0.43091168000000135,0.431933760000001,0.43295584000000065,0.43397792000000035,0.435,0.41374999999999995,0.39249999999999996,0.37124999999999997,0.35
6.33,0.01,0.019999999999999997,0.03,0.0327990107142858,0.0355980214285716,0.06017074107142863,0.08474346071428565,0.10931618035714268,0.1338888999999997,0.1470237625,0.16015862500000028,0.1732934875000006,0.1864283500000009,0.2047557125000007,0.2230830750000005,0.2414104375000003,0.25973780000000013,0.2779032175000002,0.29606863500000025,0.31423405250000036,0.3323994700000005,0.34713391500000057,0.36186836000000067,0.3766028050000008,0.39133725000000097,0.40079266750000103,0.4102480850000011,0.4197035025000012,0.42915892000000133,0.42915892000000133,0.42915892000000133,0.42915892000000133,0.42915892000000133,0.430619190000001,0.43207946000000064,0.43353973000000035,0.435,0.41374999999999995,0.39249999999999996,0.37124999999999997,0.35
6.34,0.01,0.019999999999999997,0.03,0.032948764285714374,0.03589752857142874,0.06031119642857148,0.08472486428571421,0.10913853214285696,0.1335521999999997,0.14669872499999997,0.15984525000000027,0.17299177500000057,0.1861383000000009,0.2043998250000007,0.2226613500000005,0.2409228750000003,0.25918440000000015,0.27720331500000017,0.29522223000000025,0.31324114500000033,0.33126006000000047,0.34585767000000056,0.3604552800000007,0.37505289000000086,0.38965050000000095,0.39908941500000106,0.4085283300000011,0.4179672450000012,0.4274061600000013,0.4274061600000013,0.4274061600000013,0.4274061600000013,0.4274061600000013,0.42930462000000097,0.4312030800000006,0.43310154000000034,0.435,0.41374999999999995,0.39249999999999996,0.37124999999999997,0.35
6.35,0.01,0.019999999999999997,0.03,0.03309851785714294,0.03619703571428588,0.06045165178571434,0.0847062678571428,0.10896088392857126,0.1332154999999997,0.1463736875,0.15953187500000027,0.17269006250000057,0.18584825000000088,0.2040439375000007,0.2222396250000005,0.24043531250000033,0.25863100000000017,0.2765034125000002,0.29437582500000026,0.31224823750000036,0.33012065000000046,0.34458142500000055,0.35904220000000064,0.3735029750000008,0.38796375000000094,0.39738616250000103,0.4068085750000011,0.4162309875000012,0.4256534000000013,0.4256534000000013,0.4256534000000013,0.4256534000000013,0.4256534000000013,0.42799005000000095,0.4303267000000006,0.43266335000000034,0.435,0.41374999999999995,0.39249999999999996,0.37124999999999997,0.35
6.36,0.01,0.019999999999999997,0.03,0.03324827142857151,0.03649654285714302,0.06059210714285719,0.08468767142857136,0.10878323571428554,0.1328787999999997,0.14604865,0.1592185000000003,0.17238835000000058,0.18555820000000087,0.20368805000000068,0.2218179000000005,0.23994775000000035,0.2580776000000002,0.27580351000000025,0.2935294200000003,0.3112553300000004,0.32898124000000045,0.34330518000000054,0.3576291200000007,0.37195306000000083,0.3862770000000009,0.395682910000001,0.40508882000000107,0.41449473000000114,0.42390064000000127,0.42390064000000127,0.42390064000000127,0.42390064000000127,0.42390064000000127,0.42667548000000094,0.4294503200000006,0.43222516000000033,0.435,0.41374999999999995,0.39249999999999996,0.37124999999999997,0.35
6.37,0.01,0.019999999999999997,0.03,0.03339802500000008,0.03679605000000016,0.06073256250000005,0.08466907499999994,0.10860558749999982,0.13254209999999972,0.1457236125,0.15890512500000026,0.17208663750000056,0.18526815000000085,0.2033321625000007,0.22139617500000053,0.23946018750000037,0.2575242000000002,0.27510360750000024,0.29268301500000027,0.31026242250000036,0.32784183000000044,0.34202893500000053,0.3562160400000006,0.37040314500000077,0.3845902500000009,0.39397965750000097,0.403369065000001,0.41275847250000114,0.42214788000000125,0.42214788000000125,0.42214788000000125,0.42214788000000125,0.42214788000000125,0.4253609100000009,0.4285739400000006,0.4317869700000003,0.435,0.41374999999999995,0.39249999999999996,0.37124999999999997,0.35
6.38,0.01,0.019999999999999997,0.03,0.033547778571428655,0.037095557142857304,0.060873017857142914,0.08465047857142852,0.10842793928571412,0.13220539999999972,0.14539857499999997,0.15859175000000025,0.17178492500000053,0.18497810000000084,0.20297627500000065,0.2209744500000005,0.23897262500000035,0.2569708000000002,0.2744037050000002,0.2918366100000003,0.30926951500000033,0.32670242000000044,0.3407526900000005,0.35480296000000067,0.3688532300000008,0.3829035000000009,0.39227640500000094,0.40164931000000104,0.41102221500000113,0.42039512000000123,0.42039512000000123,0.42039512000000123,0.42039512000000123,0.42039512000000123,0.4240463400000009,0.4276975600000006,0.4313487800000003,0.435,0.41374999999999995,0.39249999999999996,0.37124999999999997,0.35
6.39,0.01,0.019999999999999997,0.03,0.03369753214285722,0.037395064285714444,0.06101347321428576,0.08463188214285708,0.1082502910714284,0.13186869999999973,0.1450735375,0.15827837500000025,0.17148321250000054,0.18468805000000083,0.20262038750000066,0.2205527250000005,0.23848506250000037,0.25641740000000024,0.27370380250000026,0.2909902050000003,0.30827660750000035,0.32556301000000043,0.3394764450000005,0.3533898800000006,0.36730331500000074,0.3812167500000009,0.3905731525000009,0.399929555000001,0.4092859575000011,0.4186423600000012,0.4186423600000012,0.4186423600000012,0.4186423600000012,0.4186423600000012,0.4227317700000009,0.4268211800000006,0.4309105900000003,0.435,0.41374999999999995,0.39249999999999996,0.37124999999999997,0.35
6.4,0.01,0.019999999999999997,0.03,0.03384728571428579,0.037694571428571584,0.06115392857142862,0.08461328571428567,0.1080726428571427,0.13153199999999973,0.1447485,0.15796500000000027,0.17118150000000054,0.1843980000000008,0.20226450000000068,0.22013100000000052,0.2379975000000004,0.25586400000000026,0.2730039000000003,0.29014380000000034,0.3072837000000004,0.3244236000000004,0.3382002000000005,0.35197680000000064,0.3657534000000008,0.37953000000000087,0.3888699000000009,0.39820980000000095,0.40754970000000107,0.4168896000000012,0.4168896000000012,0.4168896000000012,0.4168896000000012,0.4168896000000012,0.4214172000000009,0.42594480000000057,0.4304724000000003,0.435,0.41374999999999995,0.39249999999999996,0.37124999999999997,0.35
6.41,0.01,0.019999999999999997,0.03,0.03399703928571436,0.037994078571428724,0.06129438392857148,0.08459468928571423,0.10789499464285698,0.13119529999999974,0.1444234625,0.15765162500000024,0.17087978750000052,0.1841079500000008,0.20190861250000064,0.2197092750000005,0.23750993750000038,0.2553106000000003,0.2723039975000003,0.2892973950000003,0.30629079250000035,0.3232841900000004,0.3369239550000005,0.3505637200000006,0.3642034850000007,0.37784325000000085,0.3871666475000009,0.39649004500000096,0.40581344250000106,0.4151368400000012,0.4151368400000012,0.4151368400000012,0.4151368400000012,0.4151368400000012,0.42010263000000087,0.42506842000000056,0.4300342100000003,0.435,0.41374999999999995,0.39249999999999996,0.37124999999999997,0.35
6.42,0.01,0.019999999999999997,0.03,0.034146792857142935,0.038293585714285865,0.06143483928571433,0.08457609285714279,0.10771734642857127,0.13085859999999974,0.14409842499999997,0.15733825000000023,0.1705780750000005,0.18381790000000078,0.20155272500000065,0.21928755000000053,0.2370223750000004,0.2547572000000003,0.27160409500000027,0.2884509900000003,0.3052978850000003,0.3221447800000004,0.3356477100000005,0.3491506400000006,0.36265357000000076,0.37615650000000084,0.38546339500000093,0.39477029000000097,0.40407718500000106,0.41338408000000115,0.41338408000000115,0.41338408000000115,0.41338408000000115,0.41338408000000115,0.41878806000000085,0.42419204000000055,0.4295960200000003,0.435,0.41374999999999995,0.39249999999999996,0.37124999999999997,0.35
6.43,0.01,0.019999999999999997,0.03,0.0342965464285715,0.038593092857143005,0.061575294642857194,0.08455749642857138,0.10753969821428556,0.13052189999999975,0.1437733875,0.15702487500000023,0.1702763625000005,0.18352785000000077,0.20119683750000064,0.2188658250000005,0.2365348125000004,0.2542038000000003,0.2709041925000003,0.2876045850000003,0.30430497750000035,0.3210053700000004,0.3343714650000005,0.34773756000000056,0.3611036550000007,0.3744697500000008,0.3837601425000009,0.393050535000001,0.40234092750000106,0.41163132000000113,0.41163132000000113,0.41163132000000113,0.41163132000000113,0.41163132000000113,0.41747349000000084,0.42331566000000054,0.4291578300000003,0.435,0.41374999999999995,0.39249999999999996,0.37124999999999997,0.35
6.44,0.01,0.019999999999999997,0.03,0.03444630000000007,0.038892600000000145,0.06171575000000004,0.08453889999999994,0.10736204999999985,0.13018519999999975,0.14344835,0.15671150000000025,0.1699746500000005,0.18323780000000076,0.20084095000000063,0.21844410000000053,0.23604725000000043,0.25365040000000033,0.27020429000000035,0.28675818000000036,0.3033120700000004,0.3198659600000004,0.33309522000000047,0.3463244800000006,0.35955374000000073,0.3727830000000008,0.38205689000000087,0.39133078000000093,0.400604670000001,0.4098785600000011,0.4098785600000011,0.4098785600000011,0.4098785600000011,0.4098785600000011,0.4161589200000008,0.4224392800000005,0.4287196400000003,0.435,0.41374999999999995,0.39249999999999996,0.37124999999999997,0.35
6.45,0.01,0.019999999999999997,0.03,0.03459605357142864,0.039192107142857285,0.0618562053571429,0.08452030357142852,0.10718440178571415,0.12984849999999976,0.1431233125,0.15639812500000022,0.16967293750000048,0.18294775000000074,0.20048506250000064,0.21802237500000055,0.23555968750000045,0.25309700000000035,0.26950438750000033,0.2859117750000003,0.30231916250000035,0.3187265500000004,0.33181897500000046,0.34491140000000053,0.35800382500000066,0.3710962500000008,0.38035363750000084,0.3896110250000009,0.398868412500001,0.4081258000000011,0.4081258000000011,0.4081258000000011,0.4081258000000011,0.4081258000000011,0.4148443500000008,0.4215629000000005,0.4282814500000003,0.435,0.41374999999999995,0.39249999999999996,0.37124999999999997,0.35
6.46,0.01,0.019999999999999997,0.03,0.034745807142857216,0.039491614285714426,0.061996660714285765,0.0845017071428571,0.10700675357142843,0.12951179999999976,0.14279827499999997,0.15608475000000022,0.16937122500000046,0.18265770000000073,0.2001291750000006,0.2176006500000005,0.23507212500000044,0.25254360000000037,0.2688044850000003,0.2850653700000003,0.3013262550000003,0.3175871400000004,0.33054273000000045,0.3434983200000006,0.3564539100000007,0.3694095000000008,0.3786503850000008,0.3878912700000009,0.397132155000001,0.4063730400000011,0.4063730400000011,0.4063730400000011,0.4063730400000011,0.4063730400000011,0.4135297800000008,0.4206865200000005,0.4278432600000003,0.435,0.41374999999999995,0.39249999999999996,0.37124999999999997,0.35
6.47,0.01,0.019999999999999997,0.03,0.03489556071428578,0.039791121428571566,0.06213711607142861,0.08448311071428566,0.10682910535714271,0.12917509999999977,0.1424732375,0.1557713750000002,0.16906951250000046,0.18236765000000071,0.19977328750000062,0.21717892500000052,0.23458456250000045,0.2519902000000004,0.26810458250000035,0.2842189650000003,0.30033334750000035,0.31644773000000037,0.32926648500000044,0.3420852400000005,0.35490399500000064,0.36772275000000076,0.3769471325000008,0.38617151500000085,0.3953958975000009,0.40462028000000105,0.40462028000000105,0.40462028000000105,0.40462028000000105,0.40462028000000105,0.4122152100000008,0.4198101400000005,0.4274050700000003,0.435,0.41374999999999995,0.39249999999999996,0.37124999999999997,0.35
6.48,0.01,0.019999999999999997,0.03,0.03504531428571435,0.040090628571428706,0.062277571428571474,0.08446451428571425,0.10665145714285701,0.12883839999999977,0.1421482,0.15545800000000023,0.16876780000000047,0.1820776000000007,0.19941740000000063,0.21675720000000054,0.23409700000000047,0.2514368000000004,0.2674046800000004,0.2833725600000004,0.2993404400000004,0.31530832000000036,0.32799024000000043,0.34067216000000056,0.3533540800000007,0.36603600000000075,0.37524388000000075,0.3844517600000008,0.3936596400000009,0.40286752000000103,0.40286752000000103,0.40286752000000103,0.40286752000000103,0.40286752000000103,0.41090064000000076,0.4189337600000005,0.42696688000000027,0.435,0.41374999999999995,0.39249999999999996,0.37124999999999997,0.35
6.49,0.01,0.019999999999999997,0.03,0.03519506785714292,0.040390135714285846,0.06241802678571433,0.08444591785714281,0.10647380892857129,0.12850169999999977,0.1418231625,0.1551446250000002,0.16846608750000044,0.18178755000000069,0.1990615125000006,0.21633547500000053,0.23360943750000046,0.2508834000000004,0.2667047775000004,0.28252615500000033,0.29834753250000035,0.31416891000000036,0.3267139950000004,0.3392590800000005,0.3518041650000006,0.36434925000000074,0.3735406275000008,0.3827320050000008,0.3919233825000009,0.401114760000001,0.401114760000001,0.401114760000001,0.401114760000001,0.401114760000001,0.40958607000000075,0.4180573800000005,0.42652869000000027,0.435,0.41374999999999995,0.39249999999999996,0.37124999999999997,0.35
6.5,0.01,0.019999999999999997,0.03,0.035344821428571496,0.04068964285714299,0.06255848214285718,0.08442732142857137,0.10629616071428558,0.12816499999999978,0.14149812499999997,0.1548312500000002,0.16816437500000042,0.18149750000000067,0.1987056250000006,0.21591375000000054,0.23312187500000048,0.25033000000000044,0.26600487500000036,0.28167975000000034,0.2973546250000003,0.31302950000000035,0.3254377500000004,0.33784600000000053,0.35025425000000066,0.3626625000000007,0.3718373750000008,0.38101225000000083,0.3901871250000009,0.399362000000001,0.399362000000001,0.399362000000001,0.399362000000001,0.399362000000001,0.40827150000000073,0.41718100000000047,0.42609050000000026,0.435,0.41374999999999995,0.39249999999999996,0.37124999999999997,0.35
6.51,0.01,0.019999999999999997,0.03,0.03549457500000006,0.04098915000000013,0.06269893750000005,0.08440872499999996,0.10611851249999987,0.12782829999999978,0.1411730875,0.1545178750000002,0.16786266250000043,0.18120745000000066,0.1983497375000006,0.21549202500000053,0.2326343125000005,0.24977660000000046,0.2653049725000004,0.28083334500000035,0.29636171750000034,0.31189009000000034,0.3241615050000004,0.33643292000000047,0.3487043350000006,0.3609757500000007,0.3701341225000008,0.37929249500000084,0.3884508675000009,0.397609240000001,0.397609240000001,0.397609240000001,0.397609240000001,0.397609240000001,0.4069569300000007,0.41630462000000046,0.42565231000000026,0.435,0.41374999999999995,0.39249999999999996,0.37124999999999997,0.35
6.52,0.01,0.019999999999999997,0.03,0.03564432857142863,0.04128865714285727,0.06283939285714289,0.08439012857142852,0.10594086428571416,0.1274915999999998,0.14084805,0.15420450000000022,0.16756095000000043,0.18091740000000064,0.19799385000000058,0.21507030000000055,0.2321467500000005,0.24922320000000045,0.2646050700000004,0.27998694000000035,0.29536881000000037,0.31075068000000033,0.3228852600000004,0.3350198400000005,0.34715442000000063,0.3592890000000007,0.36843087000000074,0.3775727400000008,0.38671461000000085,0.39585648000000095,0.39585648000000095,0.39585648000000095,0.39585648000000095,0.39585648000000095,0.4056423600000007,0.41542824000000045,0.42521412000000025,0.435,0.41374999999999995,0.39249999999999996,0.37124999999999997,0.35
6.53,0.01,0.019999999999999997,0.03,0.0357940821428572,0.04158816428571441,0.06297984821428576,0.0843715321428571,0.10576321607142844,0.1271548999999998,0.1405230125,0.15389112500000018,0.1672592375000004,0.18062735000000063,0.19763796250000057,0.2146485750000005,0.23165918750000047,0.24866980000000044,0.26390516750000037,0.27914053500000036,0.29437590250000034,0.3096112700000003,0.3216090150000004,0.33360676000000045,0.34560450500000056,0.3576022500000007,0.3667276175000007,0.37585298500000075,0.38497835250000084,0.39410372000000093,0.39410372000000093,0.39410372000000093,0.39410372000000093,0.39410372000000093,0.4043277900000007,0.41455186000000044,0.42477593000000025,0.435,0.41374999999999995,0.39249999999999996,0.37124999999999997,0.35
6.54,0.01,0.019999999999999997,0.03,0.03594383571428578,0.04188767142857155,0.06312030357142862,0.08435293571428568,0.10558556785714274,0.1268181999999998,0.14019797499999997,0.15357775000000018,0.16695752500000038,0.18033730000000062,0.19728207500000056,0.21422685000000052,0.2311716250000005,0.24811640000000043,0.2632052650000004,0.27829413000000036,0.2933829950000003,0.3084718600000003,0.3203327700000004,0.3321936800000005,0.3440545900000006,0.35591550000000066,0.3650243650000007,0.37413323000000076,0.38324209500000084,0.3923509600000009,0.3923509600000009,0.3923509600000009,0.3923509600000009,0.3923509600000009,0.40301322000000067,0.41367548000000043,0.42433774000000024,0.435,0.41374999999999995,0.39249999999999996,0.37124999999999997,0.35
6.55,0.01,0.019999999999999997,0.03,0.03609358928571434,0.04218717857142869,0.06326075892857147,0.08433433928571424,0.10540791964285702,0.1264814999999998,0.1398729375,0.15326437500000017,0.1666558125000004,0.1800472500000006,0.19692618750000054,0.21380512500000048,0.23068406250000045,0.24756300000000042,0.26250536250000034,0.2774477250000003,0.2923900875000003,0.3073324500000003,0.31905652500000037,0.3307806000000004,0.34250467500000054,0.35422875000000065,0.36332111250000065,0.3724134750000007,0.3815058375000008,0.3905982000000009,0.3905982000000009,0.3905982000000009,0.3905982000000009,0.3905982000000009,0.40169865000000066,0.4127991000000004,0.42389955000000024,0.435,0.41374999999999995,0.39249999999999996,0.37124999999999997,0.35
6.56,0.01,0.019999999999999997,0.03,0.03624334285714291,0.04248668571428583,0.06340121428571432,0.08431574285714283,0.10523027142857132,0.1261447999999998,0.1395479,0.1529510000000002,0.1663541000000004,0.1797572000000006,0.19657030000000053,0.2133834000000005,0.23019650000000047,0.2470096000000004,0.2618054600000003,0.27660132000000026,0.29139718000000026,0.3061930400000003,0.31778028000000036,0.32936752000000047,0.3409547600000006,0.35254200000000063,0.3616178600000006,0.37069372000000067,0.3797695800000008,0.3888454400000009,0.3888454400000009,0.3888454400000009,0.3888454400000009,0.3888454400000009,0.40038408000000064,0.4119227200000004,0.42346136000000023,0.435,0.41374999999999995,0.39249999999999996,0.37124999999999997,0.35
6.57,0.01,0.019999999999999997,0.03,0.036393096428571484,0.04278619285714297,0.06354166964285718,0.08429714642857139,0.1050526232142856,0.1258080999999998,0.1392228625,0.15263762500000017,0.16605238750000037,0.17946715000000057,0.19621441250000052,0.21296167500000046,0.22970893750000043,0.2464562000000004,0.2611055575000003,0.27575491500000027,0.2904042725000003,0.3050536300000003,0.31650403500000035,0.3279544400000004,0.3394048450000005,0.3508552500000006,0.35991460750000065,0.3689739650000007,0.37803332250000077,0.38709268000000085,0.38709268000000085,0.38709268000000085,0.38709268000000085,0.38709268000000085,0.3990695100000006,0.4110463400000004,0.4230231700000002,0.435,0.41374999999999995,0.39249999999999996,0.37124999999999997,0.35
6.58,0.01,0.019999999999999997,0.03,0.03654285000000006,0.04308570000000011,0.06368212500000003,0.08427854999999995,0.10487497499999988,0.12547139999999982,0.13889782499999997,0.15232425000000016,0.16575067500000035,0.17917710000000056,0.1958585250000005,0.21253995000000048,0.22922137500000045,0.2459028000000004,0.26040565500000035,0.27490851000000033,0.2894113650000003,0.3039142200000003,0.31522779000000034,0.32654136000000045,0.33785493000000055,0.3491685000000006,0.3582113550000007,0.3672542100000007,0.37629706500000076,0.38533992000000084,0.38533992000000084,0.38533992000000084,0.38533992000000084,0.38533992000000084,0.3977549400000006,0.4101699600000004,0.4225849800000002,0.435,0.41374999999999995,0.39249999999999996,0.37124999999999997,0.35
6.59,0.01,0.019999999999999997,0.03,0.036692603571428624,0.04338520714285725,0.06382258035714289,0.08425995357142854,0.10469732678571418,0.12513469999999982,0.1385727875,0.15201087500000016,0.16544896250000035,0.17888705000000055,0.1955026375000005,0.21211822500000044,0.2287338125000004,0.24534940000000038,0.25970575250000033,0.2740621050000003,0.2884184575000003,0.3027748100000003,0.31395154500000033,0.3251282800000004,0.3363050150000005,0.3474817500000006,0.35650810250000065,0.3655344550000007,0.37456080750000076,0.3835871600000008,0.3835871600000008,0.3835871600000008,0.3835871600000008,0.3835871600000008,0.3964403700000006,0.4092935800000004,0.4221467900000002,0.435,0.41374999999999995,0.39249999999999996,0.37124999999999997,0.35
6.6,0.01,0.019999999999999997,0.03,0.03684235714285719,0.04368471428571439,0.06396303571428574,0.0842413571428571,0.10451967857142846,0.12479799999999981,0.13824774999999997,0.15169750000000015,0.16514725000000036,0.17859700000000053,0.19514675000000048,0.21169650000000045,0.22824625000000043,0.24479600000000037,0.2590058500000003,0.2732157000000003,0.28742555000000025,0.3016354000000003,0.3126753000000003,0.3237152000000004,0.3347551000000005,0.3457950000000006,0.3548048500000006,0.36381470000000066,0.3728245500000007,0.3818344000000008,0.3818344000000008,0.3818344000000008,0.3818344000000008,0.3818344000000008,0.3951258000000006,0.40841720000000037,0.4217086000000002,0.435,0.41374999999999995,0.39249999999999996,0.37124999999999997,0.35
6.61,0.01,0.019999999999999997,0.03,0.036992110714285764,0.04398422142857153,0.0641034910714286,0.08422276071428567,0.10434203035714273,0.12446129999999982,0.1379227125,0.15138412500000015,0.16484553750000033,0.17830695000000052,0.19479086250000047,0.21127477500000041,0.2277586875000004,0.24424260000000036,0.25830594750000035,0.2723692950000003,0.2864326425000003,0.30049599000000027,0.3113990550000003,0.32230212000000036,0.33320518500000046,0.34410825000000056,0.3531015975000006,0.3620949450000006,0.3710882925000007,0.3800816400000008,0.3800816400000008,0.3800816400000008,0.3800816400000008,0.3800816400000008,0.39381123000000057,0.40754082000000036,0.4212704100000002,0.435,0.41374999999999995,0.39249999999999996,0.37124999999999997,0.35
6.62,0.01,0.019999999999999997,0.03,0.03714186428571434,0.04428372857142867,0.06424394642857147,0.08420416428571426,0.10416438214285703,0.12412459999999982,0.13759767499999997,0.15107075000000014,0.1645438250000003,0.1780169000000005,0.19443497500000045,0.21085305000000043,0.2272711250000004,0.24368920000000036,0.25760604500000034,0.2715228900000003,0.2854397350000003,0.29935658000000026,0.3101228100000003,0.3208890400000004,0.3316552700000005,0.34242150000000054,0.35139834500000056,0.3603751900000006,0.3693520350000007,0.37832888000000076,0.37832888000000076,0.37832888000000076,0.37832888000000076,0.37832888000000076,0.39249666000000055,0.40666444000000035,0.4208322200000002,0.435,0.41374999999999995,0.39249999999999996,0.37124999999999997,0.35
6.63,0.01,0.019999999999999997,0.03,0.037291617857142904,0.04458323571428581,0.06438440178571431,0.08418556785714282,0.10398673392857133,0.12378789999999983,0.1372726375,0.15075737500000014,0.16424211250000031,0.1777268500000005,0.19407908750000044,0.2104313250000004,0.22678356250000037,0.24313580000000035,0.2569061425000003,0.2706764850000003,0.2844468275000003,0.29821717000000025,0.3088465650000003,0.31947596000000034,0.33010535500000043,0.34073475000000053,0.3496950925000005,0.3586554350000006,0.36761577750000063,0.37657612000000074,0.37657612000000074,0.37657612000000074,0.37657612000000074,0.37657612000000074,0.39118209000000054,0.40578806000000034,0.4203940300000002,0.435,0.41374999999999995,0.39249999999999996,0.37124999999999997,0.35
6.64,0.01,0.019999999999999997,0.03,0.03744137142857147,0.04488274285714295,0.06452485714285716,0.08416697142857138,0.1038090857142856,0.12345119999999983,0.13694759999999997,0.15044400000000013,0.16394040000000032,0.17743680000000048,0.19372320000000043,0.2100096000000004,0.22629600000000039,0.24258240000000034,0.2562062400000003,0.2698300800000003,0.28345392000000025,0.29707776000000025,0.3075703200000003,0.3180628800000004,0.3285554400000005,0.3390480000000005,0.3479918400000005,0.35693568000000053,0.3658795200000006,0.3748233600000007,0.3748233600000007,0.3748233600000007,0.3748233600000007,0.3748233600000007,0.3898675200000005,0.40491168000000033,0.4199558400000002,0.435,0.41374999999999995,0.39249999999999996,0.37124999999999997,0.35
6.65,0.01,0.019999999999999997,0.03,0.037591125000000045,0.04518225000000009,0.06466531250000003,0.08414837499999997,0.1036314374999999,0.12311449999999984,0.1366225625,0.15013062500000013,0.1636386875000003,0.17714675000000046,0.19336731250000042,0.20958787500000037,0.22580843750000035,0.24202900000000033,0.2555063375000003,0.26898367500000026,0.2824610125000002,0.29593835000000024,0.3062940750000003,0.3166498000000003,0.3270055250000004,0.3373612500000005,0.3462885875000005,0.35521592500000054,0.3641432625000006,0.3730706000000007,0.3730706000000007,0.3730706000000007,0.3730706000000007,0.3730706000000007,0.3885529500000005,0.4040353000000003,0.4195176500000002,0.435,0.41374999999999995,0.39249999999999996,0.37124999999999997,0.35
6.66,0.01,0.019999999999999997,0.03,0.03774087857142862,0.04548175714285723,0.06480576785714288,0.08412977857142853,0.10345378928571419,0.12277779999999984,0.13629752499999997,0.14981725000000012,0.16333697500000027,0.17685670000000045,0.1930114250000004,0.20916615000000038,0.22532087500000036,0.24147560000000032,0.2548064350000003,0.2681372700000002,0.2814681050000002,0.29479894000000023,0.30501783000000027,0.31523672000000036,0.32545561000000045,0.3356745000000005,0.34458533500000055,0.35349617000000055,0.3624070050000006,0.3713178400000007,0.3713178400000007,0.3713178400000007,0.3713178400000007,0.3713178400000007,0.3872383800000005,0.4031589200000003,0.4190794600000002,0.435,0.41374999999999995,0.39249999999999996,0.37124999999999997,0.35
6.67,0.01,0.019999999999999997,0.03,0.037890632142857185,0.04578126428571437,0.06494622321428574,0.08411118214285711,0.10327614107142848,0.12244109999999984,0.1359724875,0.14950387500000012,0.16303526250000028,0.17656665000000044,0.1926555375000004,0.20874442500000034,0.22483331250000033,0.2409222000000003,0.25410653250000026,0.2672908650000002,0.2804751975000002,0.2936595300000002,0.30374158500000026,0.3138236400000003,0.3239056950000004,0.33398775000000047,0.3428820825000005,0.35177641500000056,0.3606707475000006,0.36956508000000066,0.36956508000000066,0.36956508000000066,0.36956508000000066,0.36956508000000066,0.3859238100000005,0.4022825400000003,0.4186412700000002,0.435,0.41374999999999995,0.39249999999999996,0.37124999999999997,0.35
6.68,0.01,0.019999999999999997,0.03,0.03804038571428575,0.04608077142857151,0.0650866785714286,0.08409258571428568,0.10309849285714276,0.12210439999999985,0.13564744999999997,0.14919050000000011,0.16273355000000028,0.17627660000000042,0.19229965000000038,0.20832270000000036,0.22434575000000034,0.2403688000000003,0.25340663000000024,0.2664444600000002,0.27948229000000024,0.2925201200000002,0.30246534000000025,0.31241056000000034,0.3223557800000004,0.33230100000000046,0.3411788300000005,0.3500566600000005,0.35893449000000055,0.36781232000000064,0.36781232000000064,0.36781232000000064,0.36781232000000064,0.36781232000000064,0.38460924000000046,0.4014061600000003,0.41820308000000017,0.435,0.41374999999999995,0.39249999999999996,0.37124999999999997,0.35
6.69,0.01,0.019999999999999997,0.03,0.038190139285714325,0.04638027857142865,0.06522713392857145,0.08407398928571425,0.10292084464285706,0.12176769999999985,0.1353224125,0.1488771250000001,0.16243183750000026,0.1759865500000004,0.19194376250000036,0.20790097500000032,0.2238581875000003,0.2398154000000003,0.25270672750000023,0.2655980550000002,0.2784893825000002,0.2913807100000002,0.30118909500000024,0.31099748000000027,0.32080586500000036,0.33061425000000044,0.33947557750000046,0.3483369050000005,0.35719823250000055,0.3660595600000006,0.3660595600000006,0.3660595600000006,0.3660595600000006,0.3660595600000006,0.38329467000000045,0.4005297800000003,0.41776489000000017,0.435,0.41374999999999995,0.39249999999999996,0.37124999999999997,0.35
6.7,0.01,0.019999999999999997,0.03,0.0383398928571429,0.04667978571428579,0.06536758928571432,0.08405539285714284,0.10274319642857135,0.12143099999999986,0.13499737499999998,0.1485637500000001,0.16213012500000024,0.1756965000000004,0.19158787500000035,0.20747925000000034,0.22337062500000032,0.23926200000000028,0.25200682500000027,0.2647516500000002,0.2774964750000002,0.2902413000000002,0.29991285000000023,0.3095844000000003,0.3192559500000004,0.32892750000000043,0.33777232500000043,0.3466171500000005,0.35546197500000054,0.3643068000000006,0.3643068000000006,0.3643068000000006,0.3643068000000006,0.3643068000000006,0.38198010000000043,0.39965340000000027,0.41732670000000016,0.435,0.41374999999999995,0.39249999999999996,0.37124999999999997,0.35
6.71,0.01,0.019999999999999997,0.03,0.038489646428571465,0.04697929285714293,0.06550804464285717,0.0840367964285714,0.10256554821428562,0.12109429999999986,0.1346723375,0.1482503750000001,0.16182841250000024,0.17540645000000038,0.19123198750000034,0.2070575250000003,0.22288306250000028,0.23870860000000027,0.2513069225000002,0.2639052450000002,0.27650356750000016,0.2891018900000002,0.2986366050000002,0.30817132000000025,0.31770603500000033,0.3272407500000004,0.3360690725000004,0.34489739500000044,0.3537257175000005,0.3625540400000006,0.3625540400000006,0.3625540400000006,0.3625540400000006,0.3625540400000006,0.3806655300000004,0.39877702000000026,0.41688851000000016,0.435,0.41374999999999995,0.39249999999999996,0.37124999999999997,0.35
6.72,0.01,0.019999999999999997,0.03,0.03863940000000003,0.04727880000000007,0.06564850000000001,0.08401819999999996,0.10238789999999992,0.12075759999999987,0.13434729999999998,0.1479370000000001,0.16152670000000025,0.17511640000000037,0.19087610000000033,0.2066358000000003,0.2223955000000003,0.23815520000000026,0.2506070200000002,0.2630588400000001,0.27551066000000013,0.2879624800000002,0.2973603600000002,0.3067582400000003,0.3161561200000004,0.3255540000000004,0.33436582000000037,0.3431776400000004,0.3519894600000005,0.36080128000000056,0.36080128000000056,0.36080128000000056,0.36080128000000056,0.36080128000000056,0.3793509600000004,0.39790064000000025,0.41645032000000015,0.435,0.41374999999999995,0.39249999999999996,0.37124999999999997,0.35
6.73,0.01,0.019999999999999997,0.03,0.038789153571428606,0.04757830714285721,0.06578895535714288,0.08399960357142855,0.10221025178571422,0.12042089999999987,0.1340222625,0.1476236250000001,0.16122498750000022,0.17482635000000035,0.1905202125000003,0.20621407500000027,0.22190793750000026,0.23760180000000025,0.24990711750000025,0.26221243500000024,0.2745177525000002,0.2868230700000002,0.2960841150000002,0.3053451600000002,0.3146062050000003,0.3238672500000004,0.3326625675000004,0.3414578850000004,0.35025320250000047,0.35904852000000054,0.35904852000000054,0.35904852000000054,0.35904852000000054,0.35904852000000054,0.3780363900000004,0.39702426000000024,0.41601213000000015,0.435,0.41374999999999995,0.39249999999999996,0.37124999999999997,0.35
6.74,0.01,0.019999999999999997,0.03,0.03893890714285718,0.04787781428571435,0.06592941071428574,0.08398100714285711,0.10203260357142849,0.12008419999999988,0.13369722499999998,0.1473102500000001,0.1609232750000002,0.17453630000000034,0.1901643250000003,0.2057923500000003,0.22142037500000028,0.23704840000000024,0.2492072150000002,0.2613660300000002,0.2735248450000002,0.2856836600000002,0.2948078700000002,0.30393208000000027,0.31305629000000035,0.32218050000000037,0.3309593150000004,0.3397381300000004,0.34851694500000047,0.3572957600000005,0.3572957600000005,0.3572957600000005,0.3572957600000005,0.3572957600000005,0.3767218200000004,0.39614788000000023,0.41557394000000014,0.435,0.41374999999999995,0.39249999999999996,0.37124999999999997,0.35
6.75,0.01,0.019999999999999997,0.03,0.039088660714285746,0.04817732142857149,0.06606986607142859,0.08396241071428569,0.10185495535714278,0.11974749999999988,0.1333721875,0.14699687500000008,0.1606215625000002,0.17424625000000032,0.1898084375000003,0.20537062500000025,0.22093281250000024,0.23649500000000023,0.2485073125000002,0.26051962500000014,0.27253193750000015,0.28454425000000017,0.2935316250000002,0.3025190000000002,0.3115063750000003,0.32049375000000035,0.3292560625000004,0.3380183750000004,0.34678068750000046,0.3555430000000005,0.3555430000000005,0.3555430000000005,0.3555430000000005,0.3555430000000005,0.37540725000000036,0.3952715000000002,0.41513575000000014,0.435,0.41374999999999995,0.39249999999999996,0.37124999999999997,0.35
6.76,0.01,0.019999999999999997,0.03,0.03923841428571431,0.04847682857142863,0.06621032142857144,0.08394381428571426,0.10167730714285708,0.11941079999999989,0.13304714999999998,0.14668350000000008,0.1603198500000002,0.1739562000000003,0.18945255000000027,0.20494890000000027,0.22044525000000026,0.23594160000000022,0.24780741000000017,0.25967322000000015,0.2715390300000001,0.28340484000000016,0.2922553800000002,0.30110592000000025,0.3099564600000003,0.31880700000000034,0.32755281000000036,0.3362986200000004,0.3450444300000004,0.3537902400000005,0.3537902400000005,0.3537902400000005,0.3537902400000005,0.3537902400000005,0.37409268000000034,0.3943951200000002,0.41469756000000013,0.435,0.41374999999999995,0.39249999999999996,0.37124999999999997,0.35
6.77,0.01,0.019999999999999997,0.03,0.039388167857142886,0.04877633571428577,0.0663507767857143,0.08392521785714283,0.10149965892857135,0.11907409999999989,0.1327221125,0.14637012500000007,0.16001813750000018,0.1736661500000003,0.18909666250000026,0.20452717500000023,0.21995768750000022,0.23538820000000021,0.24710750750000018,0.25882681500000015,0.27054612250000015,0.28226543000000015,0.29097913500000017,0.2996928400000002,0.30840654500000025,0.3171202500000003,0.32584955750000033,0.33457886500000034,0.3433081725000004,0.35203748000000046,0.35203748000000046,0.35203748000000046,0.35203748000000046,0.35203748000000046,0.37277811000000033,0.3935187400000002,0.4142593700000001,0.435,0.41374999999999995,0.39249999999999996,0.37124999999999997,0.35
6.78,0.01,0.019999999999999997,0.03,0.03953792142857146,0.049075842857142914,0.06649123214285717,0.08390662142857142,0.10132201071428565,0.1187373999999999,0.13239707499999998,0.14605675000000007,0.15971642500000016,0.17337610000000028,0.18874077500000025,0.20410545000000024,0.21947012500000024,0.2348348000000002,0.2464076050000002,0.25798041000000016,0.2695532150000002,0.28112602000000014,0.28970289000000016,0.2982797600000002,0.3068566300000003,0.3154335000000003,0.3241463050000003,0.33285911000000035,0.3415719150000004,0.35028472000000044,0.35028472000000044,0.35028472000000044,0.35028472000000044,0.35028472000000044,0.3714635400000003,0.3926423600000002,0.4138211800000001,0.435,0.41374999999999995,0.39249999999999996,0.37124999999999997,0.35
6.79,0.01,0.019999999999999997,0.03,0.039687675000000026,0.049375350000000054,0.06663168750000001,0.08388802499999998,0.10114436249999995,0.1184006999999999,0.1320720375,0.14574337500000006,0.15941471250000017,0.17308605000000027,0.18838488750000024,0.2036837250000002,0.2189825625000002,0.2342814000000002,0.24570770250000018,0.25713400500000017,0.26856030750000015,0.27998661000000014,0.28842664500000015,0.29686668000000016,0.30530671500000023,0.3137467500000003,0.32244305250000027,0.3311393550000003,0.33983565750000033,0.3485319600000004,0.3485319600000004,0.3485319600000004,0.3485319600000004,0.3485319600000004,0.3701489700000003,0.3917659800000002,0.4133829900000001,0.435,0.41374999999999995,0.39249999999999996,0.37124999999999997,0.35
6.8,0.01,0.019999999999999997,0.03,0.03983742857142859,0.049674857142857194,0.06677214285714286,0.08386942857142854,0.10096671428571422,0.1180639999999999,0.13174699999999998,0.14543000000000006,0.15911300000000017,0.17279600000000025,0.18802900000000022,0.20326200000000022,0.21849500000000022,0.23372800000000019,0.24500780000000016,0.25628760000000017,0.2675674000000001,0.27884720000000013,0.28715040000000014,0.2954536000000002,0.30375680000000027,0.3120600000000003,0.32073980000000024,0.32941960000000026,0.3380994000000003,0.3467792000000004,0.3467792000000004,0.3467792000000004,0.3467792000000004,0.3467792000000004,0.3688344000000003,0.39088960000000017,0.4129448000000001,0.435,0.41374999999999995,0.39249999999999996,0.37124999999999997,0.35
6.81,0.01,0.019999999999999997,0.03,0.03998718214285717,0.049974364285714334,0.06691259821428573,0.08385083214285713,0.10078906607142851,0.11772729999999991,0.1314219625,0.14511662500000005,0.15881128750000015,0.17250595000000024,0.1876731125000002,0.20284027500000018,0.21800743750000018,0.23317460000000018,0.24430789750000015,0.2554411950000001,0.2665744925000001,0.2777077900000001,0.28587415500000013,0.29404052000000014,0.3022068850000002,0.31037325000000027,0.31903654750000027,0.32769984500000027,0.3363631425000003,0.3450264400000004,0.3450264400000004,0.3450264400000004,0.3450264400000004,0.3450264400000004,0.36751983000000027,0.39001322000000016,0.4125066100000001,0.435,0.41374999999999995,0.39249999999999996,0.37124999999999997,0.35
6.82,0.01,0.019999999999999997,0.03,0.04013693571428574,0.050273871428571475,0.06705305357142859,0.08383223571428569,0.10061141785714281,0.11739059999999991,0.13109692499999998,0.14480325000000005,0.15850957500000012,0.17221590000000023,0.1873172250000002,0.2024185500000002,0.2175198750000002,0.23262120000000017,0.24360799500000013,0.25459479000000007,0.26558158500000006,0.2765683800000001,0.2845979100000001,0.2926274400000002,0.30065697000000025,0.30868650000000025,0.3173332950000003,0.3259800900000003,0.3346268850000003,0.34327368000000036,0.34327368000000036,0.34327368000000036,0.34327368000000036,0.34327368000000036,0.36620526000000025,0.38913684000000015,0.4120684200000001,0.435,0.41374999999999995,0.39249999999999996,0.37124999999999997,0.35
6.83,0.01,0.019999999999999997,0.03,0.04028668928571431,0.050573378571428615,0.06719350892857144,0.08381363928571427,0.1004337696428571,0.11705389999999992,0.1307718875,0.14448987500000005,0.15820786250000013,0.1719258500000002,0.18696133750000019,0.20199682500000016,0.21703231250000016,0.23206780000000016,0.24290809250000012,0.2537483850000001,0.2645886775000001,0.2754289700000001,0.2833216650000001,0.2912143600000001,0.2991070550000002,0.30699975000000024,0.31563004250000026,0.3242603350000003,0.3328906275000003,0.34152092000000034,0.34152092000000034,0.34152092000000034,0.34152092000000034,0.34152092000000034,0.36489069000000024,0.38826046000000014,0.4116302300000001,0.435,0.41374999999999995,0.39249999999999996,0.37124999999999997,0.35
6.84,0.01,0.019999999999999997,0.03,0.040436442857142874,0.050872885714285755,0.0673339642857143,0.08379504285714284,0.10025612142857138,0.11671719999999992,0.13044684999999998,0.14417650000000004,0.15790615000000013,0.1716358000000002,0.18660545000000017,0.20157510000000017,0.21654475000000017,0.23151440000000015,0.2422081900000001,0.2529019800000001,0.2635957700000001,0.2742895600000001,0.2820454200000001,0.28980128000000016,0.2975571400000002,0.3053130000000002,0.31392679000000023,0.32254058000000024,0.33115437000000025,0.3397681600000003,0.3397681600000003,0.3397681600000003,0.3397681600000003,0.3397681600000003,0.3635761200000002,0.38738408000000013,0.4111920400000001,0.435,0.41374999999999995,0.39249999999999996,0.37124999999999997,0.35
6.85,0.01,0.019999999999999997,0.03,0.04058619642857145,0.051172392857142895,0.06747441964285715,0.0837764464285714,0.10007847321428567,0.11638049999999993,0.1301218125,0.14386312500000004,0.1576044375000001,0.17134575000000019,0.18624956250000016,0.20115337500000013,0.21605718750000014,0.23096100000000014,0.2415082875000001,0.2520555750000001,0.2626028625000001,0.2731501500000001,0.2807691750000001,0.2883882000000001,0.29600722500000015,0.3036262500000002,0.3122235375000002,0.3208208250000002,0.32941811250000025,0.3380154000000003,0.3380154000000003,0.3380154000000003,0.3380154000000003,0.3380154000000003,0.3622615500000002,0.3865077000000001,0.4107538500000001,0.435,0.41374999999999995,0.39249999999999996,0.37124999999999997,0.35
6.86,0.01,0.019999999999999997,0.03,0.04073595000000002,0.051471900000000036,0.06761487500000002,0.08375785,0.09990082499999997,0.11604379999999993,0.12979677499999998,0.14354975000000003,0.1573027250000001,0.17105570000000017,0.18589367500000015,0.20073165000000015,0.21556962500000015,0.23040760000000013,0.24080838500000012,0.2512091700000001,0.26160995500000006,0.2720107400000001,0.2794929300000001,0.28697512000000014,0.2944573100000002,0.3019395000000002,0.3105202850000002,0.3191010700000002,0.32768185500000024,0.3362626400000003,0.3362626400000003,0.3362626400000003,0.3362626400000003,0.3362626400000003,0.3609469800000002,0.3856313200000001,0.4103156600000001,0.435,0.41374999999999995,0.39249999999999996,0.37124999999999997,0.35
6.87,0.01,0.019999999999999997,0.03,0.04088570357142859,0.051771407142857176,0.06775533035714287,0.08373925357142856,0.09972317678571424,0.11570709999999994,0.1294717375,0.14323637500000003,0.1570010125000001,0.17076565000000016,0.18553778750000013,0.2003099250000001,0.21508206250000012,0.22985420000000012,0.24010848250000008,0.25036276500000004,0.26061704750000003,0.2708713300000001,0.2782166850000001,0.2855620400000001,0.2929073950000001,0.3002527500000002,0.30881703250000014,0.31738131500000016,0.3259455975000002,0.33450988000000026,0.33450988000000026,0.33450988000000026,0.33450988000000026,0.33450988000000026,0.3596324100000002,0.3847549400000001,0.4098774700000001,0.435,0.41374999999999995,0.39249999999999996,0.37124999999999997,0.35
6.88,0.01,0.019999999999999997,0.03,0.041035457142857154,0.052070914285714316,0.06789578571428571,0.08372065714285712,0.09954552857142854,0.11537039999999994,0.12914669999999998,0.14292300000000002,0.1566993000000001,0.17047560000000014,0.18518190000000012,0.19988820000000013,0.21459450000000013,0.2293008000000001,0.2394085800000001,0.24951636000000008,0.25962414000000006,0.26973192000000007,0.27694044000000007,0.2841489600000001,0.29135748000000017,0.29856600000000016,0.3071137800000001,0.3156615600000001,0.3242093400000002,0.33275712000000024,0.33275712000000024,0.33275712000000024,0.33275712000000024,0.33275712000000024,0.35831784000000017,0.3838785600000001,0.40943928000000007,0.435,0.41374999999999995,0.39249999999999996,0.37124999999999997,0.35
6.89,0.01,0.019999999999999997,0.03,0.04118521071428573,0.052370421428571456,0.06803624107142858,0.08370206071428571,0.09936788035714283,0.11503369999999995,0.1288216625,0.14260962500000002,0.15639758750000007,0.17018555000000013,0.1848260125000001,0.1994664750000001,0.2141069375000001,0.2287474000000001,0.23870867750000008,0.24866995500000008,0.2586312325000001,0.26859251000000006,0.27566419500000006,0.28273588000000005,0.2898075650000001,0.29687925000000015,0.30541052750000014,0.31394180500000013,0.3224730825000002,0.3310043600000002,0.3310043600000002,0.3310043600000002,0.3310043600000002,0.3310043600000002,0.35700327000000015,0.3830021800000001,0.40900109000000007,0.435,0.41374999999999995,0.39249999999999996,0.37124999999999997,0.35
6.9,0.01,0.019999999999999997,0.03,0.0413349642857143,0.0526699285714286,0.06817669642857144,0.08368346428571427,0.0991902321428571,0.11469699999999995,0.12849662499999998,0.14229625,0.15609587500000005,0.16989550000000012,0.1844701250000001,0.1990447500000001,0.2136193750000001,0.2281940000000001,0.23800877500000006,0.24782355000000006,0.25763832500000006,0.26745310000000005,0.27438795000000005,0.2813228000000001,0.28825765000000014,0.29519250000000014,0.30370727500000017,0.31222205000000014,0.32073682500000017,0.3292516000000002,0.3292516000000002,0.3292516000000002,0.3292516000000002,0.3292516000000002,0.35568870000000014,0.38212580000000007,0.40856290000000006,0.435,0.41374999999999995,0.39249999999999996,0.37124999999999997,0.35
6.91,0.01,0.019999999999999997,0.03,0.04148471785714287,0.05296943571428574,0.06831715178571429,0.08366486785714285,0.0990125839285714,0.11436029999999996,0.1281715875,0.141982875,0.15579416250000006,0.1696054500000001,0.18411423750000008,0.19862302500000006,0.21313181250000007,0.22764060000000008,0.23730887250000005,0.24697714500000004,0.25664541750000003,0.26631369000000005,0.27311170500000004,0.27990972000000003,0.2867077350000001,0.2935057500000001,0.30200402250000014,0.31050229500000015,0.31900056750000017,0.3274988400000002,0.3274988400000002,0.3274988400000002,0.3274988400000002,0.3274988400000002,0.3543741300000001,0.38124942000000006,0.40812471000000006,0.435,0.41374999999999995,0.39249999999999996,0.37124999999999997,0.35
6.92,0.01,0.019999999999999997,0.03,0.041634471428571435,0.05326894285714288,0.06845760714285715,0.08364627142857142,0.0988349357142857,0.11402359999999996,0.12784654999999998,0.1416695,0.15549245000000006,0.1693154000000001,0.18375835000000007,0.19820130000000008,0.2126442500000001,0.22708720000000007,0.23660897000000003,0.24613074000000001,0.25565251,0.26517428000000004,0.27183546000000003,0.2784966400000001,0.2851578200000001,0.2918190000000001,0.3003007700000001,0.3087825400000001,0.3172643100000001,0.32574608000000016,0.32574608000000016,0.32574608000000016,0.32574608000000016,0.32574608000000016,0.3530595600000001,0.38037304000000005,0.40768652000000005,0.435,0.41374999999999995,0.39249999999999996,0.37124999999999997,0.35
6.93,0.01,0.019999999999999997,0.03,0.04178422500000001,0.05356845000000002,0.0685980625,0.08362767499999998,0.09865728749999997,0.11368689999999997,0.1275215125,0.141356125,0.15519073750000004,0.16902535000000007,0.18340246250000006,0.19777957500000004,0.21215668750000005,0.22653380000000006,0.23590906750000004,0.24528433500000002,0.2546596025,0.26403487000000003,0.270559215,0.27708356,0.28360790500000005,0.2901322500000001,0.2985975175000001,0.30706278500000006,0.3155280525000001,0.32399332000000014,0.32399332000000014,0.32399332000000014,0.32399332000000014,0.32399332000000014,0.3517449900000001,0.37949666000000004,0.40724833000000005,0.435,0.41374999999999995,0.39249999999999996,0.37124999999999997,0.35
6.94,0.01,0.019999999999999997,0.03,0.04193397857142858,0.05386795714285716,0.06873851785714286,0.08360907857142856,0.09847963928571427,0.11335019999999997,0.12719647499999998,0.14104275,0.154889025,0.16873530000000006,0.18304657500000004,0.19735785000000006,0.21166912500000007,0.22598040000000005,0.23520916500000005,0.24443793000000005,0.25366669500000005,0.26289546,0.26928297,0.27567048000000005,0.2820579900000001,0.2884455000000001,0.29689426500000005,0.30534303000000007,0.3137917950000001,0.3222405600000001,0.3222405600000001,0.3222405600000001,0.3222405600000001,0.3222405600000001,0.3504304200000001,0.37862028000000003,0.40681014000000004,0.435,0.41374999999999995,0.39249999999999996,0.37124999999999997,0.35
6.95,0.01,0.019999999999999997,0.03,0.04208373214285715,0.0541674642857143,0.06887897321428571,0.08359048214285714,0.09830199107142856,0.11301349999999998,0.1268714375,0.140729375,0.15458731250000002,0.16844525000000005,0.18269068750000003,0.19693612500000002,0.21118156250000003,0.22542700000000004,0.23450926250000004,0.24359152500000003,0.2526737875,0.26175605,0.268006725,0.2742574,0.280508075,0.28675875000000006,0.2951910125,0.303623275,0.31205553750000004,0.3204878000000001,0.3204878000000001,0.3204878000000001,0.3204878000000001,0.3204878000000001,0.34911585000000006,0.3777439,0.40637195000000004,0.435,0.41374999999999995,0.39249999999999996,0.37124999999999997,0.35
6.96,0.01,0.019999999999999997,0.03,0.042233485714285715,0.05446697142857144,0.06901942857142858,0.08357188571428571,0.09812434285714285,0.11267679999999998,0.12654639999999998,0.14041599999999999,0.15428560000000002,0.16815520000000003,0.18233480000000002,0.19651440000000003,0.21069400000000005,0.22487360000000003,0.23380936000000002,0.24274512,0.25168088,0.26061664,0.26673048,0.27284432000000003,0.27895816000000007,0.28507200000000005,0.29348776,0.30190352,0.31031928000000003,0.3187350400000001,0.3187350400000001,0.3187350400000001,0.3187350400000001,0.3187350400000001,0.34780128000000005,0.37686752,0.40593376000000003,0.435,0.41374999999999995,0.39249999999999996,0.37124999999999997,0.35
6.97,0.01,0.019999999999999997,0.03,0.04238323928571429,0.05476647857142858,0.06915988392857143,0.08355328928571429,0.09794669464285713,0.11234009999999998,0.1262213625,0.14010262499999998,0.1539838875,0.16786515000000002,0.1819789125,0.196092675,0.2102064375,0.22432020000000003,0.2331094575,0.241898715,0.25068797249999997,0.25947723,0.265454235,0.27143123999999996,0.277408245,0.28338525000000003,0.2917845075,0.300183765,0.3085830225,0.31698228000000006,0.31698228000000006,0.31698228000000006,0.31698228000000006,0.31698228000000006,0.34648671000000003,0.37599114,0.40549557,0.435,0.41374999999999995,0.39249999999999996,0.37124999999999997,0.35
6.98,0.01,0.019999999999999997,0.03,0.04253299285714286,0.05506598571428572,0.06930033928571429,0.08353469285714285,0.09776904642857143,0.11200339999999999,0.12589632499999998,0.13978924999999998,0.15368217499999998,0.1675751,0.181623025,0.19567095,0.20971887500000003,0.22376680000000002,0.232409555,0.24105231,0.249695065,0.25833782,0.26417799,0.27001816,0.27585833000000004,0.2816985,0.29008125500000004,0.29846401,0.306846765,0.31522952000000004,0.31522952000000004,0.31522952000000004,0.31522952000000004,0.31522952000000004,0.34517214,0.37511476,0.40505738,0.435,0.41374999999999995,0.39249999999999996,0.37124999999999997,0.35
6.99,0.01,0.019999999999999997,0.03,0.04268274642857143,0.05536549285714286,0.06944079464285714,0.08351609642857143,0.09759139821428571,0.1116667,0.1255712875,0.13947587499999997,0.15338046249999998,0.16728505,0.18126713749999998,0.19524922499999997,0.2092313125,0.2232134,0.23170965249999997,0.24020590499999997,0.24870215749999997,0.25719841,0.26290174499999996,0.26860507999999994,0.27430841499999997,0.28001175,0.2883780025,0.296744255,0.3051105075,0.31347676,0.31347676,0.31347676,0.31347676,0.31347676,0.34385757,0.37423838,0.40461919,0.435,0.41374999999999995,0.39249999999999996,0.37124999999999997,0.35
7,0.01,0.019999999999999997,0.03,0.042832499999999996,0.055665,0.06958125,0.0834975,0.09741375,0.11133,0.12524624999999998,0.13916249999999997,0.15307874999999999,0.16699499999999998,0.18091124999999997,0.1948275,0.20874375,0.22266,0.23100974999999996,0.23935949999999995,0.24770924999999996,0.256059,0.26162549999999996,0.267192,0.2727585,0.278325,0.28667475,0.29502449999999997,0.30337424999999996,0.311724,0.311724,0.311724,0.311724,0.311724,0.342543,0.37336199999999997,0.404181,0.435,0.41374999999999995,0.39249999999999996,0.37124999999999997,0.35
7.01,0.009966665999999976,0.019933331999999908,0.029899997999999837,0.04268972214449992,0.055479446289,0.06934930786125,0.0832191694335,0.09708903100575,0.110958892578,0.12482875415025024,0.13869861572250047,0.15256847729475073,0.166438338867001,0.18030820043925072,0.19417806201150048,0.20804792358375024,0.221917785156,0.23023970209935013,0.2385616190427003,0.24688353598605045,0.2552054529294006,0.26075339755830007,0.2663013421871996,0.2718492868160991,0.2773972314449986,0.2857191483883492,0.2940410653316998,0.30236298227505043,0.31068489921840103,0.31068489921840103,0.31068489921840103,0.31068489921840103,0.31068489921840103,0.3414011671638012,0.3721174351092014,0.40283370305460164,0.4335499710000019,0.41237080575000196,0.391191640500002,0.370012475250002,0.3488333100000021
7.02,0.009933331999999977,0.01986666399999991,0.02979999599999984,0.04254694428899992,0.055293892578,0.0691173657225,0.082940838867,0.0967643120115,0.110587785156,0.12441125830050023,0.13823473144500048,0.15205820458950073,0.16588167773400098,0.17970515087850072,0.19352862402300047,0.20735209716750025,0.221175570312,0.22946965419870013,0.2377637380854003,0.24605782197210047,0.25435190585880063,0.2598812951166001,0.2654106843743996,0.2709400736321991,0.27646946288999863,0.2847635467766992,0.29305763066339974,0.30135171455010035,0.309645798436801,0.30964579843680096,0.30964579843680096,0.30964579843680096,0.309645798436801,0.34025933432760125,0.37087287021840143,0.40148640610920167,0.4320999420000019,0.4109916115000019,0.3898832810000019,0.368774950500002,0.3476666200000021
7.03,0.009899997999999978,0.01979999599999991,0.02969999399999984,0.042404166433499924,0.055108338867,0.06888542358375,0.0826625083005,0.09643959301725,0.110216677734,0.12399376245075022,0.13777084716750046,0.1515479318842507,0.16532501660100096,0.1791021013177507,0.19287918603450044,0.2066562707512502,0.220433355468,0.22869960629805014,0.2369658571281003,0.24523210795815048,0.25349835878820065,0.2590091926749001,0.26452002656159956,0.2700308604482991,0.27554169433499864,0.2838079451650492,0.29207419599509976,0.3003404468251504,0.308606697655201,0.308606697655201,0.308606697655201,0.308606697655201,0.308606697655201,0.3391175014914012,0.3696283053276014,0.40013910916380163,0.4306499130000019,0.4096124172500019,0.38857492150000195,0.36753742575000203,0.34649993000000207
7.04,0.009866663999999978,0.01973332799999991,0.029599991999999842,0.04226138857799992,0.054922785156,0.068653481445,0.082384177734,0.09611487402300001,0.109845570312,0.12357626660100021,0.13730696289000044,0.1510376591790007,0.16476835546800095,0.1784990517570007,0.19222974804600046,0.20596044433500021,0.219691140624,0.22792955839740014,0.23616797617080032,0.2444063939442005,0.25264481171760067,0.25813709023320014,0.2636293687487996,0.26912164726439913,0.27461392577999866,0.2828523435533992,0.2910907613267998,0.2993291791002004,0.30756759687360097,0.3075675968736009,0.3075675968736009,0.3075675968736009,0.30756759687360097,0.3379756686552011,0.36838374043680133,0.3987918122184016,0.42919988400000186,0.40823322300000187,0.3872665620000019,0.366299901000002,0.34533324000000204
7.05,0.009833329999999979,0.019666659999999912,0.029499989999999844,0.04211861072249992,0.054737231445,0.06842153930625,0.0821058471675,0.09579015502874999,0.10947446289,0.12315877075125023,0.13684307861250045,0.1505273864737507,0.16421169433500094,0.17789600219625068,0.19158031005750045,0.20526461791875023,0.21894892578,0.22715951049675015,0.23537009521350033,0.2435806799302505,0.2517912646470007,0.2572649877915002,0.26273871093599965,0.26821243408049916,0.27368615722499867,0.2818967419417492,0.29010732665849975,0.2983179113752503,0.30652849609200095,0.30652849609200095,0.30652849609200095,0.30652849609200095,0.30652849609200095,0.33683383581900117,0.3671391755460014,0.3974445152730016,0.42774985500000184,0.4068540287500019,0.3859582025000019,0.36506237625000193,0.344166550000002
7.06,0.00979999599999998,0.019599991999999913,0.029399987999999846,0.04197583286699992,0.054551677734,0.0681895971675,0.081827516601,0.0954654360345,0.109103355468,0.12274127490150022,0.13637919433500045,0.1500171137685007,0.16365503320200092,0.17729295263550068,0.19093087206900045,0.20456879150250024,0.218206710936,0.22638946259610015,0.23457221425620034,0.24275496591630052,0.2509377175764007,0.2563928853498002,0.2618480531231997,0.2673032208965992,0.2727583886699987,0.2809411403300992,0.2891238919901998,0.29730664365030035,0.3054893953104009,0.30548939531040087,0.30548939531040087,0.30548939531040087,0.3054893953104009,0.3356920029828011,0.36589461065520135,0.3960972183276016,0.4262998260000018,0.4054748345000018,0.3846498430000018,0.3638248515000019,0.342999860000002
7.07,0.00976666199999998,0.019533323999999914,0.029299985999999847,0.04183305501149992,0.054366124023,0.06795765502875,0.0815491860345,0.09514071704025,0.108732248046,0.12232377905175024,0.13591531005750046,0.14950684106325068,0.1630983720690009,0.17668990307475066,0.1902814340805004,0.2038729650862502,0.217464496092,0.22561941469545016,0.23377433329890035,0.24192925190235054,0.25008417050580073,0.2555207829081002,0.2609573953103997,0.26639400771269917,0.2718306201149987,0.2799855387184492,0.28814045732189975,0.2962953759253503,0.3044502945288009,0.3044502945288009,0.3044502945288009,0.3044502945288009,0.3044502945288009,0.3345501701466011,0.3646500457644013,0.39474992138220155,0.4248497970000018,0.40409564025000183,0.38334148350000186,0.36258732675000194,0.34183317000000196
7.08,0.00973332799999998,0.019466655999999916,0.02919998399999985,0.041690277155999926,0.054180570312,0.06772571289,0.081270855468,0.094815998046,0.108361140624,0.1219062832020002,0.1354514257800004,0.14899656835800065,0.1625417109360009,0.17608685351400066,0.18963199609200043,0.2031771386700002,0.216722281248,0.22484936679480017,0.23297645234160036,0.24110353788840055,0.24923062343520075,0.2546486804664002,0.2600667374975997,0.2654847945287992,0.2709028515599987,0.27902993710679924,0.28715702265359977,0.2952841082004003,0.3034111937472009,0.3034111937472008,0.3034111937472008,0.3034111937472008,0.3034111937472009,0.3334083373104011,0.3634054808736013,0.3934026244368015,0.4233997680000018,0.4027164460000018,0.38203312400000183,0.3613498020000019,0.34066648000000194
7.09,0.009699993999999981,0.019399987999999917,0.02909998199999985,0.041547499300499925,0.053995016601,0.06749377075125,0.0809925249015,0.09449127905175,0.107990033202,0.12148878735225022,0.13498754150250042,0.14848629565275065,0.16198504980300088,0.17548380395325064,0.18898255810350043,0.2024813122537502,0.215980066404,0.22407931889415017,0.23217857138430037,0.24027782387445057,0.24837707636460074,0.2537765780247002,0.2591760796847997,0.2645755813448992,0.26997508300499873,0.27807433549514926,0.2861735879852998,0.2942728404754503,0.30237209296560086,0.30237209296560086,0.30237209296560086,0.30237209296560086,0.30237209296560086,0.33226650447420103,0.36216091598280126,0.3920553274914015,0.42194973900000177,0.4013372517500018,0.3807247645000018,0.36011227725000183,0.3394997900000019
7.1,0.009666659999999981,0.019333319999999918,0.028999979999999852,0.041404721444999924,0.05380946289,0.0672618286125,0.080714194335,0.0941665600575,0.10761892578,0.1210712915025002,0.13452365722500043,0.14797602294750065,0.16142838867000087,0.17488075439250064,0.18833312011500042,0.20178548583750022,0.21523785156,0.22330927099350018,0.23138069042700035,0.23945210986050053,0.24752352929400073,0.2529044755830002,0.2582854218719997,0.2636663681609992,0.26904731444999874,0.2771187338834992,0.2851901533169997,0.29326157275050024,0.30133299218400084,0.3013329921840008,0.3013329921840008,0.3013329921840008,0.30133299218400084,0.3311246716380011,0.36091635109200126,0.3907080305460015,0.42049971000000175,0.39995805750000174,0.37941640500000173,0.3588747525000018,0.3383331000000019
7.11,0.009633325999999982,0.01926665199999992,0.028899977999999854,0.04126194358949993,0.053623909179,0.06702988647375,0.0804358637685,0.09384184106325,0.107247818358,0.1206537956527502,0.1340597729475004,0.14746575024225062,0.16087172753700085,0.17427770483175062,0.18768368212650038,0.20108965942125018,0.214495636716,0.22253922309285018,0.23058280946970036,0.23862639584655054,0.24666998222340072,0.2520323731413002,0.2573947640591997,0.2627571549770992,0.26811954589499876,0.27616313227184924,0.28420671864869973,0.29225030502555027,0.3002938914024008,0.3002938914024008,0.3002938914024008,0.3002938914024008,0.3002938914024008,0.329982838801801,0.3596717862012012,0.38936073360060147,0.41904968100000173,0.39857886325000175,0.37810804550000177,0.35763722775000184,0.33716641000000186
7.12,0.009599991999999983,0.01919998399999992,0.028799975999999856,0.04111916573399993,0.053438355468,0.066797944335,0.080157533202,0.09351712206900001,0.106876710936,0.12023629980300019,0.13359588867000038,0.1469554775370006,0.16031506640400084,0.17367465527100062,0.1870342441380004,0.2003938330050002,0.213753421872,0.22176917519220019,0.22978492851240034,0.23780068183260053,0.24581643515280072,0.25116027069960023,0.25650410624639974,0.26184794179319926,0.26719177733999877,0.27520753066019926,0.28322328398039975,0.2912390373006003,0.2992547906208008,0.29925479062080074,0.29925479062080074,0.29925479062080074,0.2992547906208008,0.32884100596560095,0.35842722131040117,0.38801343665520144,0.4175996520000017,0.3971996690000017,0.37679968600000174,0.3563997030000018,0.33599972000000183
7.13,0.009566657999999983,0.01913331599999992,0.028699973999999857,0.04097638787849993,0.053252801757,0.06656600219625,0.0798792026355,0.09319240307474999,0.106505603514,0.1198188039532502,0.1331320043925004,0.1464452048317506,0.15975840527100083,0.1730716057102506,0.1863848061495004,0.1996980065887502,0.213011207028,0.2209991272915502,0.22898704755510035,0.23697496781865052,0.2449628880822007,0.2502881682579002,0.2556134484335997,0.26093872860929923,0.2662640087849988,0.2742519290485492,0.2822398493120997,0.2902277695756502,0.29821568983920077,0.29821568983920077,0.29821568983920077,0.29821568983920077,0.29821568983920077,0.327699173129401,0.35718265641960123,0.38666613970980146,0.4161496230000017,0.3958204747500017,0.3754913265000017,0.35516217825000174,0.3348330300000018
7.14,0.009533323999999984,0.019066647999999922,0.02859997199999986,0.04083361002299993,0.053067248046,0.0663340600575,0.079600872069,0.0928676840805,0.106134496092,0.11940130810350019,0.1326681201150004,0.1459349321265006,0.1592017441380008,0.1724685561495006,0.1857353681610004,0.1990021801725002,0.212268992184,0.22022907939090014,0.2281891665978003,0.2361492538047005,0.2441093410116007,0.2494160658162002,0.2547227906207997,0.26002951542539926,0.2653362402299988,0.27329632743689924,0.28125641464379975,0.28921650185070025,0.29717658905760075,0.2971765890576007,0.2971765890576007,0.2971765890576007,0.29717658905760075,0.32655734029320094,0.3559380915288012,0.3853188427644014,0.41469959400000167,0.39444128050000166,0.37418296700000164,0.3539246535000017,0.3336663400000018
7.15,0.009499989999999984,0.018999979999999923,0.02849996999999986,0.04069083216749993,0.052881694335,0.06610211791875,0.0793225415025,0.09254296508625,0.10576338867,0.11898381225375021,0.1322042358375004,0.1454246594212506,0.1586450830050008,0.17186550658875058,0.18508593017250036,0.19830635375625016,0.21152677734,0.21945903149025014,0.22739128564050032,0.2353235397907505,0.2432557939410007,0.24854396337450024,0.25383213280799977,0.2591203022414993,0.2644084716749988,0.27234072582524926,0.2802729799754997,0.2882052341257502,0.2961374882760007,0.2961374882760007,0.2961374882760007,0.2961374882760007,0.2961374882760007,0.32541550745700093,0.35469352663800113,0.3839715458190014,0.41324956500000165,0.39306208625000166,0.3728746075000017,0.35268712875000174,0.33249965000000176
7.16,0.009466655999999985,0.018933311999999924,0.028399967999999862,0.04054805431199993,0.052696140624,0.06587017578,0.079044210936,0.092218246092,0.105392281248,0.11856631640400017,0.13174035156000036,0.14491438671600057,0.15808842187200078,0.17126245702800058,0.18443649218400038,0.19761052734000017,0.210784562496,0.21868898358960015,0.22659340468320033,0.2344978257768005,0.24240224687040068,0.2476718609328002,0.2529414749951997,0.25821108905759926,0.2634807031199988,0.2713851242135993,0.27928954530719974,0.2871939664008002,0.2950983874944007,0.29509838749440065,0.29509838749440065,0.29509838749440065,0.2950983874944007,0.3242736746208009,0.35344896174720114,0.38262424887360136,0.41179953600000163,0.3916828920000016,0.37156624800000165,0.3514496040000017,0.33133296000000173
7.17,0.009433321999999985,0.018866643999999926,0.028299965999999864,0.04040527645649993,0.052510586913,0.06563823364125,0.0787658803695,0.09189352709775,0.105021173826,0.11814882055425019,0.13127646728250036,0.14440411401075057,0.15753176073900077,0.17065940746725056,0.18378705419550037,0.19691470092375019,0.210042347652,0.21791893568895015,0.22579552372590034,0.23367211176285052,0.24154869979980068,0.2467997584911002,0.25205081718239974,0.2573018758736993,0.26255293456499884,0.2704295226019493,0.27830611063889976,0.2861826986758502,0.2940592867128007,0.2940592867128007,0.2940592867128007,0.2940592867128007,0.2940592867128007,0.32313184178460086,0.3522043968564011,0.3812769519282013,0.4103495070000016,0.3903036977500016,0.37025788850000163,0.35021207925000164,0.3301662700000017
7.18,0.009399987999999986,0.018799975999999927,0.028199963999999866,0.04026249860099993,0.052325033202,0.0654062915025,0.078487549803,0.0915688081035,0.104650066404,0.11773132470450018,0.13081258300500037,0.14389384130550056,0.15697509960600076,0.17005635790650056,0.18313761620700036,0.1962188745075002,0.209300132808,0.21714888778830016,0.22499764276860032,0.23284639774890048,0.24069515272920067,0.24592765604940023,0.2511601593695998,0.2563926626897993,0.26162516600999886,0.26947392099029926,0.2773226759705997,0.28517143095090014,0.29302018593120066,0.2930201859312006,0.2930201859312006,0.2930201859312006,0.29302018593120066,0.3219900089484009,0.3509598319656011,0.37992965498280135,0.4088994780000016,0.3889245035000016,0.36894952900000155,0.3489745545000016,0.3289995800000017
7.19,0.009366653999999986,0.018733307999999928,0.028099961999999867,0.04011972074549994,0.052139479491,0.06517434936375,0.0782092192365,0.09124408910925,0.104278958982,0.11731382885475017,0.13034869872750035,0.14338356860025053,0.15641843847300074,0.16945330834575054,0.18248817821850033,0.19552304809125015,0.208557917964,0.21637883988765017,0.22419976181130033,0.2320206837349505,0.23984160565860066,0.2450555536077002,0.2502695015567997,0.2554834495058993,0.26069739745499887,0.2685183193786493,0.2763392413022997,0.28416016322595017,0.29198108514960064,0.29198108514960064,0.29198108514960064,0.29198108514960064,0.29198108514960064,0.32084817611220084,0.34971526707480105,0.3785823580374013,0.4074494490000016,0.3875453092500016,0.3676411695000016,0.34773702975000165,0.32783289000000165
7.2,0.009333319999999987,0.01866663999999993,0.02799995999999987,0.039976942889999936,0.05195392578,0.064942407225,0.07793088867,0.09091937011500001,0.10390785156,0.11689633300500016,0.12988481445000033,0.14287329589500053,0.15586177734000073,0.16885025878500054,0.18183874023000035,0.19482722167500016,0.20781570312,0.21560879198700017,0.2234018808540003,0.23119496972100048,0.23898805858800065,0.24418345116600018,0.2493788437439997,0.25457423632199927,0.2597696288999989,0.2675627177669993,0.2753558066339997,0.2831488955010002,0.2909419843680006,0.29094198436800056,0.29094198436800056,0.29094198436800056,0.2909419843680006,0.3197063432760008,0.348470702184001,0.3772350610920013,0.40599942000000155,0.38616611500000153,0.36633281000000156,0.3464995050000016,0.3266662000000016
7.21,0.009299985999999988,0.01859997199999993,0.02789995799999987,0.039834165034499935,0.051768372069,0.06471046508625,0.0776525581035,0.09059465112074999,0.103536744138,0.11647883715525018,0.12942093017250034,0.14236302318975053,0.15530511620700072,0.16824720922425052,0.18118930224150034,0.19413139525875017,0.207073488276,0.21483874408635018,0.22260399989670032,0.23036925570705047,0.23813451151740064,0.2433113487243002,0.24848818593119978,0.25366502313809935,0.2588418603449989,0.26660711615534927,0.2743723719656997,0.2821376277760501,0.2899028835864006,0.2899028835864006,0.2899028835864006,0.2899028835864006,0.2899028835864006,0.31856451043980083,0.34722613729320106,0.3758877641466013,0.40454939100000153,0.38478692075000154,0.36502445050000154,0.34526198025000154,0.3254995100000016
7.22,0.009266651999999988,0.01853330399999993,0.027799955999999872,0.039691387178999935,0.051582818358,0.0644785229475,0.077374227537,0.0902699321265,0.103165636716,0.11606134130550017,0.12895704589500034,0.14185275048450052,0.1547484550740007,0.16764415966350052,0.18053986425300034,0.19343556884250018,0.206331273432,0.21406869618570012,0.22180611893940028,0.22954354169310046,0.23728096444680064,0.2424392462826002,0.24759752811839975,0.25275580995419933,0.2579140917899989,0.2656515145436993,0.2733889372973997,0.28112636005110014,0.2888637828048006,0.2888637828048005,0.2888637828048005,0.2888637828048005,0.2888637828048006,0.31742267760360077,0.345981572402401,0.37454046720120127,0.4030993620000015,0.3834077265000015,0.36371609100000146,0.3440244555000015,0.3243328200000016
7.23,0.009233317999999989,0.018466635999999932,0.027699953999999874,0.039548609323499934,0.051397264647,0.06424658080875,0.0770958969705,0.08994521313225,0.102794529294,0.11564384545575018,0.12849316161750035,0.14134247777925052,0.1541917939410007,0.1670411101027505,0.1798904262645003,0.19273974242625014,0.205589058588,0.21329864828505013,0.2210082379821003,0.22871782767915044,0.23642741737620063,0.24156714384090017,0.24670687030559973,0.2518465967702993,0.2569863232349989,0.2646959129320493,0.2724055026290997,0.2801150923261501,0.28782468202320055,0.28782468202320055,0.28782468202320055,0.28782468202320055,0.28782468202320055,0.31628084476740076,0.34473700751160097,0.37319317025580123,0.4016493330000015,0.3820285322500015,0.3624077315000015,0.34278693075000155,0.32316613000000155
7.24,0.00919998399999999,0.018399967999999933,0.027599951999999876,0.03940583146799994,0.051211710936,0.06401463867,0.076817566404,0.089620494138,0.102423421872,0.11522634960600014,0.1280292773400003,0.1408322050740005,0.15363513280800067,0.1664380605420005,0.17924098827600032,0.19204391601000015,0.204846843744,0.21252860038440013,0.2202103570248003,0.22789211366520046,0.23557387030560062,0.24069504139920017,0.24581621249279975,0.25093738358639933,0.25605855467999894,0.2637403113203993,0.2714220679607997,0.2791038246012001,0.28678558124160053,0.2867855812416005,0.2867855812416005,0.2867855812416005,0.28678558124160053,0.31513901193120075,0.343492442620801,0.3718458733104012,0.4001993040000015,0.38064933800000145,0.3610993720000015,0.3415494060000015,0.3219994400000015
7.25,0.00916664999999999,0.018333299999999934,0.027499949999999877,0.03926305361249994,0.051026157225,0.06378269653125,0.0765392358375,0.08929577514375,0.10205231445,0.11480885375625016,0.1275653930625003,0.14032193236875048,0.15307847167500066,0.16583501098125047,0.17859155028750032,0.19134808959375016,0.2041046289,0.21175855248375014,0.2194124760675003,0.22706639965125047,0.2347203232350006,0.23982293895750018,0.24492555467999977,0.25002817040249936,0.25513078612499895,0.26278470970874934,0.27043863329249973,0.2780925568762501,0.2857464804600005,0.2857464804600005,0.2857464804600005,0.2857464804600005,0.2857464804600005,0.3139971790950007,0.3422478777300009,0.37049857636500116,0.39874927500000146,0.37927014375000145,0.35979101250000145,0.34031188125000145,0.3208327500000015
7.26,0.00913331599999999,0.018266631999999935,0.02739994799999988,0.03912027575699994,0.050840603514,0.0635507543925,0.076260905271,0.0889710561495,0.101681207028,0.11439135790650015,0.12710150878500032,0.13981165966350048,0.15252181054200065,0.16523196142050048,0.1779421122990003,0.19065226317750017,0.203362414056,0.21098850458310014,0.2186145951102003,0.22624068563730043,0.2338667761644006,0.23895083651580018,0.24403489686719976,0.24911895721859936,0.25420301756999897,0.2618291080970993,0.26945519862419964,0.27708128915130004,0.2847073796784005,0.28470737967840043,0.28470737967840043,0.28470737967840043,0.2847073796784005,0.31285534625880074,0.34100331283920093,0.3691512794196012,0.39729924600000144,0.3778909495000014,0.35848265300000137,0.3390743565000014,0.3196660600000015
7.27,0.00909998199999999,0.018199963999999937,0.02729994599999988,0.038977497901499944,0.050655049803,0.06331881225375,0.0759825747045,0.08864633715525,0.101310099606,0.11397386205675014,0.1266376245075003,0.13930138695825045,0.15196514940900063,0.16462891185975045,0.17729267431050028,0.18995643676125012,0.202620199212,0.21021845668245015,0.2178167141529003,0.22541497162335045,0.2330132290938006,0.23807873407410018,0.24314423905439977,0.24820974403469936,0.253275249014999,0.2608735064854493,0.26847176395589967,0.27607002142635007,0.28366827889680046,0.28366827889680046,0.28366827889680046,0.28366827889680046,0.28366827889680046,0.3117135134226007,0.3397587479484009,0.36780398247420115,0.3958492170000014,0.3765117552500014,0.3571742935000014,0.33783683175000145,0.31849937000000145
7.28,0.009066647999999991,0.018133295999999938,0.027199943999999882,0.03883472004599994,0.050469496092,0.063086870115,0.075704244138,0.08832161816100001,0.100938992184,0.11355636620700013,0.12617374023000028,0.13879111425300045,0.15140848827600062,0.16402586229900046,0.1766432363220003,0.18926061034500014,0.201877984368,0.20944840878180015,0.21701883319560028,0.22458925760940043,0.2321596820232006,0.2372066316324002,0.2422535812415998,0.2473005308507994,0.252347480459999,0.25991790487379934,0.2674883292875997,0.2750587537014001,0.28262917811520044,0.2826291781152004,0.2826291781152004,0.2826291781152004,0.28262917811520044,0.3105716805864006,0.33851418305760084,0.3664566855288011,0.3943991880000014,0.37513256100000136,0.3558659340000014,0.3365993070000014,0.3173326800000014
7.29,0.009033313999999992,0.01806662799999994,0.027099941999999884,0.03869194219049994,0.050283942381,0.06285492797625,0.0754259135715,0.08799689916674999,0.100567884762,0.11313887035725015,0.12570985595250028,0.13828084154775044,0.1508518271430006,0.16342281273825043,0.1759937983335003,0.18856478392875015,0.201135769524,0.20867836088115016,0.2162209522383003,0.22376354359545042,0.23130613495260058,0.2363345291907002,0.24136292342879978,0.2463913176668994,0.251419711904999,0.2589623032621493,0.26650489461929966,0.27404748597645,0.2815900773336004,0.2815900773336004,0.2815900773336004,0.2815900773336004,0.2815900773336004,0.30942984775020066,0.3372696181668009,0.36510938858340114,0.3929491590000014,0.37375336675000137,0.35455757450000136,0.33536178225000135,0.3161659900000014
7.3,0.008999979999999992,0.01799995999999994,0.026999939999999886,0.03854916433499994,0.05009838867,0.0626229858375,0.075147583005,0.0876721801725,0.10019677734,0.11272137450750014,0.1252459716750003,0.13777056884250044,0.1502951660100006,0.16281976317750044,0.17534436034500028,0.18786895751250016,0.20039355468,0.2079083129805001,0.21542307128100024,0.2229378295815004,0.23045258788200057,0.23546242674900017,0.24047226561599977,0.2454821044829994,0.250491943349999,0.2580067016504993,0.2655214599509997,0.27303621825150004,0.2805509765520004,0.28055097655200034,0.28055097655200034,0.28055097655200034,0.2805509765520004,0.3082880149140006,0.33602505327600085,0.3637620916380011,0.39149913000000136,0.3723741725000013,0.3532492150000013,0.3341242575000013,0.31499930000000137
7.31,0.008966645999999993,0.01793329199999994,0.026899937999999887,0.03840638647949994,0.049912834959,0.062391043698749996,0.0748692524385,0.08734746117825,0.099825669918,0.11230387865775016,0.1247820873975003,0.13726029613725044,0.14973850487700058,0.1622167136167504,0.17469492235650025,0.1871731310962501,0.199651339836,0.20713826507985011,0.21462519032370025,0.2221121155675504,0.22959904081140056,0.23459032430730015,0.23958160780319976,0.2445728912990994,0.24956417479499904,0.25705110003884934,0.26453802528269965,0.27202495052655,0.2795118757704004,0.2795118757704004,0.2795118757704004,0.2795118757704004,0.2795118757704004,0.3071461820778006,0.3347804883852008,0.36241479469260107,0.39004910100000134,0.37099497825000133,0.3519408555000013,0.33288673275000136,0.31383261000000134
7.32,0.008933311999999994,0.017866623999999942,0.02679993599999989,0.038263608623999947,0.049727281248,0.06215910156,0.074590921872,0.087022742184,0.099454562496,0.11188638280800015,0.12431820312000029,0.13675002343200043,0.14918184374400056,0.16161366405600042,0.17404548436800027,0.18647730468000012,0.198909124992,0.20636821717920012,0.21382730936640026,0.2212864015536004,0.22874549374080055,0.23371822186560015,0.23869094999039978,0.2436636781151994,0.24863640623999905,0.25609549842719936,0.2635545906143997,0.2710136828016,0.27847277498880035,0.2784727749888003,0.2784727749888003,0.2784727749888003,0.27847277498880035,0.3060043492416006,0.3335359234944008,0.36106749774720104,0.3885990720000013,0.3696157840000013,0.3506324960000013,0.3316492080000013,0.3126659200000013
7.33,0.008899977999999994,0.017799955999999943,0.02669993399999989,0.038120830768499946,0.049541727537,0.06192715942125,0.0743125913055,0.08669802318975,0.099083455074,0.11146888695825014,0.12385431884250027,0.1362397507267504,0.14862518261100055,0.1610106144952504,0.17339604637950026,0.18578147826375013,0.198166910148,0.20559816927855012,0.21302942840910027,0.22046068753965042,0.22789194667020055,0.23284611942390016,0.2378002921775998,0.24275446493129943,0.24770863768499907,0.2551398968155494,0.2625711559460997,0.27000241507665,0.27743367420720033,0.27743367420720033,0.27743367420720033,0.27743367420720033,0.27743367420720033,0.3048625164054005,0.33229135860360076,0.359720200801801,0.3871490430000013,0.3682365897500013,0.34932413650000127,0.33041168325000125,0.3114992300000013
7.34,0.008866643999999995,0.017733287999999944,0.026599931999999892,0.037978052912999945,0.049356173826,0.061695217282500006,0.074034260739,0.0863733041955,0.098712347652,0.11105139110850012,0.12339043456500026,0.1357294780215004,0.14806852147800054,0.1604075649345004,0.17274660839100026,0.18508565184750014,0.197424695304,0.20482812137790013,0.21223154745180026,0.21963497352570038,0.22703839959960054,0.23197401698220016,0.23690963436479978,0.24184525174739943,0.24678086912999908,0.25418429520389935,0.2615877212777996,0.26899114735169993,0.2763945734256003,0.27639457342560025,0.27639457342560025,0.27639457342560025,0.2763945734256003,0.30372068356920057,0.33104679371280077,0.358372903856401,0.3856990140000013,0.36685739550000124,0.3480157770000012,0.3291741585000012,0.31033254000000127
7.35,0.008833309999999995,0.017666619999999945,0.026499929999999894,0.03783527505749995,0.049170620115,0.061463275143749996,0.0737559301725,0.08604858520125,0.09834124023,0.11063389525875011,0.12292655028750024,0.13521920531625037,0.14751186034500052,0.15980451537375037,0.17209717040250022,0.1843898254312501,0.19668248046,0.20405807347725013,0.21143366649450027,0.2188092595117504,0.22618485252900053,0.23110191454050016,0.2360189765519998,0.24093603856349943,0.2458531005749991,0.25322869359224937,0.26060428660949964,0.26797987962674996,0.2753554726440003,0.2753554726440003,0.2753554726440003,0.2753554726440003,0.2753554726440003,0.3025788507330005,0.3298022288220007,0.357025606911001,0.38424898500000126,0.36547820125000124,0.3467074175000012,0.32793663375000126,0.30916585000000124
7.36,0.008799975999999996,0.017599951999999947,0.026399927999999896,0.03769249720199995,0.048985066404,0.061231333005,0.073477599606,0.08572386620700001,0.097970132808,0.11021639940900013,0.12246266601000025,0.13470893261100036,0.1469551992120005,0.15920146581300038,0.17144773241400024,0.1836939990150001,0.195940265616,0.20328802557660014,0.21063578553720025,0.21798354549780039,0.22533130545840052,0.23022981209880017,0.23512831873919982,0.24002682537959946,0.2449253320199991,0.2522730919805994,0.25962085194119966,0.2669686119018,0.27431637186240027,0.2743163718624002,0.2743163718624002,0.2743163718624002,0.27431637186240027,0.30143701789680044,0.32855766393120067,0.35567830996560096,0.38279895600000124,0.3640990070000012,0.3453990580000012,0.3266991090000012,0.3079991600000012
7.37,0.008766641999999996,0.017533283999999948,0.026299925999999897,0.03754971934649995,0.048799512693,0.06099939086625,0.0731992690395,0.08539914721274999,0.097599025386,0.10979890355925012,0.12199878173250024,0.13419865990575036,0.1463985380790005,0.15859841625225035,0.17079829442550024,0.18299817259875012,0.195198050772,0.20251797767595014,0.20983790457990026,0.21715783148385037,0.2244777583878005,0.22935770965710017,0.2342376609263998,0.23911761219569946,0.24399756346499912,0.25131749036894935,0.25863741727289963,0.2659573441768499,0.27327727108080024,0.27327727108080024,0.27327727108080024,0.27327727108080024,0.27327727108080024,0.3002951850606005,0.32731309904040073,0.354331013020201,0.3813489270000012,0.3627198127500012,0.3440906985000012,0.32546158425000116,0.3068324700000012
7.38,0.008733307999999997,0.01746661599999995,0.0261999239999999,0.03740694149099995,0.048613958982,0.060767448727500006,0.072920938473,0.0850744282185,0.097227917964,0.10938140770950011,0.12153489745500023,0.13368838720050036,0.14584187694600048,0.15799536669150036,0.17014885643700023,0.18230234618250013,0.194455835928,0.2017479297753001,0.2090400236226002,0.21633211746990036,0.2236242113172005,0.22848560721540015,0.2333470031135998,0.23820839901179947,0.24306979490999914,0.25036188875729937,0.25765398260459965,0.26494607645189994,0.2722381702992002,0.27223817029920017,0.27223817029920017,0.27223817029920017,0.2722381702992002,0.2991533522244004,0.3260685341496007,0.35298371607480095,0.3798988980000012,0.36134061850000115,0.3427823390000011,0.3242240595000011,0.30566578000000116
7.39,0.008699973999999997,0.01739994799999995,0.0260999219999999,0.03726416363549995,0.048428405271,0.060535506588749996,0.0726426079065,0.08474970922425,0.096856810542,0.10896391185975013,0.12107101317750024,0.13317811449525035,0.14528521581300047,0.15739231713075033,0.1694994184485002,0.18160651976625009,0.193713621084,0.2009778818746501,0.20824214266530022,0.21550640345595035,0.2227706642466005,0.22761350477370013,0.23245634530079978,0.23729918582789947,0.24214202635499915,0.24940628714564939,0.2566705479362996,0.2639348087269499,0.2711990695176002,0.2711990695176002,0.2711990695176002,0.2711990695176002,0.2711990695176002,0.2980115193882004,0.32482396925880064,0.3516364191294009,0.3784488690000012,0.35996142425000116,0.34147397950000113,0.32298653475000116,0.30449909000000114
7.4,0.008666639999999998,0.01733327999999995,0.025999919999999902,0.03712138577999995,0.04824285156,0.06030356445,0.07236427734,0.08442499023,0.09648570312,0.10854641601000012,0.12060712890000024,0.13266784179000035,0.14472855468000045,0.15678926757000033,0.16884998046000022,0.1809106933500001,0.19297140624,0.2002078339740001,0.20744426170800023,0.21468068944200036,0.2219171171760005,0.22674140233200013,0.2315656874879998,0.23638997264399947,0.24121425779999917,0.2484506855339994,0.25568711326799964,0.2629235410019999,0.2701599687360002,0.2701599687360001,0.2701599687360001,0.2701599687360001,0.2701599687360002,0.2968696865520004,0.32357940436800064,0.3502891221840009,0.37699884000000117,0.3585822300000011,0.3401656200000011,0.3217490100000011,0.3033324000000011
7.41,0.008633305999999999,0.017266611999999952,0.025899917999999904,0.03697860792449995,0.048057297849,0.06007162231125,0.0720859467735,0.08410027123575001,0.096114595698,0.10812892016025011,0.12014324462250021,0.13215756908475032,0.14417189354700044,0.1561862180092503,0.1682005424715002,0.1802148669337501,0.192229191396,0.1994377860733501,0.20664638075070024,0.21385497542805038,0.22106357010540048,0.22586929989030013,0.23067502967519982,0.2354807594600995,0.24028648924499918,0.24749508392234942,0.25470367859969967,0.2619122732770499,0.26912086795440016,0.26912086795440016,0.26912086795440016,0.26912086795440016,0.26912086795440016,0.29572785371580035,0.3223348394772006,0.34894182523860084,0.37554881100000115,0.3572030357500011,0.3388572605000011,0.32051148525000106,0.3021657100000011
7.42,0.008599971999999999,0.017199943999999953,0.025799915999999905,0.03683583006899995,0.047871744138,0.05983968017250001,0.071807616207,0.0837755522415,0.095743488276,0.1077114243105001,0.11967936034500021,0.13164729637950032,0.14361523241400043,0.15558316844850031,0.1675511044830002,0.17951904051750012,0.191486976552,0.19866773817270011,0.20584849979340022,0.21302926141410033,0.22021002303480047,0.22499719744860014,0.2297843718623998,0.2345715462761995,0.2393587206899992,0.2465394823106994,0.2537202439313996,0.26090100555209983,0.26808176717280013,0.2680817671728001,0.2680817671728001,0.2680817671728001,0.26808176717280013,0.2945860208796004,0.3210902745864006,0.34759452829320087,0.37409878200000113,0.35582384150000107,0.337548901000001,0.319273960500001,0.30099902000000106
7.43,0.008566638,0.017133275999999954,0.025699913999999907,0.03669305221349996,0.047686190427,0.059607738033749996,0.0715292856405,0.08345083324725,0.095372380854,0.10729392846075009,0.11921547606750019,0.13113702367425029,0.1430585712810004,0.1549801188877503,0.16690166649450017,0.17882321410125007,0.190744761708,0.19789769027205012,0.20505061883610023,0.21220354740015035,0.21935647596420046,0.22412509500690014,0.22889371404959982,0.2336623330922995,0.2384309521349992,0.2455838806990494,0.2527368092630996,0.25988973782714986,0.2670426663912001,0.2670426663912001,0.2670426663912001,0.2670426663912001,0.2670426663912001,0.29344418804340033,0.31984570969560056,0.34624723134780083,0.3726487530000011,0.3544446472500011,0.33624054150000104,0.31803643575000107,0.29983233000000103
7.44,0.008533304,0.017066607999999955,0.02559991199999991,0.03655027435799996,0.047500636716,0.059375795895,0.071250955074,0.08312611425300001,0.095001273432,0.1068764326110001,0.1187515917900002,0.13062675096900028,0.1425019101480004,0.1543770693270003,0.1662522285060002,0.17812738768500008,0.190002546864,0.19712764237140012,0.20425273787880022,0.21137783338620034,0.21850292889360046,0.22325299256520015,0.22800305623679984,0.23275311990839953,0.23750318357999922,0.24462827908739943,0.25175337459479963,0.2588784701021999,0.2660035656096001,0.26600356560960003,0.26600356560960003,0.26600356560960003,0.2660035656096001,0.29230235520720027,0.3186011448048005,0.3448999344024008,0.3711987240000011,0.35306545300000103,0.334932182000001,0.316798911000001,0.298665640000001
7.45,0.00849997,0.016999939999999956,0.02549990999999991,0.036407496502499956,0.047315083005,0.05914385375625,0.0709726245075,0.08280139525875,0.09463016601,0.1064589367612501,0.11828770751250019,0.13011647826375028,0.14194524901500039,0.15377401976625027,0.16560279051750018,0.1774315612687501,0.18926033202,0.19635759447075013,0.20345485692150023,0.21055211937225032,0.21764938182300045,0.22238089012350015,0.22711239842399983,0.23184390672449953,0.23657541502499924,0.24367267747574942,0.2507699399264996,0.2578672023772498,0.26496446482800007,0.26496446482800007,0.26496446482800007,0.26496446482800007,0.26496446482800007,0.2911605223710003,0.31735657991400057,0.3435526374570008,0.36974869500000107,0.35168625875000104,0.333623822500001,0.31556138625000096,0.297498950000001
7.46,0.008466636000000001,0.016933271999999958,0.025399907999999912,0.036264718646999955,0.047129529294,0.05891191161750001,0.070694293941,0.0824766762645,0.094259058588,0.10604144091150008,0.11782382323500018,0.12960620555850028,0.14138858788200037,0.15317097020550027,0.16495335252900017,0.1767357348525001,0.188518117176,0.19558754657010008,0.20265697596420018,0.2097264053583003,0.21679583475240044,0.22150878768180013,0.22622174061119982,0.23093469354059953,0.23564764646999925,0.24271707586409944,0.24978650525819962,0.25685593465229983,0.26392536404640005,0.2639253640464,0.2639253640464,0.2639253640464,0.26392536404640005,0.29001868953480026,0.3161120150232005,0.3422053405116008,0.36829866600000105,0.350307064500001,0.3323154630000009,0.3143238615000009,0.29633226000000096
7.47,0.008433302000000002,0.01686660399999996,0.025299905999999914,0.036121940791499954,0.046943975583,0.058679969478749996,0.0704159633745,0.08215195727025,0.093887951166,0.1056239450617501,0.11735993895750019,0.12909593285325027,0.14083192674900036,0.15256792064475025,0.16430391454050014,0.17603990843625006,0.187775902332,0.19481749866945008,0.2018590950069002,0.2089006913443503,0.21594228768180043,0.2206366852401001,0.2253310827983998,0.23002548035669954,0.23471987791499926,0.24176147425244943,0.24880307058989962,0.2558446669273498,0.2628862632648,0.2628862632648,0.2628862632648,0.2628862632648,0.2628862632648,0.28887685669860025,0.3148674501324005,0.34085804356620075,0.36684863700000103,0.348927870250001,0.33100710350000095,0.31308633675000097,0.29516557000000093
7.48,0.008399968000000002,0.01679993599999996,0.025199903999999915,0.03597916293599996,0.046758421872,0.05844802734,0.070137632808,0.081827238276,0.093516843744,0.10520644921200009,0.11689605468000018,0.12858566014800027,0.14027526561600034,0.15196487108400025,0.16365447655200016,0.17534408202000007,0.187033687488,0.1940474507688001,0.2010612140496002,0.2080749773304003,0.21508874061120042,0.2197645827984001,0.22444042498559982,0.22911626717279954,0.23379210935999928,0.24080587264079945,0.2478196359215996,0.2548333992023998,0.2618471624832,0.26184716248319995,0.26184716248319995,0.26184716248319995,0.2618471624832,0.28773502386240024,0.3136228852416005,0.3395107466208007,0.365398608000001,0.34754867600000094,0.32969874400000093,0.3118488120000009,0.2939988800000009
7.49,0.008366634000000003,0.01673326799999996,0.025099901999999917,0.03583638508049996,0.046572868161,0.058216085201250004,0.0698593022415,0.08150251928175001,0.093145736322,0.10478895336225008,0.11643217040250016,0.12807538744275024,0.13971860448300033,0.15136182152325023,0.16300503856350015,0.17464825560375008,0.186291472644,0.1932774028681501,0.2002633330923002,0.20724926331645033,0.21423519354060042,0.21889248035670011,0.22354976717279984,0.22820705398889957,0.2328643408049993,0.23985027102914946,0.24683620125329964,0.2538221314774498,0.2608080617016,0.2608080617016,0.2608080617016,0.2608080617016,0.2608080617016,0.2865931910262002,0.31237832035080043,0.3381634496754007,0.363948579000001,0.34616948175000095,0.3283903845000009,0.31061128725000087,0.2928321900000009
7.5,0.008333300000000004,0.016666599999999962,0.02499989999999992,0.03569360722499996,0.04638731445,0.05798414306250001,0.069580971675,0.0811778002875,0.0927746289,0.10437145751250007,0.11596828612500015,0.12756511473750023,0.13916194335000032,0.15075877196250023,0.16235560057500015,0.1739524291875001,0.1855492578,0.1925073549675001,0.1994654521350002,0.2064235493025003,0.2133816464700004,0.21802037791500012,0.22265910935999983,0.22729784080499957,0.2319365722499993,0.23889466941749946,0.2458527665849996,0.2528108637524998,0.25976896091999996,0.2597689609199999,0.2597689609199999,0.2597689609199999,0.25976896091999996,0.2854513581900002,0.31113375546000044,0.3368161527300007,0.362498550000001,0.3447902875000009,0.32708202500000083,0.3093737625000008,0.29166550000000085
7.51,0.008299966000000004,0.016599931999999963,0.02489989799999992,0.035550829369499964,0.046201760739,0.05775220092375,0.0693026411085,0.08085308129325,0.092403521478,0.10395396166275006,0.11550440184750013,0.1270548420322502,0.1386052822170003,0.1501557224017502,0.1617061625865001,0.17325660277125005,0.184807042956,0.1917373070668501,0.1986675711777002,0.2055978352885503,0.2125280993994004,0.21714827547330012,0.22176845154719985,0.22638862762109957,0.23100880369499932,0.23793906780584945,0.2448693319166996,0.25179959602754975,0.25872986013839994,0.25872986013839994,0.25872986013839994,0.25872986013839994,0.25872986013839994,0.28430952535380016,0.3098891905692004,0.3354688557846007,0.36104852100000095,0.3434110932500009,0.32577366550000086,0.3081362377500009,0.29049881000000083
7.52,0.008266632000000005,0.016533263999999964,0.024799895999999922,0.035408051513999964,0.046016207028,0.057520258785,0.069024310542,0.08052836229900001,0.092032414056,0.10353646581300008,0.11504051757000014,0.1265445693270002,0.1380486210840003,0.1495526728410002,0.16105672459800013,0.17256077635500006,0.184064828112,0.1909672591662001,0.19786969022040019,0.2047721212746003,0.2116745523288004,0.21627617303160013,0.22087779373439986,0.2254794144371996,0.23008103513999933,0.23698346619419947,0.24388589724839962,0.2507883283025998,0.2576907593567999,0.25769075935679986,0.25769075935679986,0.25769075935679986,0.2576907593567999,0.2831676925176001,0.30864462567840034,0.33412155883920064,0.35959849200000094,0.34203189900000086,0.32446530600000084,0.3068987130000008,0.2893321200000008
7.53,0.008233298000000005,0.016466595999999965,0.024699893999999924,0.03526527365849996,0.045830653317,0.057288316646250004,0.0687459799755,0.08020364330475,0.091661306634,0.10311896996325007,0.11457663329250013,0.1260342966217502,0.13749195995100028,0.1489496232802502,0.16040728660950013,0.17186494993875007,0.183322613268,0.19019721126555011,0.1970718092631002,0.20394640726065028,0.21082100525820038,0.21540407058990013,0.21998713592159985,0.2245702012532996,0.22915326658499935,0.23602786458254948,0.24290246258009962,0.24977706057764976,0.2566516585751999,0.2566516585751999,0.2566516585751999,0.2566516585751999,0.2566516585751999,0.28202585968140015,0.3074000607876004,0.33277426189380066,0.3581484630000009,0.34065270475000087,0.3231569465000008,0.30566118825000077,0.2881654300000008
7.54,0.008199964000000006,0.016399927999999966,0.024599891999999925,0.03512249580299996,0.045645099606,0.05705637450750001,0.068467649409,0.0798789243105,0.091290199212,0.10270147411350006,0.11411274901500013,0.1255240239165002,0.13693529881800026,0.1483465737195002,0.15975784862100012,0.17116912352250008,0.182580398424,0.18942716336490006,0.19627392830580015,0.20312069324670026,0.20996745818760038,0.2145319681482001,0.21909647810879984,0.2236609880693996,0.22822549802999936,0.23507226297089948,0.2419190279117996,0.24876579285269973,0.25561255779359987,0.2556125577935998,0.2556125577935998,0.2556125577935998,0.25561255779359987,0.2808840268452001,0.30615549589680036,0.3314269649484006,0.3566984340000009,0.3392735105000008,0.32184858700000074,0.3044236635000007,0.28699874000000075
7.55,0.008166630000000006,0.016333259999999968,0.024499889999999927,0.03497971794749996,0.045459545895,0.05682443236875,0.0681893188425,0.07955420531625,0.09091909179,0.10228397826375007,0.11364886473750013,0.1250137512112502,0.13637863768500025,0.14774352415875017,0.15910841063250009,0.17047329710625003,0.18183818358,0.18865711546425007,0.19547604734850016,0.20229497923275025,0.20911391111700037,0.21365986570650009,0.21820582029599983,0.2227517748854996,0.22729772947499938,0.23411666135924947,0.24093559324349959,0.2477545251277497,0.25457345701199985,0.25457345701199985,0.25457345701199985,0.25457345701199985,0.25457345701199985,0.2797421940090001,0.3049109310060003,0.3300796680030006,0.3552484050000009,0.3378943162500008,0.3205402275000008,0.3031861387500008,0.2858320500000007
7.56,0.008133296000000007,0.01626659199999997,0.02439988799999993,0.03483694009199997,0.045273992184,0.05659249023,0.067910988276,0.079229486322,0.090547984368,0.10186648241400006,0.11318498046000011,0.12450347850600017,0.13582197655200023,0.14714047459800017,0.1584589726440001,0.16977747069000004,0.181095968736,0.18788706756360007,0.19467816639120017,0.20146926521880026,0.20826036404640036,0.2127877632648001,0.21731516248319985,0.2218425617015996,0.2263699609199994,0.2331610597475995,0.23995215857519958,0.2467432574027997,0.2535343562303998,0.25353435623039977,0.25353435623039977,0.25353435623039977,0.2535343562303998,0.27860036117280007,0.3036663661152003,0.32873237105760056,0.35379837600000086,0.3365151220000008,0.31923186800000075,0.3019486140000007,0.2846653600000007
7.57,0.008099962000000007,0.01619992399999997,0.02429988599999993,0.034694162236499966,0.045088438473,0.056360548091250004,0.0676326577095,0.07890476732775001,0.090176876946,0.10144898656425005,0.1127210961825001,0.12399320580075016,0.13526531541900022,0.14653742503725015,0.1578095346555001,0.16908164427375005,0.180353753892,0.18711701966295008,0.19388028543390018,0.20064355120485028,0.20740681697580035,0.2119156608231001,0.21642450467039986,0.22093334851769963,0.2254421923649994,0.2322054581359495,0.2389687239068996,0.2457319896778497,0.2524952554487998,0.2524952554487998,0.2524952554487998,0.2524952554487998,0.2524952554487998,0.2774585283366,0.30242180122440027,0.3273850741122005,0.35234834700000084,0.3351359277500008,0.31792350850000073,0.3007110892500007,0.2834986700000007
7.58,0.008066628000000008,0.01613325599999997,0.024199883999999932,0.034551384380999965,0.044902884762,0.05612860595250001,0.067354327143,0.0785800483335,0.089805769524,0.10103149071450004,0.1122572119050001,0.12348293309550015,0.1347086542860002,0.14593437547650015,0.1571600966670001,0.16838581785750006,0.179611539048,0.18634697176230008,0.19308240447660016,0.19981783719090024,0.20655326990520034,0.2110435583814001,0.21553384685759985,0.22002413533379964,0.22451442380999942,0.2312498565242995,0.23798528923859957,0.24472072195289968,0.2514561546671998,0.2514561546671997,0.2514561546671997,0.2514561546671997,0.2514561546671998,0.27631669550040006,0.3011772363336003,0.32603777716680055,0.3508983180000008,0.33375673350000074,0.31661514900000065,0.2994735645000006,0.28233198000000065
7.59,0.008033294000000009,0.016066587999999972,0.024099881999999934,0.03440860652549997,0.044717331051,0.05589666381375,0.0670759965765,0.07825532933925,0.089434662102,0.10061399486475003,0.11179332762750008,0.12297266039025014,0.1341519931530002,0.14533132591575013,0.15651065867850006,0.16768999144125002,0.178869324204,0.1855769238616501,0.19228452351930017,0.19899212317695025,0.20569972283460033,0.2101714559397001,0.21464318904479987,0.21911492214989964,0.22358665525499943,0.2302942549126495,0.23700185457029957,0.24370945422794965,0.25041705388559976,0.25041705388559976,0.25041705388559976,0.25041705388559976,0.25041705388559976,0.2751748626642,0.2999326714428002,0.3246904802214005,0.3494482890000008,0.33237753925000074,0.3153067895000007,0.2982360397500007,0.2811652900000006
7.6,0.007999960000000009,0.015999919999999973,0.023999879999999935,0.03426582866999997,0.04453177734,0.055664721675,0.06679766601,0.07793061034500001,0.08906355468,0.10019649901500005,0.11132944335000008,0.12246238768500013,0.13359533202000018,0.14472827635500013,0.15586122069000008,0.16699416502500003,0.17812710936,0.1848068759610001,0.19148664256200015,0.19816640916300024,0.20484617576400033,0.2092993534980001,0.2137525312319999,0.21820570896599967,0.22265888669999945,0.2293386533009995,0.2360184199019996,0.24269818650299968,0.24937795310399977,0.24937795310399974,0.24937795310399974,0.24937795310399974,0.24937795310399977,0.27403302982800004,0.2986881065520003,0.32334318327600053,0.3479982600000008,0.3309983450000007,0.31399843000000066,0.29699851500000063,0.2799986000000006
7.61,0.00796662600000001,0.015933251999999974,0.023899877999999937,0.03412305081449997,0.044346223629,0.055432779536250004,0.0665193354435,0.07760589135075,0.088692447258,0.09977900316525004,0.11086555907250008,0.12195211497975011,0.13303867088700017,0.1441252267942501,0.15521178270150007,0.16629833860875004,0.177384894516,0.1840368280603501,0.19068876160470016,0.19734069514905023,0.20399262869340032,0.2084272510563001,0.21286187341919988,0.21729649578209967,0.22173111814499946,0.22838305168934953,0.2350349852336996,0.24168691877804968,0.24833885232239977,0.24833885232239977,0.24833885232239977,0.24833885232239977,0.24833885232239977,0.2728911969918,0.29744354166120024,0.3219958863306005,0.34654823100000076,0.3296191507500007,0.31269007050000064,0.2957609902500006,0.27883191000000057
7.62,0.00793329200000001,0.015866583999999975,0.02379987599999994,0.03398027295899997,0.044160669918,0.05520083739750001,0.066241004877,0.0772811723565,0.088321339836,0.09936150731550003,0.11040167479500007,0.12144184227450011,0.13248200975400015,0.1435221772335001,0.15456234471300007,0.16560251219250005,0.176642679672,0.18326678015970005,0.18989088064740012,0.19651498113510021,0.2031390816228003,0.2075551486146001,0.21197121560639987,0.21638728259819967,0.22080334958999948,0.22742745007769954,0.2340515505653996,0.24067565105309968,0.24729975154079978,0.24729975154079975,0.24729975154079975,0.24729975154079975,0.24729975154079978,0.27174936415559997,0.2961989767704002,0.32064858938520047,0.34509820200000074,0.32823995650000065,0.31138171100000056,0.2945234655000005,0.27766522000000055
7.63,0.00789995800000001,0.015799915999999976,0.02369987399999994,0.03383749510349997,0.043975116207,0.05496889525875,0.0659626743105,0.07695645336225,0.087950232414,0.09894401146575002,0.10993779051750005,0.1209315695692501,0.13192534862100014,0.14291912767275008,0.15391290672450003,0.16490668577625,0.175900464828,0.18249673225905005,0.18909299969010013,0.1956892671211502,0.2022855345522003,0.20668304617290006,0.21108055779359985,0.21547806941429967,0.2198755810349995,0.22647184846604956,0.23306811589709964,0.2396643833281497,0.24626065075919978,0.24626065075919978,0.24626065075919978,0.24626065075919978,0.24626065075919978,0.27060753131939996,0.2949544118796002,0.31930129243980043,0.3436481730000007,0.32686076225000066,0.3100733515000006,0.2932859407500006,0.2764985300000005
7.64,0.007866624000000011,0.015733247999999977,0.023599871999999942,0.033694717247999974,0.043789562496,0.05473695312,0.065684343744,0.076631734368,0.087579124992,0.09852651561600004,0.10947390624000006,0.12042129686400009,0.13136868748800012,0.1423160781120001,0.15326346873600005,0.16421085936000002,0.175158249984,0.18172668435840006,0.18829511873280014,0.19486355310720022,0.2014319874816003,0.20581094373120007,0.21018989998079987,0.21456885623039967,0.2189478124799995,0.22551624685439955,0.2320846812287996,0.23865311560319968,0.2452215499775998,0.24522154997759976,0.24522154997759976,0.24522154997759976,0.2452215499775998,0.2694656984832,0.2937098469888002,0.31795399549440045,0.3421981440000007,0.3254815680000006,0.30876499200000057,0.29204841600000053,0.2753318400000005
7.65,0.007833290000000012,0.01566657999999998,0.023499869999999944,0.03355193939249997,0.043604008785,0.054505010981250004,0.0654060131775,0.07630701537375001,0.08720801757,0.09810901976625003,0.10901002196250005,0.11991102415875007,0.1308120263550001,0.14171302855125006,0.15261403074750005,0.16351503294375003,0.17441603514,0.18095663645775006,0.18749723777550015,0.19403783909325023,0.20057844041100029,0.20493884128950007,0.2092992421679999,0.2136596430464997,0.21802004392499952,0.22456064524274957,0.23110124656049963,0.2376418478782497,0.2441824491959998,0.2441824491959998,0.2441824491959998,0.2441824491959998,0.2441824491959998,0.26832386564699995,0.29246528209800016,0.3166066985490004,0.3407481150000007,0.3241023737500006,0.30745663250000055,0.2908108912500005,0.27416515000000047
7.66,0.0077999560000000115,0.01559991199999998,0.023399867999999945,0.03340916153699997,0.043418455074,0.05427306884250001,0.065127682611,0.0759822963795,0.086836910148,0.09769152391650002,0.10854613768500004,0.11940075145350007,0.1302553652220001,0.14110997899050007,0.15196459275900004,0.16281920652750004,0.173673820296,0.18018658855710007,0.18669935681820013,0.1932121250793002,0.19972489334040028,0.20406673884780008,0.20840858435519988,0.2127504298625997,0.21709227536999953,0.2236050436310996,0.23011781189219965,0.23663058015329974,0.2431433484143998,0.24314334841439977,0.24314334841439977,0.24314334841439977,0.2431433484143998,0.2671820328108,0.2912207172072002,0.31525940160360044,0.33929808600000066,0.32272317950000057,0.30614827300000047,0.28957336650000043,0.27299846000000044
7.67,0.007766622000000011,0.015533243999999979,0.023299865999999947,0.03326638368149998,0.043232901363,0.05404112670375,0.0648493520445,0.07565757738525,0.086465802726,0.09727402806675,0.10808225340750002,0.11889047874825005,0.12969870408900008,0.14050692942975004,0.1513151547705,0.16212338011125,0.172931605452,0.17941654065645007,0.18590147586090014,0.1923864110653502,0.19887134626980027,0.20319463640610008,0.2075179265423999,0.2118412166786997,0.21616450681499955,0.22264944201944958,0.22913437722389965,0.23561931242834971,0.2421042476327998,0.2421042476327998,0.2421042476327998,0.2421042476327998,0.2421042476327998,0.2660401999746,0.28997615231640017,0.3139121046582004,0.33784805700000065,0.3213439852500006,0.3048399135000005,0.2883358417500005,0.2718317700000004
7.68,0.007733288000000011,0.015466575999999978,0.02319986399999995,0.03312360582599998,0.043047347652,0.053809184565,0.064571021478,0.07533285839100001,0.086094695304,0.09685653221700002,0.10761836913000003,0.11838020604300005,0.12914204295600007,0.13990387986900005,0.15066571678200003,0.161427553695,0.172189390608,0.17864649275580008,0.18510359490360012,0.1915606970514002,0.19801779919920026,0.2023225339644001,0.2066272687295999,0.21093200349479974,0.21523673825999956,0.2216938404077996,0.22815094255559967,0.23460804470339974,0.2410651468511998,0.24106514685119979,0.24106514685119979,0.24106514685119979,0.2410651468511998,0.2648983671384,0.2887315874256002,0.3125648077128004,0.3363980280000006,0.3199647910000005,0.3035315540000005,0.28709831700000044,0.2706650800000004
7.69,0.007699954000000011,0.01539990799999998,0.02309986199999995,0.032980827970499976,0.042861793941,0.053577242426250005,0.0642926909115,0.07500813939675,0.085723587882,0.09643903636725001,0.10715448485250002,0.11786993333775003,0.12858538182300006,0.13930083030825002,0.15001627879350002,0.16073172727875001,0.171447175764,0.17787644485515008,0.18430571394630013,0.19073498303745018,0.19716425212860025,0.2014504315227001,0.2057366109167999,0.21002279031089974,0.21430896970499957,0.22073823879614962,0.22716750788729967,0.23359677697844974,0.24002604606959982,0.24002604606959982,0.24002604606959982,0.24002604606959982,0.24002604606959982,0.26375653430220003,0.2874870225348002,0.3112175107674004,0.3349479990000006,0.31858559675000053,0.30222319450000046,0.2858607922500004,0.26949839000000037
7.7,0.00766662000000001,0.01533323999999998,0.022999859999999952,0.032838050114999975,0.04267624023,0.05334530028750001,0.06401436034500001,0.0746834204025,0.08535248046,0.0960215405175,0.10669060057500002,0.11735966063250003,0.12802872069000004,0.13869778074750003,0.149366840805,0.16003590086250002,0.17070496092,0.17710639695450003,0.18350783298900009,0.18990926902350017,0.19631070505800025,0.20057832908100007,0.2048459531039999,0.20911357712699974,0.2133812011499996,0.21978263718449964,0.2261840732189997,0.23258550925349974,0.23898694528799982,0.2389869452879998,0.2389869452879998,0.2389869452879998,0.23898694528799982,0.26261470146599997,0.28624245764400014,0.30987021382200036,0.3334979700000006,0.3172064025000005,0.3009148350000004,0.28462326750000033,0.26833170000000034
7.71,0.00763328600000001,0.015266571999999982,0.022899857999999954,0.032695272259499975,0.042490686519,0.05311335814875,0.0637360297785,0.07435870140825,0.084981373038,0.09560404466775,0.1062267162975,0.11684938792725001,0.12747205955700003,0.13809473118675,0.14871740281649998,0.15934007444624998,0.169962746076,0.17633634905385004,0.1827099520317001,0.18908355500955015,0.19545715798740024,0.19970622663930004,0.20395529529119988,0.20820436394309974,0.2124534325949996,0.21882703557284966,0.22520063855069972,0.23157424152854977,0.23794784450639983,0.23794784450639983,0.23794784450639983,0.23794784450639983,0.23794784450639983,0.2614728686298,0.2849978927532002,0.3085229168766004,0.33204794100000057,0.3158272082500005,0.2996064755000004,0.2833857427500004,0.2671650100000003
7.72,0.00759995200000001,0.015199903999999983,0.022799855999999955,0.03255249440399998,0.042305132808,0.05288141601,0.06345769921200001,0.074033982414,0.084610265616,0.09518654881800001,0.10576283202,0.11633911522200001,0.12691539842400001,0.137491681626,0.148067964828,0.15864424803,0.169220531232,0.17556630115320004,0.1819120710744001,0.18825784099560017,0.19460361091680023,0.19883412419760005,0.2030646374783999,0.20729515075919974,0.21152566403999962,0.21787143396119965,0.22421720388239968,0.23056297380359975,0.23690874372479984,0.2369087437247998,0.2369087437247998,0.2369087437247998,0.23690874372479984,0.2603310357936,0.28375332786240015,0.30717561993120035,0.33059791200000055,0.31444801400000044,0.2982981160000004,0.28214821800000034,0.2659983200000003
7.73,0.007566618000000009,0.015133235999999984,0.022699853999999957,0.03240971654849998,0.042119579097,0.052649473871250005,0.0631793686455,0.07370926341975001,0.084239158194,0.09476905296825,0.1052989477425,0.11582884251674999,0.126358737291,0.13688863206524998,0.1474185268395,0.15794842161375,0.168478316388,0.17479625325255005,0.18111419011710012,0.18743212698165018,0.19375006384620022,0.19796202175590005,0.2021739796655999,0.20638593757529977,0.21059789548499963,0.21691583234954967,0.2232337692140997,0.22955170607864978,0.23586964294319984,0.23586964294319984,0.23586964294319984,0.23586964294319984,0.23586964294319984,0.2591892029574,0.28250876297160016,0.3058283229858003,0.32914788300000053,0.31306881975000045,0.29698975650000037,0.2809106932500003,0.26483163000000026
7.74,0.007533284000000009,0.015066567999999985,0.02259985199999996,0.03226693869299998,0.041934025386,0.05241753173250001,0.06290103807900001,0.0733845444255,0.083868050772,0.09435155711849999,0.10483506346499999,0.11531856981149999,0.125802076158,0.13628558250449999,0.14676908885099998,0.1572525951975,0.167736101544,0.17402620535190005,0.1803163091598001,0.18660641296770014,0.1928965167756002,0.19708991931420006,0.2012833218527999,0.20547672439139977,0.20967012692999965,0.2159602307378997,0.22225033454579973,0.2285404383536998,0.23483054216159985,0.23483054216159982,0.23483054216159982,0.23483054216159982,0.23483054216159985,0.2580473701212,0.28126419808080017,0.30448102604040034,0.3276978540000005,0.3116896255000004,0.2956813970000003,0.27967316850000024,0.26366494000000024
7.75,0.007499950000000009,0.014999899999999984,0.02249984999999996,0.032124160837499985,0.041748471675,0.05218558959375,0.0626227075125,0.07305982543125,0.08349694335,0.09393406126874998,0.10437117918749997,0.11480829710624997,0.12524541502499997,0.13568253294374996,0.14611965086249995,0.15655676878124997,0.1669938867,0.17325615745125006,0.1795184282025001,0.18578069895375016,0.1920429697050002,0.19621781687250006,0.20039266403999992,0.20456751120749977,0.20874235837499966,0.21500462912624968,0.22126689987749973,0.22752917062874978,0.23379144137999985,0.23379144137999985,0.23379144137999985,0.23379144137999985,0.23379144137999985,0.256905537285,0.2800196331900001,0.3031337290950003,0.3262478250000005,0.3103104312500004,0.2943730375000003,0.2784356437500003,0.2624982500000002
7.76,0.007466616000000008,0.014933231999999984,0.022399847999999962,0.031981382981999984,0.041562917964,0.051953647455,0.06234437694600001,0.07273510643700001,0.083125835928,0.093516565419,0.10390729490999999,0.11429802440099998,0.12468875389199999,0.13507948338299997,0.14547021287399997,0.15586094236499998,0.166251671856,0.17248610955060006,0.1787205472452001,0.18495498493980014,0.1911894226344002,0.19534571443080007,0.19950200622719994,0.2036582980235998,0.20781458981999967,0.2140490275145997,0.22028346520919975,0.2265179029037998,0.23275234059839986,0.23275234059839983,0.23275234059839983,0.23275234059839983,0.23275234059839986,0.25576370444880003,0.2787750682992002,0.3017864321496003,0.32479779600000047,0.30893123700000036,0.2930646780000003,0.27719811900000024,0.2613315600000002
7.77,0.007433282000000008,0.014866563999999985,0.022299845999999963,0.03183860512649998,0.041377364253,0.051721705316250005,0.0620660463795,0.07241038744275,0.082754728506,0.09309906956924999,0.10344341063249998,0.11378775169574998,0.12413209275899999,0.13447643382225,0.1448207748855,0.15516511594875,0.165509457012,0.17171606164995007,0.1779226662879001,0.18412927092585013,0.1903358755638002,0.19447361198910007,0.19861134841439992,0.2027490848396998,0.2068868212649997,0.21309342590294972,0.21930003054089975,0.2255066351788498,0.23171323981679987,0.23171323981679987,0.23171323981679987,0.23171323981679987,0.23171323981679987,0.25462187161259997,0.27753050340840013,0.3004391352042003,0.32334776700000045,0.30755204275000037,0.2917563185000003,0.2759605942500002,0.26016487000000016
7.78,0.007399948000000008,0.014799895999999986,0.022199843999999965,0.03169582727099998,0.041191810542,0.05148976317750001,0.06178771581300001,0.0720856684485,0.082383621084,0.0926815737195,0.10297952635499999,0.11327747899049999,0.12357543162599999,0.13387338426149997,0.14417133689699999,0.1544692895325,0.164767242168,0.17094601374930002,0.17712478533060005,0.18330355691190012,0.18948232849320018,0.19360150954740005,0.1977206906015999,0.2018398716557998,0.2059590527099997,0.21213782429129974,0.21831659587259977,0.2244953674538998,0.23067413903519987,0.23067413903519984,0.23067413903519984,0.23067413903519984,0.23067413903519987,0.25348003877639996,0.2762859385176001,0.29909183825880026,0.32189773800000043,0.3061728485000003,0.2904479590000002,0.27472306950000014,0.25899818000000013
7.79,0.0073666140000000074,0.014733227999999987,0.022099841999999967,0.03155304941549998,0.041006256831,0.05125782103875,0.0615093852465,0.07176094945425,0.082012513662,0.09226407786975,0.1025156420775,0.11276720628525,0.12301877049299999,0.13327033470074998,0.14352189890849998,0.15377346311625,0.164025027324,0.17017596584865002,0.17632690437330006,0.1824778428979501,0.18862878142260017,0.19272940710570002,0.1968300327887999,0.2009306584718998,0.20503128415499972,0.21118222267964976,0.2173331612042998,0.22348409972894984,0.22963503825359988,0.22963503825359988,0.22963503825359988,0.22963503825359988,0.22963503825359988,0.25233820594019996,0.2750413736268001,0.2977445413134002,0.3204477090000004,0.3047936542500003,0.28913959950000023,0.2734855447500002,0.2578314900000001
7.8,0.007333280000000007,0.014666559999999988,0.02199983999999997,0.03141027155999999,0.04082070312,0.0510258789,0.06123105468000001,0.07143623046,0.08164140624,0.09184658201999998,0.10205175779999998,0.11225693357999998,0.12246210935999999,0.13266728513999998,0.14287246092,0.15307763670000002,0.16328281248,0.16940591794800003,0.17552902341600007,0.18165212888400012,0.18777523435200016,0.19185730466400003,0.19593937497599992,0.2000214452879998,0.20410351559999973,0.21022662106799975,0.21634972653599976,0.2224728320039998,0.22859593747199988,0.22859593747199985,0.22859593747199985,0.22859593747199985,0.22859593747199988,0.251196373104,0.2737968087360001,0.29639724436800025,0.3189976800000004,0.3034144600000003,0.2878312400000002,0.27224802000000015,0.2566648000000001
7.81,0.007299946000000007,0.01459989199999999,0.02189983799999997,0.031267493704499986,0.040635149409,0.050793936761250005,0.0609527241135,0.07111151146575001,0.081270298818,0.09142908617025,0.1015878735225,0.11174666087474999,0.12190544822699999,0.13206423557924998,0.14222302293149996,0.15238181028374997,0.162540597636,0.16863587004735003,0.17473114245870008,0.18082641487005013,0.18692168728140016,0.19098520222230003,0.19504871716319994,0.19911223210409984,0.20317574704499974,0.20927101945634977,0.2153662918676998,0.22146156427904984,0.2275568366903999,0.2275568366903999,0.2275568366903999,0.2275568366903999,0.2275568366903999,0.25005454026779994,0.27255224384520005,0.2950499474226002,0.3175476510000004,0.3020352657500003,0.2865228805000002,0.2710104952500001,0.25549811000000006
7.82,0.0072666120000000065,0.01453322399999999,0.021799835999999972,0.031124715848999986,0.040449595698,0.05056199462250001,0.06067439354700001,0.0707867924715,0.080899191396,0.09101159032049999,0.10112398924499999,0.11123638816949999,0.12134878709399999,0.1314611860185,0.14157358494299999,0.15168598386749998,0.161798382792,0.16786582214670004,0.17393326150140007,0.1800007008561001,0.18606814021080015,0.19011309978060004,0.19415805935039993,0.19820301892019984,0.20224797848999976,0.20831541784469979,0.2143828571993998,0.22045029655409987,0.2265177359087999,0.22651773590879987,0.22651773590879987,0.22651773590879987,0.2265177359087999,0.2489127074316,0.2713076789544001,0.29370265047720023,0.31609762200000036,0.30065607150000023,0.2852145210000001,0.26977297050000004,0.25433142000000003
7.83,0.007233278000000006,0.01446655599999999,0.021699833999999973,0.030981937993499988,0.040264041987,0.05033005248375,0.0603960629805,0.07046207347725,0.080528083974,0.09059409447075001,0.1006601049675,0.11072611546424999,0.12079212596099999,0.13085813645775,0.1409241469545,0.15099015745125,0.161056167948,0.16709577424605004,0.17313538054410008,0.1791749868421501,0.18521459314020014,0.18924099733890004,0.19326740153759994,0.19729380573629984,0.20132020993499977,0.20735981623304978,0.2133994225310998,0.21943902882914984,0.2254786351271999,0.2254786351271999,0.2254786351271999,0.2254786351271999,0.2254786351271999,0.24777087459539998,0.27006311406360006,0.2923553535318002,0.31464759300000034,0.29927687725000024,0.28390616150000014,0.2685354457500001,0.25316473
7.84,0.007199944000000006,0.01439988799999999,0.021599831999999975,0.03083916013799999,0.040078488276,0.050098110345,0.06011773241400001,0.07013735448300001,0.080156976552,0.090176598621,0.10019622068999999,0.11021584275899998,0.12023546482799999,0.130255086897,0.140274708966,0.150294331035,0.160313953104,0.16632572634540005,0.17233749958680006,0.1783492728282001,0.18436104606960013,0.18836889489720005,0.19237674372479996,0.19638459255239987,0.20039244137999979,0.2064042146213998,0.21241598786279983,0.21842776110419987,0.2244395343455999,0.22443953434559988,0.22443953434559988,0.22443953434559988,0.2244395343455999,0.24662904175919997,0.26881854917280007,0.29100805658640017,0.3131975640000003,0.2978976830000002,0.2825978020000001,0.26729792100000005,0.25199804
7.85,0.0071666100000000055,0.01433321999999999,0.021499829999999977,0.03069638228249999,0.039892934565,0.049866168206250006,0.0598394018475,0.06981263548875,0.07978586913,0.08975910277124999,0.09973233641249998,0.10970557005374998,0.11967880369499999,0.12965203733625,0.1396252709775,0.14959850461875002,0.15957173826,0.16555567844475005,0.17153961862950007,0.17752355881425008,0.18350749899900012,0.18749679245550005,0.19148608591199995,0.19547537936849987,0.1994646728249998,0.20544861300974981,0.21143255319449983,0.21741649337924987,0.2234004335639999,0.2234004335639999,0.2234004335639999,0.2234004335639999,0.2234004335639999,0.245487208923,0.2675739842820001,0.2896607596410002,0.3117475350000003,0.2965184887500002,0.2812894425000001,0.26606039625,0.25083134999999995
7.86,0.007133276000000005,0.014266551999999991,0.02139982799999998,0.03055360442699999,0.039707380854,0.04963422606750001,0.05956107128100001,0.06948791649450001,0.079414761708,0.0893416069215,0.09926845213499999,0.10919529734849999,0.11912214256199999,0.12904898777549997,0.13897583298899996,0.14890267820249997,0.158829523416,0.1647856305441,0.17074173767220002,0.17669784480030007,0.18265395192840012,0.18662469001380003,0.19059542809919994,0.19456616618459988,0.19853690426999981,0.20449301139809983,0.21044911852619985,0.21640522565429987,0.22236133278239992,0.2223613327823999,0.2223613327823999,0.2223613327823999,0.22236133278239992,0.24434537608679996,0.26632941939120003,0.28831346269560015,0.3102975060000003,0.2951392945000002,0.27998108300000013,0.26482287150000006,0.24966465999999995
7.87,0.007099942000000005,0.014199883999999992,0.02129982599999998,0.03041082657149999,0.039521827143,0.04940228392875,0.0592827407145,0.06916319750025,0.079043654286,0.08892411107175,0.0988045678575,0.10868502464325,0.11856548142899999,0.12844593821474998,0.13832639500049998,0.14820685178624998,0.158087308572,0.16401558264345,0.16994385671490003,0.17587213078635006,0.1818004048578001,0.1857525875721,0.18970477028639993,0.19365695300069988,0.19760913571499983,0.20353740978644985,0.20946568385789988,0.2153939579293499,0.22132223200079992,0.22132223200079992,0.22132223200079992,0.22132223200079992,0.22132223200079992,0.2432035432506,0.2650848545004001,0.2869661657502002,0.30884747700000026,0.29376010025000016,0.27867272350000005,0.26358534675,0.24849796999999996
7.88,0.007066608000000005,0.014133215999999994,0.02119982399999998,0.030268048715999994,0.039336273432,0.04917034179,0.05900441014800001,0.068838478506,0.078672546864,0.08850661522199998,0.09834068357999998,0.10817475193799998,0.11800882029599999,0.127842888654,0.137676957012,0.14751102537,0.157345093728,0.1632455347428,0.16914597575760004,0.17504641677240007,0.1809468577872001,0.1848804851304,0.18881411247359994,0.19274773981679988,0.19668136715999984,0.20258180817479984,0.20848224918959984,0.21438269020439987,0.22028313121919993,0.2202831312191999,0.2202831312191999,0.2202831312191999,0.22028313121919993,0.2420617104144,0.26384028960960004,0.28561886880480014,0.30739744800000024,0.29238090600000016,0.2773643640000001,0.262347822,0.24733127999999996
7.89,0.007033274000000004,0.014066547999999995,0.021099821999999983,0.030125270860499993,0.039150719721,0.048938399651250006,0.0587260795815,0.06851375951175001,0.078301439442,0.08808911937225,0.0978767993025,0.10766447923275,0.11745215916299999,0.12723983909324998,0.1370275190235,0.14681519895375,0.156602878884,0.16247548684215002,0.16834809480030005,0.17422070275845009,0.1800933107166001,0.1840083826887,0.18792345466079996,0.1918385266328999,0.19575359860499986,0.20162620656314986,0.20749881452129987,0.2133714224794499,0.21924403043759993,0.21924403043759993,0.21924403043759993,0.21924403043759993,0.21924403043759993,0.2409198775782,0.26259572471880005,0.2842715718594001,0.3059474190000002,0.2910017117500001,0.27605600450000006,0.26111029725,0.24616458999999996
7.9,0.006999940000000004,0.013999879999999996,0.020999819999999985,0.029982493004999992,0.03896516601,0.04870645751250001,0.05844774901500001,0.06818904051750001,0.07793033202,0.08767162352249999,0.09741291502499999,0.10715420652749999,0.11689549802999999,0.1266367895325,0.136378081035,0.14611937253750001,0.15586066404,0.16170543894150002,0.16755021384300003,0.17339498874450004,0.17923976364600008,0.18313628024700002,0.18703279684799995,0.1909293134489999,0.19482583004999987,0.20067060495149988,0.2065153798529999,0.21236015475449993,0.21820492965599994,0.2182049296559999,0.2182049296559999,0.2182049296559999,0.21820492965599994,0.23977804474199998,0.26135115982800006,0.28292427491400013,0.3044973900000002,0.2896225175000001,0.27474764500000004,0.2598727725,0.24499789999999996
7.91,0.006966606000000004,0.013933211999999995,0.020899817999999987,0.029839715149499995,0.038779612299,0.04847451537375,0.0581694184485,0.06786432152325,0.077559224598,0.08725412767275001,0.0969490307475,0.10664393382224999,0.11633883689699999,0.12603373997174996,0.13572864304649995,0.14542354612124997,0.155118449196,0.16093539104085003,0.16675233288570004,0.17256927473055006,0.17838621657540008,0.18226417780530002,0.18614213903519997,0.1900201002650999,0.19389806149499988,0.19971500333984987,0.2055319451846999,0.2113488870295499,0.21716582887439995,0.21716582887439995,0.21716582887439995,0.21716582887439995,0.21716582887439995,0.23863621190579998,0.2601065949372,0.2815769779686001,0.3030473610000002,0.2882433232500001,0.2734392855000001,0.25863524775,0.24383120999999996
7.92,0.006933272000000003,0.013866543999999995,0.02079981599999999,0.029696937293999998,0.038594058588,0.048242573235,0.05789108788200001,0.06753960252900001,0.077188117176,0.086836631823,0.09648514646999999,0.10613366111699998,0.11578217576399999,0.12543069041099997,0.13507920505799997,0.14472771970499998,0.154376234352,0.16016534314020003,0.16595445192840003,0.17174356071660005,0.17753266950480007,0.18139207536360002,0.18525148122239998,0.18911088708119994,0.1929702929399999,0.1987594017281999,0.2045485105163999,0.21033761930459993,0.21612672809279995,0.21612672809279992,0.21612672809279992,0.21612672809279992,0.21612672809279995,0.23749437906960003,0.25886203004640007,0.2802296810232001,0.30159733200000016,0.2868641290000001,0.272130926,0.25739772299999997,0.24266451999999997
7.93,0.006899938000000003,0.013799875999999996,0.02069981399999999,0.029554159438499997,0.038408504877,0.048010631096250006,0.0576127573155,0.06721488353475,0.076817009754,0.08641913597324999,0.09602126219249998,0.10562338841174998,0.11522551463099999,0.12482764085025,0.1344297670695,0.14403189328875,0.153634019508,0.15939529523955004,0.16515657097110004,0.17091784670265003,0.17667912243420006,0.18051997292190003,0.18436082340959997,0.18820167389729994,0.1920425243849999,0.1978038001165499,0.2035650758480999,0.20932635157964993,0.21508762731119996,0.21508762731119996,0.21508762731119996,0.21508762731119996,0.21508762731119996,0.2363525462334,0.2576174651556,0.2788823840778001,0.30014730300000014,0.2854849347500001,0.27082256650000003,0.25616019825,0.24149782999999997
7.94,0.006866604000000003,0.013733207999999997,0.02059981199999999,0.029411381582999996,0.038222951166000003,0.04777868895750001,0.05733442674900001,0.06689016454050001,0.07644590233200001,0.0860016401235,0.09555737791499999,0.10511311570649999,0.11466885349799999,0.12422459128949999,0.133780329081,0.1433360668725,0.15289180466400001,0.1586252473389,0.1643586900138,0.17009213268870002,0.17582557536360005,0.1796478704802,0.18347016559679996,0.18729246071339994,0.19111475582999993,0.19684819850489993,0.20258164117979993,0.20831508385469993,0.21404852652959996,0.21404852652959994,0.21404852652959994,0.21404852652959994,0.21404852652959996,0.23521071339719996,0.2563729002648,0.27753508713240005,0.2986972740000001,0.28410574050000004,0.269514207,0.2549226735,0.24033113999999997
7.95,0.006833270000000002,0.013666539999999998,0.020499809999999993,0.0292686037275,0.038037397455000004,0.04754674681875,0.0570560961825,0.06656544554625,0.07607479491000001,0.08558414427375,0.0950934936375,0.10460284300125,0.11411219236499999,0.12362154172874998,0.13313089109249998,0.14264024045625,0.15214958982000001,0.15785519943825,0.1635608090565,0.16926641867475,0.17497202829300004,0.17877576803849998,0.18257950778399995,0.18638324752949995,0.19018698727499994,0.19589259689324995,0.20159820651149996,0.20730381612974996,0.21300942574799997,0.21300942574799997,0.21300942574799997,0.21300942574799997,0.21300942574799997,0.23406888056099998,0.255128335374,0.276187790187,0.2972472450000001,0.28272654625000004,0.2682058475,0.25368514875,0.23916444999999997
7.96,0.006799936000000002,0.013599871999999999,0.020399807999999995,0.029125825872,0.037851843744000004,0.04731480468,0.05677776561600001,0.066240726552,0.07570368748800001,0.08516664842399999,0.09462960935999998,0.10409257029599998,0.11355553123199999,0.123018492168,0.132481453104,0.14194441404000002,0.15140737497600001,0.1570851515376,0.1627629280992,0.16844070466080002,0.17411848122240003,0.1779036655968,0.18168884997119997,0.18547403434559995,0.18925921871999996,0.19493699528159994,0.20061477184319992,0.20629254840479994,0.21197032496639998,0.21197032496639995,0.21197032496639995,0.21197032496639995,0.21197032496639998,0.2329270477248,0.2538837704832,0.27484049324160004,0.2957972160000001,0.28134735200000005,0.266897488,0.252447624,0.23799775999999997
7.97,0.006766602000000002,0.013533204,0.020299805999999997,0.0289830480165,0.037666290033000004,0.047082862541250006,0.0564994350495,0.06591600755775001,0.07533258006600001,0.08474915257425,0.0941657250825,0.10358229759075,0.11299887009899999,0.12241544260724999,0.13183201511549997,0.14124858762374998,0.15066516013200001,0.15631510363695,0.16196504714190002,0.16761499064685004,0.17326493415180003,0.1770315631551,0.18079819215839998,0.18456482116169998,0.18833145016499997,0.19398139366994996,0.19963133717489995,0.20528128067984996,0.21093122418479998,0.21093122418479998,0.21093122418479998,0.21093122418479998,0.21093122418479998,0.23178521488860002,0.25263920559240005,0.27349319629620006,0.29434718700000007,0.27996815775,0.26558912849999994,0.25121009924999993,0.23683106999999998
7.98,0.0067332680000000015,0.013466536000000001,0.020199804,0.028840270161,0.037480736322000004,0.04685092040250001,0.05622110448300001,0.06559128856350001,0.07496147264400001,0.08433165672449999,0.09370184080499999,0.10307202488549999,0.11244220896599999,0.12181239304649999,0.131182577127,0.1405527612075,0.14992294528800001,0.1555450557363,0.1611671661846,0.1667892766329,0.17241138708120002,0.1761594607134,0.17990753434559997,0.18365560797779998,0.18740368160999998,0.19302579205829998,0.19864790250659997,0.2042700129549,0.2098921234032,0.20989212340319996,0.20989212340319996,0.20989212340319996,0.2098921234032,0.23064338205239998,0.2513946407016,0.2721458993508,0.29289715800000005,0.2785889635,0.26428076899999997,0.2499725745,0.23566437999999998
7.99,0.006699934000000001,0.013399868,0.020099802,0.028697492305500002,0.037295182611000004,0.04661897826375,0.0559427739165,0.06526656956925,0.07459036522200001,0.08391416087475001,0.0932379565275,0.10256175218024999,0.11188554783299999,0.12120934348574999,0.1305331391385,0.13985693479125,0.14918073044400001,0.15477500783565,0.1603692852273,0.16596356261895,0.1715578400106,0.1752873582717,0.1790168765328,0.18274639479389998,0.186475913055,0.19207019044664997,0.19766446783829997,0.20325874522994997,0.2088530226216,0.2088530226216,0.2088530226216,0.2088530226216,0.2088530226216,0.22950154921619997,0.25015007581079995,0.2707986024054,0.291447129,0.27720976924999996,0.26297240949999995,0.24873504974999996,0.23449768999999998
8,0.006666600000000001,0.0133332,0.0199998,0.028554714450000004,0.037109628900000004,0.046387036125,0.05566444335000001,0.06494185057500002,0.07421925780000001,0.083496665025,0.09277407224999999,0.10205147947499998,0.11132888669999999,0.120606293925,0.12988370115,0.139161108375,0.14843851560000001,0.15400495993500002,0.15957140427,0.165137848605,0.17070429294,0.17441525583,0.17812621872,0.18183718161,0.1855481445,0.191114588835,0.19668103317,0.202247477505,0.20781392184,0.20781392183999997,0.20781392183999997,0.20781392183999997,0.20781392184,0.22835971637999997,0.24890551091999996,0.26945130545999996,0.2899971,0.27583057499999997,0.2616640499999999,0.24749752499999994,0.23333099999999998
8.01,0.006644377555560013,0.013288755111119984,0.019933132666679954,0.028459530164852392,0.03698592766302483,0.04623240957878104,0.05547889149453725,0.06472537341029345,0.07397185532604966,0.08321833724180565,0.09246481915756163,0.10171130107331763,0.11095778298907365,0.12020426490483005,0.12945074682058647,0.13869722873634288,0.14794371065209933,0.1534915998015527,0.15903948895100606,0.16458737810045945,0.17013526724991285,0.17383386001621554,0.17753245278251825,0.18123104554882097,0.18492963831512368,0.19047752746457747,0.19602541661403128,0.20157330576348512,0.20712119491293896,0.20712119491293896,0.20712119491293896,0.20712119491293896,0.20712119491293896,0.2275985021014192,0.24807580928989942,0.26855311647837965,0.2890304236668599,0.27491112136129503,0.26079181905573023,0.24667251675016544,0.23255321444460067
8.02,0.006622155111120013,0.013244310222239982,0.019866465333359954,0.02836434587970476,0.03686222642604957,0.046077783032561964,0.05529333963907435,0.06450889624558674,0.07372445285209914,0.08294000945861131,0.09215556606512348,0.10137112267163567,0.11058667927814787,0.11980223588466046,0.12901779249117307,0.13823334909768567,0.14744890570419827,0.15297823966810536,0.15850757363201246,0.16403690759591955,0.16956624155982666,0.17325246420243184,0.17693868684503702,0.1806249094876422,0.18431113213024738,0.1898404660941549,0.19536980005806243,0.20089913402196996,0.2064284679858775,0.2064284679858775,0.2064284679858775,0.2064284679858775,0.2064284679858775,0.22683728782283807,0.24724610765979865,0.26765492749675923,0.28806374733371987,0.27399166772259004,0.2599195881114602,0.24584750850033044,0.23177542888920066
8.03,0.006599932666680013,0.013199865333359984,0.019799798000039955,0.02826916159455713,0.036738525189074306,0.04592315648634288,0.05510778778361146,0.06429241908088004,0.07347705037814861,0.08266168167541697,0.09184631297268533,0.10103094426995371,0.1102155755672221,0.11940020686449088,0.12858483816175964,0.13776946945902843,0.14695410075629722,0.15246487953465804,0.15797565831301885,0.16348643709137967,0.16899721586974048,0.17267106838864812,0.17634492090755577,0.18001877342646344,0.18369262594537109,0.18920340472373232,0.19471418350209355,0.20022496228045478,0.20573574105881604,0.20573574105881604,0.20573574105881604,0.20573574105881604,0.20573574105881604,0.22607607354425696,0.24641640602969792,0.26675673851513887,0.28709707100057985,0.27307221408388505,0.25904735716719024,0.24502250025049543,0.23099764333380066
8.04,0.0065777102222400125,0.013155420444479985,0.019733130666719955,0.0281739773094095,0.03661482395209904,0.0457685299401238,0.054922235928148565,0.06407594191617333,0.07322964790419809,0.08238335389222264,0.09153705988024718,0.10069076586827175,0.10984447185629632,0.11899817784432126,0.12815188383234621,0.1373055898203712,0.14645929580839617,0.15195151940121068,0.1574437429940252,0.16293596658683973,0.1684281901796543,0.1720896725748644,0.17575115497007454,0.17941263736528468,0.18307411976049479,0.18856634335330974,0.19405856694612467,0.19955079053893962,0.20504301413175458,0.20504301413175458,0.20504301413175458,0.20504301413175458,0.20504301413175458,0.22531485926567588,0.24558670439959718,0.2658585495335185,0.28613039466743984,0.27215276044518,0.2581751262229202,0.24419749200066043,0.23021985777840065
8.05,0.006555487777800012,0.013110975555599983,0.019666463333399956,0.028078793024261868,0.03649112271512378,0.045613903393904726,0.05473668407268567,0.06385946475146662,0.07298224543024756,0.0821050261090283,0.09122780678780903,0.10035058746658979,0.10947336814537055,0.1185961488241517,0.12771892950293284,0.13684171018171398,0.14596449086049512,0.15143815926776336,0.1569118276750316,0.16238549608229985,0.1678591644895681,0.17150827676108069,0.17515738903259326,0.17880650130410586,0.18245561357561849,0.1879292819828871,0.19340295039015576,0.19887661879742444,0.20435028720469312,0.20435028720469312,0.20435028720469312,0.20435028720469312,0.20435028720469312,0.22455364498709476,0.2447570027694964,0.2649603605518981,0.2851637183342998,0.27123330680647495,0.25730289527865013,0.24337248375082537,0.22944207222300064
8.06,0.006533265333360012,0.013066530666719985,0.019599796000079956,0.027983608739114235,0.03636742147814852,0.04545927684768565,0.05455113221722278,0.0636429875867599,0.07273484295629704,0.08182669832583396,0.09091855369537089,0.10001040906490782,0.10910226443444478,0.11819411980398209,0.12728597517351942,0.13637783054305674,0.14546968591259407,0.15092479913431603,0.156379912356038,0.16183502557775997,0.16729013879948193,0.17092688094729697,0.17456362309511203,0.1782003652429271,0.1818371073907422,0.18729222061246453,0.1927473338341869,0.19820244705590928,0.20365756027763166,0.20365756027763166,0.20365756027763166,0.20365756027763166,0.20365756027763166,0.22379243070851368,0.24392730113939573,0.2640621715702778,0.2841970420011598,0.27031385316777,0.2564306643343802,0.24254747550099043,0.22866428666760064
8.07,0.006511042888920012,0.013022085777839984,0.019533128666759957,0.027888424453966606,0.036243720241173255,0.04530465030146657,0.05436558036175988,0.06342651042205319,0.07248744048234651,0.08154837054263962,0.09060930060293274,0.09967023066322586,0.108731160723519,0.1177920907838125,0.126853020844106,0.1359139509043995,0.14497488096469302,0.15041143900086867,0.15584799703704436,0.16128455507322004,0.16672111310939575,0.17034548513351327,0.1739698571576308,0.17759422918174833,0.1812186012058659,0.18665515924204196,0.19209171727821803,0.1975282753143941,0.2029648333505702,0.2029648333505702,0.2029648333505702,0.2029648333505702,0.2029648333505702,0.22303121642993257,0.24309759950929496,0.26316398258865736,0.2832303656680198,0.26939439952906497,0.2555584333901102,0.24172246725115543,0.22788650111220063
8.08,0.006488820444480012,0.012977640888959984,0.019466461333439957,0.027793240168818976,0.03612001900419799,0.04515002375524749,0.05418002850629699,0.06321003325734649,0.07224003800839598,0.08127004275944529,0.09030004751049459,0.0993300522615439,0.10836005701259323,0.11739006176364289,0.12642006651469256,0.13545007126574227,0.14448007601679197,0.14989807886742135,0.15531608171805075,0.16073408456868016,0.16615208741930956,0.16976408931972958,0.17337609122014958,0.17698809312056957,0.1806000950209896,0.18601809787161938,0.19143610072224915,0.19685410357287894,0.20227210642350874,0.20227210642350874,0.20227210642350874,0.20227210642350874,0.20227210642350874,0.22227000215135148,0.24226789787919423,0.262265793607037,0.2822636893348798,0.26847494589036,0.25468620244584017,0.2408974590013204,0.22710871555680062
8.09,0.006466598000040012,0.012933196000079986,0.019399794000119958,0.027698055883671344,0.03599631776722273,0.04499539720902841,0.053994476650834095,0.06299355609263978,0.07199263553444546,0.08099171497625095,0.08999079441805644,0.09898987385986194,0.10798895330166745,0.1169880327434733,0.12598711218527917,0.13498619162708503,0.14398527106889092,0.14938471873397402,0.15478416639905712,0.16018361406414025,0.16558306172922338,0.16918269350594584,0.17278232528266832,0.1763819570593908,0.1799815888361133,0.18538103650119675,0.19078048416628024,0.19617993183136376,0.20157937949644728,0.20157937949644728,0.20157937949644728,0.20157937949644728,0.20157937949644728,0.2215087878727704,0.24143819624909352,0.26136760462541664,0.28129701300173976,0.267555492251655,0.25381397150157015,0.24007245075148537,0.22633093000140062
8.1,0.006444375555600012,0.012888751111199984,0.019333126666799958,0.02760287159852371,0.03587261653024747,0.04484077066280934,0.0538089247953712,0.06277707892793306,0.07174523306049493,0.08071338719305661,0.08968154132561829,0.09864969545817998,0.10761784959074168,0.11658600372330372,0.12555415785586577,0.13452231198842782,0.14349046612098987,0.1488713586005267,0.15425225108006352,0.15963314355960034,0.1650140360391372,0.16860129769216214,0.1721885593451871,0.17577582099821204,0.179363082651237,0.18474397513077417,0.1901248676103114,0.1955057600898486,0.20088665256938582,0.20088665256938582,0.20088665256938582,0.20088665256938582,0.20088665256938582,0.22074757359418928,0.24060849461899275,0.2604694156437962,0.28033033666859974,0.26663603861294993,0.2529417405573001,0.23924744250165036,0.2255531444460006
8.11,0.006422153111160012,0.012844306222319985,0.01926645933347996,0.02750768731337608,0.035748915293272204,0.044686144116590255,0.053623372939908306,0.06256060176322636,0.07149783058654441,0.08043505940986227,0.08937228823318014,0.09830951705649801,0.1072467458798159,0.11618397470313413,0.12512120352645234,0.13405843234977058,0.14299566117308882,0.14835799846707937,0.15372033576106992,0.15908267305506046,0.164445010349051,0.16801990187837842,0.17159479340770584,0.17516968493703328,0.1787445764663607,0.1841069137603516,0.1894692510543425,0.19483158834833342,0.20019392564232436,0.20019392564232436,0.20019392564232436,0.20019392564232436,0.20019392564232436,0.21998635931560817,0.23977879298889201,0.25957122666217586,0.27936366033545973,0.2657165849742449,0.2520695096130301,0.23842243425181536,0.2247753588906006
8.12,0.0063999306667200115,0.012799861333439987,0.01919979200015996,0.027412503028228452,0.03562521405629694,0.044531517570371174,0.05343782108444541,0.06234412459851965,0.07125042811259388,0.08015673162666793,0.08906303514074199,0.09796933865481605,0.10687564216889013,0.11578194568296454,0.12468824919703896,0.13359455271111337,0.14250085622518777,0.147844638333632,0.15318842044207626,0.15853220255052053,0.16387598465896483,0.1674385060645947,0.1710010274702246,0.1745635488758545,0.1781260702814844,0.18346985238992902,0.18881363449837363,0.19415741660681826,0.1995011987152629,0.1995011987152629,0.1995011987152629,0.1995011987152629,0.1995011987152629,0.21922514503702709,0.23894909135879128,0.2586730376805555,0.2783969840023197,0.26479713133553995,0.2511972786687602,0.2375974260019804,0.2239975733352006
8.13,0.006377708222280011,0.012755416444559985,0.01913312466683996,0.02731731874308082,0.03550151281932168,0.0443768910241521,0.05325226922898252,0.06212764743381294,0.07100302563864336,0.0798784038434736,0.08875378204830384,0.09762916025313409,0.10650453845796436,0.11537991666279496,0.12425529486762554,0.13313067307245613,0.14200605127728672,0.14733127820018468,0.15265650512308265,0.15798173204598065,0.16330695896887865,0.16685711025081099,0.17040726153274333,0.1739574128146757,0.1775075640966081,0.1828327910195064,0.18815801794240472,0.19348324486530308,0.19880847178820144,0.19880847178820144,0.19880847178820144,0.19880847178820144,0.19880847178820144,0.21846393075844597,0.2381193897286905,0.2577748486989351,0.2774303076691797,0.2638776776968349,0.25032504772449016,0.23677241775214536,0.2232197877798006
8.14,0.006355485777840011,0.012710971555679986,0.01906645733351996,0.027222134457933186,0.035377811582346416,0.044222264477933024,0.053066717373519624,0.061911170269106225,0.07075562316469283,0.07960007606027926,0.08844452895586569,0.09728898185145213,0.10613343474703858,0.11497788764262534,0.12382234053821212,0.1326667934337989,0.14151124632938566,0.14681791806673736,0.15212458980408905,0.15743126154144077,0.16273793327879246,0.16627571443702727,0.1698134955952621,0.17335127675349693,0.1768890579117318,0.18219572964908382,0.18750240138643587,0.19280907312378792,0.19811574486113998,0.19811574486113998,0.19811574486113998,0.19811574486113998,0.19811574486113998,0.2177027164798649,0.23728968809858983,0.25687665971731477,0.2764636313360397,0.26295822405812985,0.24945281678022008,0.23594740950231033,0.22244200222440058
8.15,0.006333263333400011,0.012666526666799986,0.01899979000019996,0.027126950172785557,0.035254110345371154,0.04406763793171394,0.05288116551805673,0.06169469310439952,0.07050822069074231,0.07932174827708492,0.08813527586342754,0.09694880344977017,0.10576233103611281,0.11457585862245576,0.1233893862087987,0.13220291379514165,0.14101644138148461,0.14630455793329,0.15159267448509542,0.15688079103690084,0.16216890758870628,0.16569431862324357,0.16921972965778087,0.17274514069231817,0.1762705517268555,0.18155866827866124,0.186846784830467,0.19213490138227274,0.19742301793407852,0.19742301793407852,0.19742301793407852,0.19742301793407852,0.19742301793407852,0.21694150220128378,0.23645998646848906,0.25597847073569435,0.27549695500289967,0.2620387704194249,0.24858058583595014,0.23512240125247535,0.22166421666900057
8.16,0.006311040888960011,0.012622081777919986,0.01893312266687996,0.027031765887637928,0.03513040910839589,0.04391301138549486,0.052695613662593836,0.06147821593969281,0.07026081821679178,0.07904342049389058,0.08782602277098939,0.0966086250480882,0.10539122732518703,0.11417382960228617,0.12295643187938529,0.1317390341564844,0.14052163643358356,0.14579119779984268,0.15106075916610182,0.15633032053236096,0.1615998818986201,0.16511292280945988,0.16862596372029964,0.1721390046311394,0.1756520455419792,0.18092160690823866,0.1861911682744981,0.19146072964075758,0.19673029100701706,0.19673029100701706,0.19673029100701706,0.19673029100701706,0.19673029100701706,0.2161802879227027,0.23563028483838833,0.255080281754074,0.27453027866975965,0.26111931678071987,0.24770835489168008,0.23429739300264033,0.22088643111360057
8.17,0.006288818444520011,0.012577636889039987,0.01886645533355996,0.026936581602490295,0.03500670787142063,0.043758384839275785,0.05251006180713094,0.0612617387749861,0.07001341574284126,0.07876509271069625,0.08751676967855124,0.09626844664640624,0.10502012361426126,0.11377180058211656,0.12252347754997187,0.13127515451782718,0.1400268314856825,0.14527783766639535,0.15052884384710818,0.15577985002782105,0.1610308562085339,0.16453152699567614,0.1680321977828184,0.17153286856996064,0.1750335393571029,0.18028454553781603,0.1855355517185292,0.1907865578992424,0.1960375640799556,0.1960375640799556,0.1960375640799556,0.1960375640799556,0.1960375640799556,0.2154190736441216,0.23480058320828762,0.2541820927724536,0.27356360233661964,0.2601998631420148,0.24683612394741006,0.2334723847528053,0.22010864555820056
8.18,0.006266596000080011,0.012533192000159985,0.018799788000239962,0.026841397317342662,0.034883006634445365,0.04360375829305671,0.05232450995166805,0.061045261610279386,0.06976601326889073,0.07848676492750191,0.08720751658611309,0.09592826824472428,0.10464901990333549,0.11336977156194697,0.12209052322055847,0.13081127487916996,0.13953202653778146,0.14476447753294802,0.14999692852811458,0.15522937952328114,0.16046183051844773,0.16395013118189244,0.16743843184533716,0.17092673250878188,0.1744150331722266,0.17964748416739346,0.18487993516256035,0.19011238615772724,0.19534483715289414,0.19534483715289414,0.19534483715289414,0.19534483715289414,0.19534483715289414,0.2146578593655405,0.23397088157818685,0.2532839037908332,0.2725969260034796,0.2592804095033098,0.24596389300314006,0.2326473765029703,0.21933086000280055
8.19,0.006244373555640011,0.012488747111279987,0.018733120666919963,0.026746213032195033,0.0347593053974701,0.04344913174683763,0.052138958096205154,0.06082878444557268,0.0695186107949402,0.07820843714430757,0.08689826349367494,0.09558808984304232,0.10427791619240971,0.11296774254177738,0.12165756889114505,0.13034739524051273,0.1390372215898804,0.1442511173995007,0.14946501320912098,0.15467890901874126,0.15989280482836155,0.16336873536810873,0.1668446659078559,0.1703205964476031,0.1737965269873503,0.17901042279697088,0.18422431860659147,0.18943821441621206,0.19465211022583268,0.19465211022583268,0.19465211022583268,0.19465211022583268,0.19465211022583268,0.21389664508695938,0.2331411799480861,0.25238571480921285,0.2716302496703396,0.25836095586460484,0.24509166205887006,0.2318223682531353,0.21855307444740055
8.2,0.0062221511112000106,0.012444302222399988,0.018666453333599963,0.026651028747047403,0.03463560416049484,0.04329450520061855,0.05195340624074226,0.060612307280865974,0.06927120832098968,0.07793010936111323,0.08658901040123679,0.09524791144136036,0.10390681248148394,0.1125657135216078,0.12122461456173166,0.12988351560185551,0.13854241664197936,0.14373775726605334,0.14893309789012732,0.15412843851420133,0.15932377913827536,0.162787339554325,0.16625089997037468,0.16971446038642435,0.173178020802474,0.1783733614265483,0.1835687020506226,0.1887640426746969,0.19395938329877122,0.19395938329877122,0.19395938329877122,0.19395938329877122,0.19395938329877122,0.2131354308083783,0.23231147831798538,0.2514875258275925,0.2706635733371996,0.2574415022258998,0.24421943111460004,0.2309973600033003,0.21777528889200054
8.21,0.0061999286667600104,0.012399857333519986,0.018599786000279964,0.02655584446189977,0.03451190292351958,0.04313987865439947,0.051767854385279366,0.06039583011615926,0.06902380584703915,0.0776517815779189,0.08627975730879864,0.0949077330396784,0.10353570877055816,0.11216368450143821,0.12079166023231824,0.12941963596319828,0.1380476116940783,0.143224397132606,0.14840118257113372,0.15357796800966145,0.15875475344818918,0.1622059437405413,0.1656571340328934,0.16910832432524553,0.1725595146175977,0.17773630005612567,0.18291308549465368,0.18808987093318172,0.19326665637170976,0.19326665637170976,0.19326665637170976,0.19326665637170976,0.19326665637170976,0.21237421652979718,0.2314817766878846,0.25058933684597207,0.2696968970040596,0.2565220485871948,0.24334720017033004,0.2301723517534653,0.21699750333660053
8.22,0.00617770622232001,0.012355412444639988,0.018533118666959964,0.026460660176752138,0.034388201686544315,0.0429852521081804,0.05158230252981647,0.06017935295145255,0.06877640337308863,0.07737345379472456,0.08597050421636049,0.09456755463799643,0.10316460505963239,0.1117616554812686,0.12035870590290482,0.12895575632454104,0.13755280674617726,0.14271103699915869,0.1478692672521401,0.15302749750512157,0.158185727758103,0.16162454792675757,0.16506336809541217,0.16850218826406677,0.1719410084327214,0.1770992386857031,0.18225746893868483,0.18741569919166656,0.1925739294446483,0.1925739294446483,0.1925739294446483,0.1925739294446483,0.1925739294446483,0.2116130022512161,0.2306520750577839,0.24969114786435173,0.26873022067091956,0.2556025949484898,0.24247496922606004,0.22934734350363029,0.21621971778120053
8.23,0.00615548377788001,0.012310967555759987,0.018466451333639965,0.02636547589160451,0.03426450044956905,0.042830625561961315,0.05139675067435358,0.05996287578674584,0.0685290008991381,0.07709512601153022,0.08566125112392234,0.09422737623631447,0.10279350134870661,0.11135962646109901,0.1199257515734914,0.1284918766858838,0.1370580017982762,0.14219767686571133,0.14733735193314648,0.15247702700058163,0.1576167020680168,0.16104315211297388,0.16446960215793094,0.167896052202888,0.1713225022478451,0.17646217731528052,0.18160185238271595,0.18674152745015138,0.19188120251758684,0.19188120251758684,0.19188120251758684,0.19188120251758684,0.19188120251758684,0.21085178797263499,0.22982237342768316,0.24879295888273134,0.26776354433777955,0.25468314130978476,0.24160273828179002,0.22852233525379528,0.21544193222580052
8.24,0.00613326133344001,0.012266522666879987,0.018399784000319965,0.02627029160645688,0.03414079921259379,0.04267599901574223,0.051211198818890684,0.059746398622039135,0.06828159842518758,0.07681679822833588,0.08535199803148419,0.09388719783463251,0.10242239763778084,0.11095759744092942,0.11949279724407799,0.12802799704722656,0.13656319685037516,0.141684316732264,0.14680543661415288,0.15192655649604175,0.15704767637793063,0.16046175629919018,0.1638758362204497,0.16728991614170924,0.1707039960629688,0.17582511594485795,0.18094623582674707,0.18606735570863622,0.19118847559052538,0.19118847559052538,0.19118847559052538,0.19118847559052538,0.19118847559052538,0.2100905736940539,0.22899267179758243,0.24789476990111098,0.26679686800463953,0.25376368767107976,0.24073050733752,0.22769732700396025,0.2146641466704005
8.25,0.00611103888900001,0.012222077777999989,0.018333116666999966,0.026175107321309246,0.03401709797561853,0.04252137246952316,0.05102564696342779,0.05952992145733242,0.06803419595123705,0.07653847044514155,0.08504274493904604,0.09354701943295055,0.10205129392685507,0.11055556842075981,0.11905984291466457,0.12756411740856932,0.1360683919024741,0.14117095659881668,0.14627352129515925,0.15137608599150185,0.15647865068784444,0.15988036048540644,0.16328207028296846,0.16668378008053047,0.1700854898780925,0.17518805457443531,0.18029061927077816,0.18539318396712104,0.19049574866346392,0.19049574866346392,0.19049574866346392,0.19049574866346392,0.19049574866346392,0.20932935941547282,0.22816297016748172,0.24699658091949062,0.2658301916714995,0.25284423403237477,0.23985827639325003,0.22687231875412528,0.2138863611150005
8.26,0.00608881644456001,0.012177632889119987,0.018266449333679966,0.026079923036161613,0.033893396738643264,0.04236674592330408,0.050840095107964896,0.05931344429262571,0.06778679347728653,0.07626014266194721,0.08473349184660789,0.09320684103126858,0.10168019021592929,0.11015353940059022,0.11862688858525117,0.1271002377699121,0.13557358695457306,0.14065759646536935,0.14574160597616564,0.15082561548696194,0.15590962499775826,0.15929896467162274,0.16268830434548723,0.1660776440193517,0.1694669836932162,0.17455099320401274,0.1796350027148093,0.18471901222560588,0.18980302173640246,0.18980302173640246,0.18980302173640246,0.18980302173640246,0.18980302173640246,0.2085681451368917,0.22733326853738095,0.24609839193787023,0.2648635153383595,0.2519247803936697,0.23898604544897997,0.22604731050429022,0.2131085755596005
8.27,0.00606659400012001,0.012133188000239988,0.018199782000359967,0.025984738751013984,0.033769695501668,0.042212119377085,0.050654543252502,0.059096967127919,0.067539391003336,0.07598181487875287,0.08442423875416974,0.09286666262958662,0.10130908650500352,0.10975151038042064,0.11819393425583775,0.12663635813125487,0.135078782006672,0.14014423633192202,0.14520969065717204,0.15027514498242206,0.15534059930767208,0.15871756885783903,0.16209453840800597,0.16547150795817295,0.1688484775083399,0.17391393183359016,0.17897938615884043,0.1840448404840907,0.189110294809341,0.189110294809341,0.189110294809341,0.189110294809341,0.189110294809341,0.2078069308583106,0.2265035669072802,0.24520020295624984,0.2638968390052195,0.25100532675496473,0.23811381450470998,0.22522230225445522,0.2123307900042005
8.28,0.00604437155568001,0.01208874311135999,0.018133114667039967,0.025889554465866355,0.03364599426469274,0.04205749283086592,0.05046899139703911,0.058880489963212296,0.06729198852938548,0.07570348709555853,0.08411498566173159,0.09252648422790466,0.10093798279407774,0.10934948136025105,0.11776097992642436,0.12617247849259766,0.13458397705877095,0.13963087619847467,0.14467777533817838,0.14972467447788212,0.1547715736175859,0.1581361730440553,0.16150077247052474,0.16486537189699418,0.1682299713234636,0.1732768704631676,0.17832376960287155,0.18337066874257554,0.18841756788227954,0.18841756788227954,0.18841756788227954,0.18841756788227954,0.18841756788227954,0.2070457165797295,0.22567386527717948,0.24430201397462947,0.26293016267207947,0.25008587311625974,0.23724158356043998,0.22439729400462022,0.21155300444880049
8.29,0.0060221491112400095,0.012044298222479988,0.018066447333719968,0.02579437018071872,0.033522293027717476,0.041902866284646845,0.050283439541576214,0.05866401279850558,0.06704458605543495,0.0754251593123642,0.08380573256929344,0.0921863058262227,0.10056687908315197,0.10894745234008146,0.11732802559701094,0.12570859885394042,0.1340891721108699,0.13911751606502734,0.14414586001918478,0.14917420397334225,0.1542025479274997,0.1575547772302716,0.16090700653304346,0.16425923583581536,0.1676114651385873,0.17263980909274496,0.17766815304690264,0.18269649700106036,0.18772484095521808,0.18772484095521808,0.18772484095521808,0.18772484095521808,0.18772484095521808,0.20628450230114842,0.22484416364707877,0.2434038249930091,0.26196348633893946,0.2491664194775547,0.23636935261616995,0.22357228575478522,0.21077521889340048
8.3,0.005999926666800009,0.01199985333359999,0.017999780000399968,0.02569918589557109,0.03339859179074221,0.04174823973842777,0.05009788768611332,0.05844753563379887,0.06679718358148443,0.07514683152916986,0.08349647947685529,0.09184612742454074,0.1001957753722262,0.10854542331991185,0.11689507126759752,0.12524471921528318,0.13359436716296885,0.13860415593158001,0.14361394470019118,0.14862373346880237,0.15363352223741353,0.15697338141648787,0.16031324059556223,0.1636530997746366,0.166992958953711,0.17200274772232238,0.1770125364909338,0.1820223252595452,0.18703211402815662,0.18703211402815662,0.18703211402815662,0.18703211402815662,0.18703211402815662,0.2055232880225673,0.224014462016978,0.24250563601138872,0.26099681000579944,0.2482469658388497,0.23549712167189996,0.22274727750495021,0.20999743333800047
8.31,0.005977704222360009,0.011955408444719989,0.01793311266707997,0.02560400161042346,0.03327489055376695,0.04159361319220869,0.049912335830650426,0.05823105846909216,0.0665497811075339,0.07486850374597552,0.08318722638441714,0.09150594902285877,0.09982467166130042,0.10814339429974226,0.1164621169381841,0.12478083957662595,0.1330995622150678,0.13809079579813266,0.14308202938119755,0.14807326296426243,0.15306449654732734,0.15639198560270418,0.159719474658081,0.16304696371345784,0.1663744527688347,0.1713656863518998,0.1763569199349649,0.18134815351803002,0.18633938710109516,0.18633938710109516,0.18633938710109516,0.18633938710109516,0.18633938710109516,0.2047620737439862,0.22318476038687726,0.24160744702976833,0.2600301336726594,0.24732751220014468,0.23462489072762993,0.2219222692551152,0.20921964778260047
8.32,0.005955481777920009,0.011910963555839989,0.01786644533375997,0.02550881732527583,0.03315118931679169,0.041438986645989606,0.04972678397518753,0.05801458130438546,0.06630237863358338,0.07459017596278118,0.08287797329197899,0.09116577062117681,0.09945356795037465,0.10774136527957268,0.11602916260877069,0.12431695993796872,0.13260475726716675,0.13757743566468533,0.14255011406220394,0.14752279245972255,0.15249547085724116,0.15581058978892048,0.15912570872059978,0.16244082765227907,0.1657559465839584,0.17072862498147723,0.17570130337899603,0.18067398177651486,0.1856466601740337,0.1856466601740337,0.1856466601740337,0.1856466601740337,0.1856466601740337,0.2040008594654051,0.22235505875677652,0.24070925804814797,0.2590634573395194,0.24640805856143966,0.2337526597833599,0.22109726100528018,0.20844186222720046
8.33,0.005933259333480009,0.01186651866695999,0.01779977800043997,0.025413633040128197,0.033027488079816425,0.04128436009977053,0.04954123211972464,0.057798104139678744,0.06605497615963285,0.07431184817958685,0.08256872019954084,0.09082559221949485,0.09908246423944887,0.10733933625940306,0.11559620827935727,0.12385308029931148,0.1321099523192657,0.137064075531238,0.1420181987432103,0.14697232195518264,0.15192644516715498,0.15522919397513674,0.15853194278311852,0.1618346915911003,0.1651374403990821,0.1700915636110546,0.17504568682302712,0.17999981003499968,0.18495393324697224,0.18495393324697224,0.18495393324697224,0.18495393324697224,0.18495393324697224,0.20323964518682403,0.22152535712667581,0.2398110690665276,0.2580967810063794,0.24548860492273464,0.23288042883908988,0.22027225275544515,0.20766407667180045
8.34,0.005911036889040009,0.011822073778079988,0.01773311066711997,0.025318448754980565,0.03290378684284116,0.041129733553551456,0.04935568026426174,0.05758162697497203,0.06580757368568232,0.07403352039639251,0.08225946710710269,0.09048541381781289,0.0987113605285231,0.10693730723923348,0.11516325394994387,0.12338920066065426,0.13161514737136465,0.13655071539779068,0.1414862834242167,0.14642185145064274,0.1513574194770688,0.15464779816135305,0.1579381768456373,0.16122855552992155,0.1645189342142058,0.16945450224063202,0.17439007026705827,0.17932563829348452,0.18426120631991078,0.18426120631991078,0.18426120631991078,0.18426120631991078,0.18426120631991078,0.2024784309082429,0.22069565549657505,0.23891288008490721,0.2571301046732394,0.24456915128402962,0.23200819789481988,0.21944724450561015,0.20688629111640044
8.35,0.005888814444600009,0.01177762888919999,0.01766644333379997,0.025223264469832935,0.0327800856058659,0.040975107007332374,0.04917012840879885,0.057365149810265324,0.0655601712117318,0.07375519261319817,0.08195021401466454,0.09014523541613093,0.09834025681759732,0.10653527821906389,0.11473029962053045,0.12292532102199702,0.1311203424234636,0.13603735526434335,0.1409543681052231,0.14587138094610286,0.1507883937869826,0.15406640234756933,0.15734441090815604,0.16062241946874278,0.1639004280293295,0.16881744087020945,0.1737344537110894,0.17865146655196934,0.18356847939284932,0.18356847939284932,0.18356847939284932,0.18356847939284932,0.18356847939284932,0.2017172166296618,0.2198659538664743,0.23801469110328682,0.25616342834009936,0.24364969764532463,0.2311359669505499,0.21862223625577515,0.20610850556100044
8.36,0.005866592000160009,0.011733184000319991,0.01759977600047997,0.025128080184685306,0.03265638436889064,0.04082048046111329,0.048984576553335955,0.05714867264555862,0.06531276873778127,0.07347686483000383,0.08164096092222639,0.08980505701444896,0.09796915310667155,0.1061332491988943,0.11429734529111704,0.1224614413833398,0.13062553747556255,0.135523995130896,0.14042245278622945,0.14532091044156292,0.15021936809689643,0.1534850065337856,0.1567506449706748,0.16001628340756402,0.1632819218444532,0.16818037949978687,0.1730788371551205,0.17797729481045418,0.18287575246578786,0.18287575246578786,0.18287575246578786,0.18287575246578786,0.18287575246578786,0.20095600235108071,0.21903625223637357,0.23711650212166646,0.25519675200695935,0.2427302440066196,0.23026373600627986,0.21779722800594015,0.20533072000560043
8.37,0.0058443695557200085,0.01168873911143999,0.017533108667159972,0.025032895899537673,0.032532683131915374,0.04066585391489422,0.04879902469787306,0.056932195480851905,0.06506536626383075,0.0731985370468095,0.08133170782978824,0.089464878612767,0.09759804939574578,0.10573122017872469,0.11386439096170362,0.12199756174468256,0.1301307325276615,0.13501063499744867,0.13989053746723584,0.14477043993702304,0.14965034240681024,0.1529036107200019,0.15615687903319353,0.1594101473463852,0.1626634156595769,0.16754331812936424,0.1724232205991516,0.177303123068939,0.1821830255387264,0.1821830255387264,0.1821830255387264,0.1821830255387264,0.1821830255387264,0.20019478807249963,0.21820655060627286,0.2362183131400461,0.25423007567381933,0.24181079036791459,0.22939150506200987,0.21697221975610514,0.20455293445020042
8.38,0.005822147111280008,0.01164429422255999,0.017466441333839972,0.02493771161439004,0.03240898189494011,0.04051122736867514,0.04861347284241017,0.05671571831614519,0.06481796378988022,0.07292020926361516,0.08102245473735009,0.08912470021108504,0.09722694568482,0.1053291911585551,0.11343143663229022,0.12153368210602533,0.12963592757976045,0.13449727486400134,0.13935862214824224,0.14421996943248316,0.14908131671672406,0.15232221490621817,0.1555631130957123,0.15880401128520644,0.1620449094747006,0.16690625675894166,0.17176760404318275,0.17662895132742384,0.18149029861166494,0.18149029861166494,0.18149029861166494,0.18149029861166494,0.18149029861166494,0.19943357379391852,0.2173768489761721,0.2353201241584257,0.2532633993406793,0.2408913367292096,0.22851927411773987,0.21614721150627014,0.20377514889480042
8.39,0.005799924666840008,0.01159984933367999,0.017399774000519973,0.02484252732924241,0.03228528065796485,0.04035660082245606,0.04842792098694727,0.056499241151438485,0.0645705613159297,0.07264188148042082,0.08071320164491194,0.08878452180940308,0.09685584197389423,0.10492716213838552,0.1129984823028768,0.12106980246736809,0.1291411226318594,0.133983914730554,0.1388267068292486,0.14366949892794323,0.14851229102663788,0.15174081909243448,0.15496934715823107,0.15819787522402767,0.1614264032898243,0.1662691953885191,0.17111198748721387,0.17595477958590866,0.18079757168460348,0.18079757168460348,0.18079757168460348,0.18079757168460348,0.18079757168460348,0.1986723595153374,0.21654714734607136,0.23442193517680532,0.2522967230075393,0.23997188309050457,0.22764704317346984,0.21532220325643514,0.2029973633394004
8.4,0.005777702222400008,0.01155540444479999,0.017333106667199973,0.02474734304409478,0.032161579420989586,0.04020197427623698,0.04824236913148438,0.05628276398673178,0.06432315884197917,0.07236355369722648,0.08040394855247379,0.08844434340772112,0.09648473826296845,0.10452513311821593,0.11256552797346339,0.12060592282871087,0.12864631768395834,0.13347055459710666,0.138294791510255,0.14311902842340335,0.1479432653365517,0.15115942327865078,0.15437558122074985,0.1575917391628489,0.160807897104948,0.1656321340180965,0.170456370931245,0.1752806078443935,0.18010484475754202,0.18010484475754202,0.18010484475754202,0.18010484475754202,0.18010484475754202,0.19791114523675632,0.21571744571597062,0.23352374619518496,0.2513300466743993,0.23905242945179955,0.22677481222919982,0.2144971950066001,0.2022195777840004
8.41,0.005755479777960008,0.011510959555919992,0.017266439333879974,0.02465215875894715,0.03203787818401432,0.040047347730017904,0.048056817276021485,0.056066286822025066,0.06407575636802865,0.07208522591403214,0.08009469546003564,0.08810416500603915,0.09611363455204268,0.10412310409804632,0.11213257364404997,0.12014204319005363,0.1281515127360573,0.13295719446365933,0.13776287619126137,0.14256855791886344,0.1473742396464655,0.15057802746486704,0.1537818152832686,0.15698560310167015,0.1601893909200717,0.16499507264767388,0.1698007543752761,0.17460643610287832,0.17941211783048056,0.17941211783048056,0.17941211783048056,0.17941211783048056,0.17941211783048056,0.19714993095817523,0.21488774408586991,0.2326255572135646,0.2503633703412593,0.23813297581309453,0.2259025812849298,0.21367218675676508,0.2014417922286004
8.42,0.005733257333520008,0.01146651466703999,0.017199772000559974,0.024556974473799516,0.03191417694703906,0.03989272118379883,0.04787126542055859,0.05584980965731835,0.06382835389407812,0.0718068981308378,0.07978544236759749,0.08776398660435719,0.0957425308411169,0.10372107507787673,0.11169961931463657,0.1196781635513964,0.12765670778815624,0.132443834330212,0.13723096087226777,0.14201808741432354,0.14680521395637933,0.14999663165108335,0.15318804934578736,0.15637946704049138,0.1595708847351954,0.1643580112772513,0.16914513781930723,0.17393226436136316,0.1787193909034191,0.1787193909034191,0.1787193909034191,0.1787193909034191,0.1787193909034191,0.19638871667959412,0.21405804245576918,0.23172736823194423,0.24939669400811929,0.23721352217438957,0.22503035034065982,0.2128471785069301,0.2006640066732004
8.43,0.005711034889080008,0.011422069778159991,0.017133104667239975,0.024461790188651886,0.0317904757100638,0.03973809463757975,0.0476857135650957,0.05563333249261165,0.0635809514201276,0.07152857034764347,0.07947618927515934,0.08742380820267523,0.09537142713019113,0.10331904605770714,0.11126666498522315,0.11921428391273917,0.1271619028402552,0.13193047419676468,0.13669904555327417,0.14146761690978366,0.14623618826629314,0.14941523583729963,0.1525942834083061,0.15577333097931262,0.1589523785503191,0.16372094990682873,0.16848952126333835,0.17325809261984798,0.17802666397635764,0.17802666397635764,0.17802666397635764,0.17802666397635764,0.17802666397635764,0.19562750240101304,0.21322834082566844,0.23082917925032387,0.2484300176749793,0.23629406853568455,0.2241581193963898,0.21202217025709508,0.19988622111780038
8.44,0.005688812444640008,0.011377624889279993,0.017066437333919975,0.024366605903504257,0.031666774473088535,0.039583468091360666,0.0475001617096328,0.05541685532790494,0.06333354894617707,0.07125024256444913,0.07916693618272119,0.08708362980099327,0.09500032341926536,0.10291701703753756,0.11083371065580974,0.11875040427408194,0.12666709789235414,0.13141711406331733,0.1361671302342805,0.14091714640524372,0.14566716257620696,0.1488338400235159,0.15200051747082488,0.15516719491813386,0.1583338723654428,0.16308388853640615,0.16783390470736947,0.17258392087833282,0.17733393704929618,0.17733393704929618,0.17733393704929618,0.17733393704929618,0.17733393704929618,0.19486628812243195,0.21239863919556773,0.2299309902687035,0.2474633413418393,0.23537461489697958,0.22328588845211983,0.2111971620072601,0.19910843556240038
8.45,0.0056665900002000075,0.01133318000039999,0.016999770000599976,0.024271421618356624,0.03154307323611327,0.03942884154514159,0.04731460985416991,0.05520037816319823,0.06308614647222655,0.0709719147812548,0.07885768309028304,0.0867434513993113,0.09462921970833958,0.10251498801736794,0.11040075632639632,0.1182865246354247,0.1261722929444531,0.13090375392987,0.1356352149152869,0.14036667590070384,0.14509813688612078,0.1482524442097322,0.1514067515333436,0.15456105885695504,0.1577153661805665,0.16244682716598352,0.16717828815140057,0.17190974913681764,0.17664121012223472,0.17664121012223472,0.17664121012223472,0.17664121012223472,0.17664121012223472,0.19410507384385084,0.211568937565467,0.22903280128708314,0.24649666500869932,0.23445516125827456,0.2224136575078498,0.21037215375742507,0.19833065000700037
8.46,0.005644367555760007,0.011288735111519992,0.016933102667279976,0.02417623733320899,0.03141937199913801,0.039274214998922516,0.047129057998707015,0.054983900998491514,0.06283874399827602,0.07069358699806046,0.07854842999784489,0.08640327299762934,0.09425811599741381,0.10211295899719836,0.10996780199698292,0.11782264499676748,0.12567748799655204,0.13039039379642267,0.1351032995962933,0.13981620539616396,0.1445291111960346,0.14767104839594847,0.15081298559586237,0.15395492279577627,0.1570968599956902,0.16180976579556094,0.16652267159543171,0.17123557739530249,0.17594848319517326,0.17594848319517326,0.17594848319517326,0.17594848319517326,0.17594848319517326,0.19334385956526975,0.21073923593536625,0.22813461230546278,0.24552998867555934,0.2335357076195696,0.22154142656357984,0.2095471455075901,0.19755286445160036
8.47,0.005622145111320007,0.011244290222639992,0.016866435333959977,0.024081053048061362,0.03129567076216275,0.039119588452703434,0.04694350614324412,0.05476742383378481,0.0625913415243255,0.07041525921486612,0.07823917690540674,0.08606309459594738,0.09388701228648803,0.10171092997702877,0.1095348476675695,0.11735876535811024,0.125182683048651,0.12987703366297532,0.13457138427729967,0.13926573489162403,0.1439600855059484,0.14708965258216478,0.15021921965838114,0.1533487867345975,0.1564783538108139,0.16117270442513837,0.16586705503946284,0.1705614056537873,0.1752557562681118,0.1752557562681118,0.1752557562681118,0.1752557562681118,0.1752557562681118,0.19258264528668867,0.20990953430526554,0.22723642332384245,0.24456331234241935,0.23261625398086458,0.2206691956193098,0.20872213725775507,0.19677507889620036
8.48,0.005599922666880007,0.011199845333759992,0.016799768000639977,0.023985868762913733,0.031171969525187485,0.03896496190648435,0.04675795428778123,0.0545509466690781,0.06234393905037497,0.07013693143167178,0.0779299238129686,0.08572291619426542,0.09351590857556226,0.10130890095685918,0.10910189333815609,0.11689488571945301,0.12468787810074994,0.129363673529528,0.13403946895830607,0.13871526438708415,0.14339105981586223,0.14650825676838108,0.14962545372089991,0.15274265067341875,0.1558598476259376,0.1605356430547158,0.16521143848349396,0.16988723391227215,0.17456302934105034,0.17456302934105034,0.17456302934105034,0.17456302934105034,0.17456302934105034,0.19182143100810758,0.20907983267516483,0.2263382343422221,0.24359663600927936,0.23169680034215961,0.21979696467503984,0.2078971290079201,0.19599729334080035
8.49,0.005577700222440007,0.011155400444879993,0.016733100667319978,0.0238906844777661,0.031048268288212225,0.038810335360265284,0.04657240243231834,0.054334469504371395,0.06209653657642445,0.06985860364847744,0.07762067072053044,0.08538273779258346,0.09314480486463649,0.1009068719366896,0.1086689390087427,0.11643100608079579,0.1241930731528489,0.12885031339608066,0.13350755363931244,0.13816479388254424,0.14282203412577604,0.14592686095459734,0.14903168778341866,0.15213651461223998,0.1552413414410613,0.15989858168429316,0.16455582192752505,0.16921306217075696,0.17387030241398888,0.17387030241398888,0.17387030241398888,0.17387030241398888,0.17387030241398888,0.1910602167295265,0.20825013104506412,0.22544004536060175,0.24262995967613937,0.2307773467034546,0.21892473373076982,0.20707212075808507,0.19521950778540034
8.5,0.005555477778000007,0.011110955555999991,0.01666643333399998,0.023795500192618474,0.030924567051236966,0.0386557088140462,0.046386850576855446,0.05411799233966469,0.06184913410247393,0.06958027586528312,0.07731141762809232,0.08504255939090152,0.09277370115371071,0.10050484291651998,0.10823598467932927,0.11596712644213857,0.12369826820494786,0.12833695326263334,0.13297563832031883,0.13761432337800433,0.14225300843568986,0.14534546514081365,0.14843792184593743,0.15153037855106122,0.154622835256185,0.15926152031387059,0.1639002053715562,0.1685388904292418,0.17317757548692742,0.17317757548692742,0.17317757548692742,0.17317757548692742,0.17317757548692742,0.1902990024509454,0.2074204294149634,0.22454185637898139,0.24166328334299939,0.22985789306474963,0.21805250278649985,0.2062471125082501,0.19444172223000034
8.51,0.005533255333560007,0.011066510667119993,0.01659976600067998,0.02370031590747084,0.030800865814261707,0.038501082267827134,0.04620129872139256,0.05390151517495799,0.061601731628523414,0.0693019480820888,0.07700216453565417,0.08470238098921956,0.09240259744278494,0.1001028138963504,0.10780303034991587,0.11550324680348134,0.12320346325704683,0.12782359312918604,0.13244372300132523,0.13706385287346445,0.14168398274560368,0.14476406932702993,0.14784415590845618,0.15092424248988245,0.1540043290713087,0.158624458943448,0.16324458881558732,0.16786471868772662,0.17248484855986596,0.17248484855986596,0.17248484855986596,0.17248484855986596,0.17248484855986596,0.1895377881723643,0.20659072778486265,0.22364366739736102,0.2406966070098594,0.2289384394260446,0.21718027184222982,0.20542210425841506,0.19366393667460033
8.52,0.005511032889120007,0.011022065778239994,0.01653309866735998,0.023605131622323215,0.030677164577286448,0.03834645572160806,0.04601574686592967,0.05368503801025128,0.061354329154572895,0.06902362029889446,0.07669291144321602,0.0843622025875376,0.09203149373185916,0.09970078487618081,0.10737007602050247,0.11503936716482413,0.12270865830914579,0.1273102329957387,0.13191180768233163,0.13651338236892457,0.1411149570555175,0.1441826735132462,0.14725038997097495,0.1503181064287037,0.1533858228864324,0.15798739757302543,0.16258897225961844,0.16719054694621147,0.1717921216328045,0.1717921216328045,0.1717921216328045,0.1717921216328045,0.1717921216328045,0.18877657389378322,0.20576102615476194,0.22274547841574066,0.2397299306767194,0.22801898578733965,0.21630804089795985,0.2045970960085801,0.19288615111920032
8.53,0.005488810444680007,0.010977620889359992,0.01646643133403998,0.023509947337175582,0.03055346334031119,0.038191829175388985,0.045830195010466784,0.05346856084554458,0.06110692668062238,0.06874529251570012,0.07638365835077787,0.08402202418585564,0.09166039002093339,0.09929875585601122,0.10693712169108907,0.11457548752616692,0.12221385336124475,0.12679687286229138,0.13137989236333802,0.13596291186438467,0.1405459313654313,0.1436012776994625,0.14665662403349367,0.14971197036752487,0.1527673167015561,0.1573503362026028,0.16193335570364953,0.16651637520469628,0.17109939470574304,0.17109939470574304,0.17109939470574304,0.17109939470574304,0.17109939470574304,0.1880153596152021,0.2049313245246612,0.2218472894341203,0.23876325434357942,0.22709953214863463,0.21543580995368983,0.20377208775874506,0.19210836556380032
8.54,0.0054665880002400065,0.010933176000479994,0.01639976400071998,0.023414763052027956,0.03042976210333593,0.03803720262916992,0.0456446431550039,0.05325208368083788,0.06085952420667186,0.0684669647325058,0.07607440525833974,0.08368184578417368,0.09128928631000761,0.09889672683584164,0.10650416736167566,0.11411160788750968,0.12171904841334372,0.12628351272884408,0.13084797704434442,0.13541244135984476,0.13997690567534513,0.14301988188567877,0.14606285809601244,0.1491058343063461,0.1521488105166798,0.15671327483218023,0.16127773914768068,0.16584220346318113,0.17040666777868158,0.17040666777868158,0.17040666777868158,0.17040666777868158,0.17040666777868158,0.18725414533662102,0.20410162289456046,0.22094910045249994,0.23779657801043944,0.22618007850992966,0.21456357900941986,0.20294707950891008,0.1913305800084003
8.55,0.005444365555800006,0.010888731111599994,0.01633309666739998,0.023319578766880324,0.03030606086636067,0.037882576082950835,0.045459091299541,0.05303560651613117,0.06061212173272134,0.06818863694931146,0.07576515216590159,0.08334166738249171,0.09091818259908184,0.09849469781567205,0.10607121303226226,0.11364772824885247,0.12122424346544268,0.12577015259539676,0.13031606172535082,0.13486197085530488,0.13940787998525894,0.14243848607189508,0.1454690921585312,0.14849969824516734,0.1515303043318035,0.15607621346175765,0.1606221225917118,0.16516803172166594,0.16971394085162012,0.16971394085162012,0.16971394085162012,0.16971394085162012,0.16971394085162012,0.18649293105803993,0.20327192126445975,0.2200509114708796,0.23682990167729945,0.22526062487122464,0.21369134806514983,0.20212207125907505,0.1905527944530003
8.56,0.005422143111360006,0.010844286222719993,0.01626642933407998,0.023224394481732698,0.03018235962938541,0.03772794953673177,0.045273539444078116,0.052819129351424465,0.06036471925877082,0.06791030916611712,0.07545589907346344,0.08300148898080975,0.09054707888815607,0.09809266879550246,0.10563825870284885,0.11318384861019525,0.12072943851754164,0.1252567924619494,0.12978414640635716,0.13431150035076495,0.13883885429517276,0.14185709025811138,0.14487532622104998,0.14789356218398858,0.1509117981469272,0.15543915209133508,0.15996650603574292,0.1644938599801508,0.16902121392455866,0.16902121392455866,0.16902121392455866,0.16902121392455866,0.16902121392455866,0.18573171677945885,0.20244221963435904,0.21915272248925927,0.23586322534415946,0.22434117123251968,0.21281911712087986,0.20129706300924008,0.1897750088976003
8.57,0.005399920666920006,0.010799841333839995,0.016199762000759982,0.023129210196585065,0.03005865839241015,0.03757332299051269,0.04508798758861523,0.052602652186717766,0.0601173167848203,0.0676319813829228,0.0751466459810253,0.08266131057912779,0.09017597517723029,0.09769063977533288,0.10520530437343545,0.11271996897153802,0.1202346335696406,0.12474343232850207,0.12925223108736356,0.13376102984622507,0.13826982860508658,0.14127569444432764,0.14428156028356873,0.14728742612280982,0.1502932919620509,0.15480209072091244,0.159310889479774,0.1638196882386356,0.1683284869974972,0.1683284869974972,0.1683284869974972,0.1683284869974972,0.1683284869974972,0.18497050250087776,0.20161251800425833,0.2182545335076389,0.23489654901101947,0.22342171759381466,0.21194688617660984,0.20047205475940505,0.1889972233422003
8.58,0.005377698222480006,0.010755396444959993,0.016133094667439982,0.02303402591143744,0.029934957155434892,0.03741869644429362,0.044902435733152335,0.05238617502201106,0.059869914310869785,0.06735365359972847,0.07483739288858715,0.08232113217744583,0.08980487146630452,0.09728861075516326,0.10477235004402202,0.1122560893328808,0.11973982862173957,0.12423007219505477,0.12872031576836998,0.1332105593416852,0.1377008029150004,0.14069429863054395,0.1436877943460875,0.14668129006163105,0.1496747857771746,0.15416502935048987,0.15865527292380516,0.16314551649712045,0.16763576007043574,0.16763576007043574,0.16763576007043574,0.16763576007043574,0.16763576007043574,0.18420928822229665,0.2007828163741576,0.21735634452601854,0.23392987267787949,0.2225022639551097,0.21107465523233987,0.19964704650957008,0.18821943778680028
8.59,0.005355475778040006,0.010710951556079994,0.016066427334119983,0.022938841626289806,0.029811255918459633,0.03726406989807454,0.04471688387768945,0.052169697857304353,0.059622511836919266,0.06707532581653414,0.074528139796149,0.08198095377576387,0.08943376775537874,0.09688658173499368,0.10433939571460862,0.11179220969422357,0.11924502367383853,0.12371671206160745,0.12818840044937635,0.13266008883714528,0.1371317772249142,0.14011290281676023,0.14309402840860624,0.1460751540004523,0.1490562795922983,0.1535279679800673,0.15799965636783628,0.16247134475560526,0.16694303314337428,0.16694303314337428,0.16694303314337428,0.16694303314337428,0.16694303314337428,0.18344807394371557,0.19995311474405686,0.21645815554439818,0.2329631963447395,0.22158281031640467,0.21020242428806984,0.19882203825973505,0.18744165223140027
8.6,0.005333253333600006,0.010666506667199996,0.015999760000799983,0.02284365734114218,0.029687554681484374,0.03710944335185547,0.04453133202222656,0.051953220692597654,0.05937510936296875,0.0667969980333398,0.07421888670371085,0.0816407753740819,0.08906266404445297,0.09648455271482409,0.10390644138519523,0.11132833005556636,0.1187502187259375,0.12320335192816012,0.12765648513038275,0.13210961833260537,0.13656275153482803,0.1395315070029765,0.14250026247112502,0.14546901793927353,0.148437773407422,0.15289090660964472,0.1573440398118674,0.1617971730140901,0.16625030621631282,0.16625030621631282,0.16625030621631282,0.16625030621631282,0.16625030621631282,0.18268685966513448,0.19912341311395615,0.21555996656277782,0.2319965200115995,0.2206633566776997,0.20933019334379988,0.19799703000990007,0.18666386667600027
8.61,0.005311030889160006,0.010622061778319994,0.015933092667479984,0.022748473055994547,0.029563853444509115,0.03695481680563639,0.044345780166763674,0.051736743527890955,0.05912770688901823,0.06651867025014546,0.0739096336112727,0.08130059697239994,0.0886915603335272,0.0960825236946545,0.10347348705578183,0.11086445041690915,0.11825541377803646,0.1226899917947128,0.12712456981138914,0.1315591478280655,0.13599372584474184,0.1389501111891928,0.14190649653364373,0.1448628818780947,0.1478192672225457,0.15225384523922209,0.1566884232558985,0.16112300127257492,0.16555757928925136,0.16555757928925136,0.16555757928925136,0.16555757928925136,0.16555757928925136,0.18192564538655337,0.1982937114838554,0.21466177758115745,0.23102984367845952,0.2197439030389947,0.20845796239952985,0.19717202176006504,0.18588608112060026
8.62,0.0052888084447200055,0.010577616889439995,0.015866425334159984,0.02265328877084692,0.029440152207533855,0.03680019025941732,0.044160228311300787,0.05152026636318425,0.05888030441506771,0.06624034246695112,0.07360038051883455,0.08096041857071798,0.08832045662260142,0.09568049467448492,0.10304053272636841,0.11040057077825191,0.11776060883013542,0.12217663166126548,0.12659265449239554,0.1310086773235256,0.13542470015465566,0.13836871537540907,0.1413127305961625,0.14425674581691594,0.1472007610376694,0.1516167838687995,0.15603280669992964,0.16044882953105977,0.1648648523621899,0.1648648523621899,0.1648648523621899,0.1648648523621899,0.1648648523621899,0.18116443110797228,0.19746400985375467,0.2137635885995371,0.23006316734531954,0.21882444940028972,0.20758573145525988,0.19634701351023007,0.18510829556520025
8.63,0.005266586000280005,0.010533172000559995,0.015799758000839985,0.02255810448569929,0.029316450970558596,0.03664556371319824,0.04397467645583789,0.05130378919847754,0.05863290194111719,0.0659620146837568,0.0732911274263964,0.08062024016903602,0.08794935291167565,0.09527846565431533,0.10260757839695502,0.1099366911395947,0.11726580388223438,0.12166327152781814,0.1260607391734019,0.13045820681898568,0.13485567446456947,0.13778731956162538,0.14071896465868128,0.14365060975573718,0.1465822548527931,0.15097972249837693,0.15537719014396076,0.15977465778954458,0.16417212543512844,0.16417212543512844,0.16417212543512844,0.16417212543512844,0.16417212543512844,0.1804032168293912,0.19663430822365396,0.21286539961791676,0.22909649101217955,0.2179049957615847,0.20671350051098986,0.19552200526039504,0.18433051000980025
8.64,0.005244363555840005,0.010488727111679995,0.015733090667519985,0.022462920200551663,0.029192749733583337,0.03649093716697917,0.043789124600375005,0.05108731203377084,0.058385499467166674,0.06568368690056246,0.07298187433395825,0.08028006176735406,0.08757824920074987,0.09487643663414574,0.1021746240675416,0.10947281150093748,0.11677099893433335,0.12114991139437083,0.1255288238544083,0.1299077363144458,0.1342866487744833,0.13720592374784168,0.14012519872120005,0.14304447369455842,0.1459637486679168,0.15034266112795436,0.15472157358799188,0.15910048604802943,0.16347939850806698,0.16347939850806698,0.16347939850806698,0.16347939850806698,0.16347939850806698,0.17964200255081011,0.19580460659355325,0.21196721063629642,0.22812981467903956,0.21698554212287974,0.2058412695667199,0.19469699701056006,0.18355272445440024
8.65,0.005222141111400005,0.010444282222799996,0.015666423334199986,0.02236773591540403,0.029069048496608078,0.0363363106207601,0.04360357274491212,0.05087083486906414,0.058138096993216155,0.06540535911736813,0.0726726212415201,0.0799398833656721,0.0872071454898241,0.09447440761397616,0.1017416697381282,0.10900893186228025,0.11627619398643231,0.12063655126092351,0.12499690853541472,0.12935726580990592,0.1337176230843971,0.13662452793405794,0.1395314327837188,0.14243833763337965,0.1453452424830405,0.14970559975753173,0.15406595703202297,0.15842631430651424,0.16278667158100552,0.16278667158100552,0.16278667158100552,0.16278667158100552,0.16278667158100552,0.17888078827222903,0.19497490496345254,0.21106902165467606,0.22716313834589957,0.21606608848417472,0.20496903862244986,0.19387198876072503,0.18277493889900023
8.66,0.005199918666960005,0.010399837333919994,0.015599756000879985,0.0222725516302564,0.02894534725963282,0.03618168407454102,0.043418020889449224,0.05065435770435743,0.05789069451926564,0.0651270313341738,0.07236336814908198,0.07959970496399016,0.08683604177889832,0.09407237859380654,0.10130871540871478,0.10854505222362303,0.11578138903853127,0.12012319112747617,0.12446499321642107,0.12880679530536598,0.13314859739431092,0.13604313212027425,0.13893766684623757,0.1418322015722009,0.1447267362981642,0.14906853838710915,0.15341034047605412,0.1577521425649991,0.16209394465394406,0.16209394465394406,0.16209394465394406,0.16209394465394406,0.16209394465394406,0.17811957399364792,0.1941452033333518,0.2101708326730557,0.22619646201275959,0.21514663484546975,0.2040968076781799,0.19304698051089006,0.18199715334360023
8.67,0.005177696222520005,0.010355392445039996,0.015533088667559985,0.02217736734510877,0.02882164602265756,0.03602705752832195,0.04323246903398634,0.05043788053965073,0.05764329204531512,0.06484870355097948,0.07205411505664383,0.0792595265623082,0.08646493806797255,0.09367034957363696,0.10087576107930138,0.1080811725849658,0.11528658409063024,0.11960983099402886,0.12393307789742748,0.1282563248008261,0.13257957170422474,0.13546173630649053,0.1383439009087563,0.14122606551102213,0.1441082301132879,0.14843147701668657,0.15275472392008524,0.1570779708234839,0.1614012177268826,0.1614012177268826,0.1614012177268826,0.1614012177268826,0.1614012177268826,0.17735835971506683,0.19331550170325107,0.20927264369143533,0.2252297856796196,0.21422718120676473,0.20322457673390987,0.19222197226105503,0.18121936778820022
8.68,0.005155473778080005,0.010310947556159994,0.015466421334239986,0.022082183059961142,0.0286979447856823,0.035872430982102875,0.04304691717852345,0.050221403374944025,0.0573958895713646,0.06457037576778514,0.07174486196420568,0.07891934816062623,0.08609383435704678,0.09326832055346737,0.10044280674988798,0.10761729294630859,0.1147917791427292,0.11909647086058153,0.12340116257843388,0.12770585429628623,0.13201054601413856,0.1348803404927068,0.13775013497127508,0.14061992944984336,0.1434897239284116,0.147794415646264,0.15209910736411636,0.15640379908196875,0.16070849079982114,0.16070849079982114,0.16070849079982114,0.16070849079982114,0.16070849079982114,0.17659714543648575,0.19248580007315036,0.20837445470981497,0.2242631093464796,0.21330772756805977,0.2023523457896399,0.19139696401122006,0.1804415822328002
8.69,0.005133251333640005,0.010266502667279995,0.015399754000919986,0.021986998774813513,0.02857424354870704,0.0357178044358838,0.04286136532306056,0.05000492621023732,0.05714848709741408,0.0642920479845908,0.07143560887176753,0.07857916975894427,0.085722730646121,0.09286629153329778,0.10000985242047458,0.10715341330765138,0.11429697419482816,0.1185831107271342,0.12286924725944026,0.12715538379174632,0.13144152032405237,0.1342989446789231,0.1371563690337938,0.14001379338866454,0.1428712177435353,0.14715735427584137,0.15144349080814745,0.15572962734045356,0.16001576387275968,0.16001576387275968,0.16001576387275968,0.16001576387275968,0.16001576387275968,0.17583593115790463,0.19165609844304962,0.2074762657281946,0.22329643301333962,0.21238827392935475,0.20148011484536987,0.19057195576138503,0.1796637966774002
8.7,0.0051110288892000045,0.010222057778399997,0.015333086667599987,0.021891814489665883,0.02845054231173178,0.03556317788966473,0.042675813467597676,0.04978844904553062,0.05690108462346356,0.06401372020139648,0.0711263557793294,0.07823899135726231,0.08535162693519523,0.0924642625131282,0.09957689809106117,0.10668953366899414,0.11380216924692713,0.11806975059368688,0.12233733194044664,0.1266049132872064,0.1308724946339662,0.13371754886513937,0.13656260309631257,0.13940765732748578,0.142252711558659,0.1465202929054188,0.1507878742521786,0.1550554555989384,0.15932303694569822,0.15932303694569822,0.15932303694569822,0.15932303694569822,0.15932303694569822,0.17507471687932355,0.19082639681294888,0.20657807674657425,0.22232975668019964,0.21146882029064978,0.2006078839010999,0.18974694751155005,0.1788860111220002
8.71,0.005088806444760004,0.010177612889519995,0.015266419334279987,0.021796630204518254,0.028326841074756522,0.03540855134344565,0.04249026161213478,0.04957197188082391,0.056653682149513045,0.06373539241820214,0.07081710268689125,0.07789881295558035,0.08498052322426945,0.09206223349295861,0.09914394376164777,0.10622565403033693,0.11330736429902609,0.11755639046023958,0.12180541662145306,0.12605444278266653,0.13030346894388,0.13313615305135568,0.13596883715883135,0.13880152126630702,0.1416342053737827,0.14588323153499622,0.15013225769620972,0.15438128385742322,0.15863031001863676,0.15863031001863676,0.15863031001863676,0.15863031001863676,0.15863031001863676,0.17431350260074246,0.18999669518284817,0.2056798877649539,0.22136308034705965,0.21054936665194476,0.19973565295682988,0.18892193926171502,0.1781082255666002
8.72,0.005066584000320004,0.010133168000639996,0.015199752000959988,0.021701445919370625,0.028203139837781263,0.03525392479722658,0.042304709756671895,0.04935549471611721,0.056406279675562526,0.0634570646350078,0.0705078495944531,0.07755863455389839,0.08460941951334368,0.09166020447278903,0.09871098943223436,0.1057617743916797,0.11281255935112505,0.11704303032679224,0.12127350130245942,0.12550397227812662,0.12973444325379382,0.13255475723757199,0.13537507122135012,0.13819538520512825,0.1410156991889064,0.14524617016457364,0.14947664114024084,0.15370711211590807,0.1579375830915753,0.1579375830915753,0.1579375830915753,0.1579375830915753,0.1579375830915753,0.17355228832216138,0.18916699355274746,0.20478169878333358,0.22039640401391966,0.2096299130132398,0.1988634220125599,0.18809693101188005,0.17733044001120019
8.73,0.005044361555880004,0.010088723111759996,0.015133084667639988,0.021606261634222995,0.028079438600806004,0.03509929825100751,0.04211915790120901,0.04913901755141051,0.05615887720161201,0.06317873685181348,0.07019859650201496,0.07721845615221642,0.0842383158024179,0.09125817545261944,0.09827803510282096,0.10529789475302248,0.11231775440322402,0.11652967019334493,0.12074158598346582,0.12495350177358673,0.12916541756370764,0.13197336142378824,0.13478130528386886,0.1375892491439495,0.1403971930040301,0.144609108794151,0.14882102458427193,0.15303294037439288,0.15724485616451384,0.15724485616451384,0.15724485616451384,0.15724485616451384,0.15724485616451384,0.1727910740435803,0.18833729192264675,0.20388350980171321,0.21942972768077967,0.20871045937453478,0.19799119106828988,0.18727192276204502,0.17655265445580018
8.74,0.005022139111440004,0.010044278222879996,0.015066417334319989,0.021511077349075366,0.027955737363830745,0.03494467170478843,0.041933606045746113,0.0489225403867038,0.05591147472766149,0.06290040906861916,0.06988934340957681,0.07687827775053446,0.08386721209149213,0.09085614643244982,0.09784508077340753,0.10483401511436526,0.11182294945532298,0.1160163100598976,0.12020967066447222,0.12440303126904684,0.12859639187362146,0.13139196561000455,0.13418753934638764,0.13698311308277072,0.1397786868191538,0.14397204742372843,0.14816540802830308,0.15235876863287773,0.15655212923745238,0.15655212923745238,0.15655212923745238,0.15655212923745238,0.15655212923745238,0.17202985976499918,0.18750759029254602,0.20298532082009285,0.2184630513476397,0.20779100573582981,0.19711896012401992,0.18644691451221004,0.17577486890040017
8.75,0.004999916667000004,0.009999833333999997,0.01499975000099999,0.021415893063927736,0.027832036126855485,0.03479004515856936,0.041748054190283226,0.048706063221997095,0.05566407225371097,0.06262208128542482,0.06958009031713866,0.0765380993488525,0.08349610838056636,0.09045411741228024,0.09741212644399413,0.10437013547570803,0.11132814450742194,0.11550294992645027,0.1196777553454786,0.12385256076450693,0.12802736618353527,0.13081056979622083,0.13359377340890638,0.13637697702159196,0.1391601806342775,0.14333498605330586,0.1475097914723342,0.15168459689136254,0.15585940231039092,0.15585940231039092,0.15585940231039092,0.15585940231039092,0.15585940231039092,0.1712686454864181,0.18667788866244528,0.2020871318384725,0.2174963750144997,0.2068715520971248,0.1962467291797499,0.185621906262375,0.17499708334500017
8.76,0.004977694222560004,0.009955388445119995,0.01493308266767999,0.021320708778780107,0.027708334889880226,0.03463541861235028,0.04156250233482034,0.048489586057290396,0.05541666977976045,0.06234375350223048,0.06927083722470051,0.07619792094717054,0.08312500466964058,0.09005208839211065,0.09697917211458074,0.10390625583705082,0.1108333395595209,0.11498958979300294,0.11914584002648498,0.12330209025996704,0.1274583404934491,0.1302291739824371,0.13300000747142515,0.1357708409604132,0.13854167444940121,0.14269792468288328,0.14685417491636532,0.1510104251498474,0.15516667538332946,0.15516667538332946,0.15516667538332946,0.15516667538332946,0.15516667538332946,0.170507431207837,0.18584818703234457,0.20118894285685213,0.2165296986813597,0.20595209845841983,0.19537449823547992,0.18479689801254004,0.17421929778960016
8.77,0.004955471778120004,0.009910943556239997,0.01486641533435999,0.021225524493632478,0.027584633652904967,0.03448079206613121,0.04137695047935745,0.048273108892583697,0.055169267305809934,0.062065425719036144,0.06896158413226236,0.07585774254548858,0.08275390095871481,0.08965005937194107,0.09654621778516734,0.10344237619839361,0.11033853461161987,0.11447622965955562,0.11861392470749138,0.12275161975542714,0.1268893148033629,0.1296477781686534,0.13240624153394387,0.13516470489923438,0.13792316826452491,0.14206086331246065,0.1461985583603964,0.1503362534083322,0.154473948456268,0.154473948456268,0.154473948456268,0.154473948456268,0.154473948456268,0.1697462169292559,0.18501848540224383,0.20029075387523176,0.21556302234821972,0.2050326448197148,0.1945022672912099,0.183971889762705,0.17344151223420015
8.78,0.0049332493336800036,0.009866498667359998,0.01479974800103999,0.02113034020848485,0.027460932415929708,0.03432616551991213,0.041191398623894565,0.04805663172787699,0.054921864831859415,0.06178709793584181,0.06865233103982421,0.07551756414380661,0.08238279724778903,0.08924803035177148,0.09611326345575393,0.10297849655973637,0.10984372966371883,0.11396286952610829,0.11808200938849776,0.12220114925088724,0.12632028911327672,0.12906638235486967,0.13181247559646264,0.13455856883805561,0.13730466207964862,0.14142380194203807,0.14554294180442756,0.14966208166681705,0.15378122152920654,0.15378122152920654,0.15378122152920654,0.15378122152920654,0.15378122152920654,0.16898500265067481,0.1841887837721431,0.1993925648936114,0.21459634601507974,0.20411319118100985,0.19363003634693993,0.18314688151287004,0.17266372667880014
8.79,0.0049110268892400034,0.009822053778479996,0.014733080667719991,0.02103515592333722,0.02733723117895445,0.03417153897369306,0.04100584676843167,0.047840154563170284,0.0546744623579089,0.06150877015264748,0.06834307794738606,0.07517738574212465,0.08201169353686326,0.08884600133160189,0.09568030912634053,0.10251461692107916,0.1093489247158178,0.11344950939266096,0.11755009406950415,0.12165067874634734,0.12575126342319054,0.12848498654108598,0.13121870965898141,0.13395243277687685,0.13668615589477232,0.1407867405716155,0.14488732524845868,0.14898790992530186,0.15308849460214508,0.15308849460214508,0.15308849460214508,0.15308849460214508,0.15308849460214508,0.16822378837209373,0.18335908214204238,0.19849437591199107,0.21362966968193975,0.20319373754230483,0.1927578054026699,0.182321873263035,0.17188594112340014
8.8,0.004888804444800003,0.009777608889599998,0.014666413334399992,0.02093997163818959,0.02721352994197919,0.03401691242747398,0.040820294912968784,0.047623677398463585,0.05442705988395838,0.061230442369453145,0.06803382485494791,0.07483720734044269,0.08164058982593748,0.0884439723114323,0.09524735479692711,0.10205073728242194,0.10885411976791676,0.11293614925921365,0.11701817875051054,0.12110020824180745,0.12518223773310436,0.12790359072730229,0.1306249437215002,0.1333462967156981,0.13606764970989602,0.14014967920119292,0.1442317086924898,0.1483137381837867,0.15239576767508362,0.15239576767508362,0.15239576767508362,0.15239576767508362,0.15239576767508362,0.16746257409351265,0.18252938051194167,0.19759618693037073,0.21266299334879976,0.20227428390359986,0.19188557445839993,0.18149686501320003,0.17110815556800013
8.81,0.004866582000360003,0.009733164000719998,0.014599746001079992,0.02084478735304196,0.02708982870500393,0.033862285881254915,0.0406347430575059,0.04740720023375688,0.05417965741000786,0.06095211458625881,0.06772457176250976,0.07449702893876073,0.08126948611501171,0.08804194329126272,0.09481440046751372,0.10158685764376471,0.10835931482001572,0.11242278912576634,0.11648626343151694,0.12054973773726754,0.12461321204301816,0.12732219491351854,0.13003117778401893,0.13274016065451932,0.13544914352501972,0.1395126178307703,0.1435760921365209,0.14763956644227152,0.15170304074802216,0.15170304074802216,0.15170304074802216,0.15170304074802216,0.15170304074802216,0.16670135981493156,0.18169967888184096,0.19669799794875037,0.21169631701565977,0.20135483026489484,0.1910133435141299,0.180671856763365,0.17033037001260012
8.82,0.004844359555920003,0.009688719111839997,0.014533078667759993,0.02074960306789433,0.02696612746802867,0.03370765933503583,0.040449191202043,0.04719072306905017,0.05393225493605734,0.06067378680306449,0.06741531867007164,0.0741568505370788,0.08089838240408594,0.0876399142710931,0.09438144613810029,0.10112297800510749,0.10786450987211468,0.111909428992319,0.11595434811252331,0.11999926723272764,0.12404418635293196,0.12674079909973482,0.12943741184653768,0.13213402459334056,0.13483063734014342,0.13887555646034772,0.14292047558055204,0.14696539470075637,0.1510103138209607,0.1510103138209607,0.1510103138209607,0.1510103138209607,0.1510103138209607,0.16594014553635045,0.18086997725174023,0.19579980896713,0.2107296406825198,0.20043537662618988,0.19014111256985994,0.17984684851353003,0.16955258445720012
8.83,0.004822137111480003,0.009644274222959999,0.014466411334439993,0.0206544187827467,0.02684242623105341,0.033553032788816765,0.040263639346580116,0.04697424590434347,0.05368485246210682,0.06039545901987016,0.06710606557763349,0.07381667213539683,0.08052727869316016,0.08723788525092352,0.09394849180868689,0.10065909836645026,0.10736970492421365,0.11139606885887168,0.1154224327935297,0.11944879672818773,0.12347516066284576,0.12615940328595107,0.1288436459090564,0.13152788853216174,0.13421213115526712,0.13823849508992514,0.14226485902458316,0.14629122295924119,0.15031758689389924,0.15031758689389924,0.15031758689389924,0.15031758689389924,0.15031758689389924,0.16517893125776936,0.1800402756216395,0.19490161998550964,0.2097629643493798,0.19951592298748486,0.1892688816255899,0.179021840263695,0.1687747989018001
8.84,0.004799914667040003,0.009599829334079997,0.014399744001119994,0.020559234497599072,0.026718724994078152,0.03339840624259769,0.04007808749111723,0.04675776873963677,0.053437449988156305,0.06011713123667582,0.06679681248519534,0.07347649373371487,0.08015617498223439,0.08683585623075393,0.09351553747927349,0.10019521872779305,0.10687489997631261,0.11088270872542434,0.11489051747453607,0.11889832622364782,0.12290613497275957,0.12557800747216735,0.12824987997157516,0.13092175247098298,0.13359362497039082,0.13760143371950256,0.14160924246861428,0.14561705121772603,0.14962485996683778,0.14962485996683778,0.14962485996683778,0.14962485996683778,0.14962485996683778,0.16441771697918828,0.17921057399153878,0.19400343100388928,0.2087962880162398,0.1985964693487799,0.18839665068131994,0.17819683201386002,0.1679970133464001
8.85,0.004777692222600003,0.009555384445199998,0.014333076667799994,0.020464050212451443,0.026595023757102893,0.033243779696378616,0.03989253563565434,0.04654129157493006,0.053190047514205786,0.059838803453481484,0.06648755939275719,0.07313631533203291,0.07978507127130861,0.08643382721058435,0.0930825831498601,0.09973133908913584,0.10638009502841157,0.11036934859197703,0.11435860215554247,0.11834785571910791,0.12233710928267337,0.12499661165838366,0.12765611403409394,0.1303156164098042,0.13297511878551452,0.13696437234907993,0.14095362591264537,0.14494287947621085,0.14893213303977632,0.14893213303977632,0.14893213303977632,0.14893213303977632,0.14893213303977632,0.16365650270060716,0.17838087236143804,0.19310524202226892,0.20782961168309982,0.19767701571007487,0.18752441973704992,0.177371823764025,0.1672192277910001
8.86,0.004755469778160003,0.00951093955632,0.014266409334479995,0.020368865927303813,0.026471322520127634,0.03308915315015955,0.039706983780191454,0.04632481441022336,0.05294264504025527,0.05956047567028716,0.06617830630031905,0.07279613693035095,0.07941396756038284,0.08603179819041476,0.09264962882044668,0.0992674594504786,0.10588529008051054,0.10985598845852969,0.11382668683654884,0.117797385214568,0.12176808359258717,0.12441521584459993,0.12706234809661268,0.12970948034862545,0.13235661260063822,0.13632731097865736,0.14029800935667652,0.1442687077346957,0.14823940611271486,0.14823940611271486,0.14823940611271486,0.14823940611271486,0.14823940611271486,0.16289528842202608,0.1775511707313373,0.19220705304064856,0.20686293534995984,0.1967575620713699,0.18665218879277995,0.17654681551419002,0.1664414422356001
8.87,0.0047332473337200025,0.009466494667439998,0.014199742001159995,0.020273681642156184,0.026347621283152375,0.032934526603940466,0.03952143192472856,0.046108337245516655,0.05269524256630475,0.05928214788709282,0.0658690532078809,0.07245595852866898,0.07904286384945707,0.08562976917024517,0.09221667449103328,0.09880357981182139,0.1053904851326095,0.10934262832508237,0.11329477151755524,0.1172469147100281,0.12119905790250098,0.1238338200308162,0.12646858215913143,0.1291033442874467,0.13173810641576192,0.13569024960823478,0.13964239280070764,0.1435945359931805,0.1475466791856534,0.1475466791856534,0.1475466791856534,0.1475466791856534,0.1475466791856534,0.162134074143445,0.1767214691012366,0.19130886405902822,0.20589625901681985,0.1958381084326649,0.18577995784850992,0.175721807264355,0.16566365668020008
8.88,0.004711024889280002,0.00942204977856,0.014133074667839996,0.020178497357008555,0.026223920046177115,0.0327799000577214,0.03933588006926567,0.04589186008080995,0.05244784009235423,0.05900382010389849,0.06555980011544275,0.07211578012698702,0.07867176013853129,0.08522774015007559,0.09178372016161987,0.09833970017316417,0.10489568018470846,0.10882926819163503,0.1127628561985616,0.11669644420548819,0.12063003221241478,0.12325242421703249,0.1258748162216502,0.12849720822626792,0.13111960023088562,0.1350531882378122,0.13898677624473876,0.14292036425166535,0.14685395225859194,0.14685395225859194,0.14685395225859194,0.14685395225859194,0.14685395225859194,0.1613728598648639,0.17589176747113588,0.1904106750774079,0.20492958268367986,0.19491865479395992,0.18490772690423996,0.17489679901452002,0.16488587112480008
8.89,0.004688802444840002,0.00937760488968,0.014066407334519996,0.020083313071860925,0.026100218809201856,0.03262527351150232,0.039150328213802786,0.04567538291610325,0.05220043761840371,0.05872549232070416,0.06525054702300462,0.07177560172530506,0.07830065642760552,0.084825711129906,0.09135076583220647,0.09787582053450694,0.10440087523680742,0.10831590805818772,0.112230940879568,0.11614597370094829,0.12006100652232858,0.12267102840324876,0.12528105028416892,0.1278910721650891,0.13050109404600932,0.13441612686738957,0.13833115968876986,0.14224619251015017,0.14616122533153048,0.14616122533153048,0.14616122533153048,0.14616122533153048,0.14616122533153048,0.16061164558628283,0.17506206584103517,0.18951248609578752,0.20396290635053987,0.1939992011552549,0.18403549595996993,0.17407179076468499,0.16410808556940007
8.9,0.004666580000400002,0.009333160000799999,0.013999740001199997,0.019988128786713296,0.025976517572226597,0.03247064696528325,0.03896477635833989,0.04545890575139654,0.051953035144453194,0.05844716453750983,0.06494129393056647,0.0714354233236231,0.07792955271667974,0.08442368210973639,0.09091781150279304,0.09741194089584972,0.10390607028890639,0.10780254792474038,0.11169902556057437,0.11559550319640838,0.11949198083224238,0.12208963258946504,0.12468728434668769,0.12728493610391034,0.12988258786113302,0.133779065496967,0.137675543132801,0.141572020768635,0.14546849840446902,0.14546849840446902,0.14546849840446902,0.14546849840446902,0.14546849840446902,0.1598504313077017,0.17423236421093444,0.18861429711416716,0.2029962300173999,0.19307974751654994,0.18316326501569996,0.17324678251485,0.16333030001400006
8.91,0.004644357555960002,0.00928871511192,0.013933072667879997,0.019892944501565667,0.025852816335251338,0.03231602041906417,0.038779224502877005,0.04524242858668984,0.051705632670502676,0.0581688367543155,0.06463204083812832,0.07109524492194114,0.07755844900575397,0.0840216530895668,0.09048485717337965,0.09694806125719249,0.10341126534100535,0.10728918779129307,0.11116711024158077,0.11504503269186847,0.11892295514215619,0.12150823677568132,0.12409351840920645,0.12667880004273158,0.12926408167625672,0.13314200412654442,0.13701992657683212,0.14089784902711983,0.14477577147740756,0.14477577147740756,0.14477577147740756,0.14477577147740756,0.14477577147740756,0.15908921702912063,0.1734026625808337,0.1877161081325468,0.2020295536842599,0.19216029387784492,0.18229103407142994,0.17242177426501498,0.16255251445860006
8.92,0.004622135111520002,0.009244270223039999,0.013866405334559998,0.019797760216418037,0.02572911509827608,0.0321613938728451,0.03859367264741412,0.04502595142198314,0.05145823019655216,0.05789050897112116,0.06432278774569017,0.07075506652025917,0.0771873452948282,0.08361962406939721,0.09005190284396625,0.09648418161853528,0.10291646039310431,0.10677582765784573,0.11063519492258714,0.11449456218732856,0.11835392945206999,0.1209268409618976,0.1234997524717252,0.1260726639815528,0.12864557549138042,0.13250494275612185,0.13636431002086324,0.14022367728560467,0.1440830445503461,0.1440830445503461,0.1440830445503461,0.1440830445503461,0.1440830445503461,0.15832800275053954,0.172572960950733,0.18681791915092644,0.2010628773511199,0.19124084023913995,0.18141880312715997,0.17159676601518,0.16177472890320005
8.93,0.004599912667080002,0.00919982533416,0.013799738001239998,0.019702575931270408,0.02560541386130082,0.03200676732662602,0.03840812079195123,0.04480947425727644,0.05121082772260164,0.057612181187926825,0.06401353465325202,0.07041488811857721,0.07681624158390242,0.08321759504922763,0.08961894851455285,0.09602030197987807,0.10242165544520328,0.10626246752439841,0.11010327960359353,0.11394409168278866,0.11778490376198379,0.12034544514811388,0.12290598653424396,0.12546652792037405,0.12802706930650412,0.13186788138569921,0.13570869346489434,0.13954950554408949,0.14339031762328464,0.14339031762328464,0.14339031762328464,0.14339031762328464,0.14339031762328464,0.15756678847195843,0.17174325932063225,0.18591973016930607,0.20009620101797992,0.19032138660043493,0.18054657218288994,0.17077175776534498,0.16099694334780004
8.94,0.004577690222640002,0.009155380445280002,0.013733070667919999,0.01960739164612278,0.02548171262432556,0.03185214078040695,0.038222568936488344,0.04459299709256973,0.05096342524865112,0.057333853404732495,0.06370428156081387,0.07007470971689525,0.07644513787297665,0.08281556602905804,0.08918599418513944,0.09555642234122083,0.10192685049730224,0.10574910739095107,0.1095713642845999,0.11339362117824875,0.1172158780718976,0.11976404933433014,0.1223122205967627,0.12486039185919526,0.12740856312162782,0.13123082001527664,0.13505307690892548,0.13887533380257433,0.14269759069622318,0.14269759069622318,0.14269759069622318,0.14269759069622318,0.14269759069622318,0.15680557419337735,0.17091355769053151,0.1850215411876857,0.19912952468483994,0.18940193296172997,0.17967434123861997,0.16994674951551,0.16021915779240004
8.95,0.0045554677782000015,0.0091109355564,0.0136664033346,0.01951220736097515,0.0253580113873503,0.031697514234187874,0.03803701708102545,0.044376519927863026,0.0507160227747006,0.057055525621538164,0.06339502846837572,0.06973453131521329,0.07607403416205087,0.08241353700888845,0.08875303985572604,0.09509254270256362,0.1014320455494012,0.10523574725750376,0.1090394489656063,0.11284315067370884,0.1166468523818114,0.11918265352054641,0.12171845465928144,0.12425425579801648,0.12679005693675152,0.13059375864485406,0.1343974603529566,0.13820116206105915,0.14200486376916172,0.14200486376916172,0.14200486376916172,0.14200486376916172,0.14200486376916172,0.15604435991479626,0.1700838560604308,0.18412335220606538,0.19816284835169995,0.18848247932302495,0.17880211029434995,0.16912174126567497,0.15944137223700003
8.96,0.004533245333760001,0.009066490667520001,0.01359973600128,0.01941702307582752,0.02523431015037504,0.0315428876879688,0.03785146522556256,0.044160042763156326,0.05046862030075008,0.056777197838343826,0.06308577537593757,0.06939435291353133,0.0757029304511251,0.08201150798871887,0.08832008552631262,0.0946286630639064,0.10093724060150017,0.10472238712405642,0.10850753364661267,0.11229268016916893,0.1160778266917252,0.11860125770676269,0.1211246887218002,0.1236481197368377,0.12617155075187522,0.1299566972744315,0.13374184379698772,0.137526990319544,0.14131213684210026,0.14131213684210026,0.14131213684210026,0.14131213684210026,0.14131213684210026,0.15528314563621518,0.1692541544303301,0.18322516322444504,0.19719617201855996,0.18756302568431998,0.17792987935007998,0.16829673301584,0.15866358668160002
8.97,0.004511022889320001,0.00902204577864,0.01353306866796,0.01932183879067989,0.025110608913399782,0.03138826114174973,0.037665913370099675,0.04394356559844962,0.050221217826799565,0.05649887005514949,0.06277652228349942,0.06905417451184936,0.07533182674019932,0.08160947896854928,0.08788713119689923,0.09416478342524917,0.10044243565359913,0.1042090269906091,0.10797561832761907,0.11174220966462903,0.115508801001639,0.11801986189297897,0.12053092278431896,0.12304198367565894,0.12555304456699892,0.12931963590400886,0.13308622724101882,0.1368528185780288,0.1406194099150388,0.1406194099150388,0.1406194099150388,0.1406194099150388,0.1406194099150388,0.1545219313576341,0.16842445280022939,0.18232697424282468,0.19622949568541997,0.18664357204561496,0.17705764840580995,0.16747172476600497,0.15788580112620001
8.98,0.004488800444880001,0.00897760088976,0.01346640133464,0.01922665450553226,0.024986907676424523,0.031233634595530652,0.03748036151463678,0.043727088433742914,0.049973815352849046,0.056220542271955165,0.06246726919106129,0.06871399611016742,0.07496072302927355,0.08120744994837967,0.0874541768674858,0.09370090378659195,0.09994763070569809,0.10369566685716176,0.10744370300862544,0.11119173916008912,0.1149397753115528,0.11743846607919525,0.1199371568468377,0.12243584761448015,0.12493453838212261,0.12868257453358628,0.13243061068504997,0.13617864683651365,0.13992668298797734,0.13992668298797734,0.13992668298797734,0.13992668298797734,0.13992668298797734,0.15376071707905298,0.16759475117012865,0.18142878526120432,0.19526281935228,0.18572411840691,0.17618541746153998,0.16664671651617,0.1571080155708
8.99,0.004466578000440001,0.008933156000880002,0.013399734001320001,0.019131470220384632,0.024863206439449264,0.03107900804931158,0.037294809659173894,0.043510611269036215,0.04972641287889853,0.05594221448876084,0.062158016098623155,0.06837381770848547,0.07458961931834777,0.08080542092821008,0.0870212225380724,0.09323702414793472,0.09945282575779706,0.10318230672371445,0.10691178768963183,0.11064126865554921,0.11437074962146661,0.11685707026541153,0.11934339090935646,0.12182971155330138,0.12431603219724631,0.12804551316316368,0.13177499412908106,0.13550447509499847,0.13923395606091588,0.13923395606091588,0.13923395606091588,0.13923395606091588,0.13923395606091588,0.1529995028004719,0.1667650495400279,0.18053059627958395,0.19429614301914,0.18480466476820498,0.17531318651726996,0.16582170826633497,0.1563302300154
9,0.004444355556000001,0.008888711112,0.013333066668000002,0.019036285935237002,0.024739505202474005,0.030924381503092506,0.03710925780371101,0.04329413410432951,0.04947901040494801,0.055663886705566504,0.061848763006185005,0.0680336393068035,0.074218515607422,0.0804033919080405,0.086588268208659,0.09277314450927751,0.09895802080989602,0.10266894659026711,0.1063798723706382,0.1100907981510093,0.11380172393138041,0.1162756744516278,0.11874962497187519,0.12122357549212259,0.12369752601237001,0.1274084517927411,0.1311193775731122,0.1348303033534833,0.13854122913385442,0.13854122913385442,0.13854122913385442,0.13854122913385442,0.13854122913385442,0.1522382885218908,0.1659353479099272,0.1796324072979636,0.193329466686,0.18388521112950001,0.174440955573,0.1649967000165,0.15555244446
9.01,0.004429540741189627,0.008859081482379252,0.01328862222356888,0.018972830379700413,0.024657038535831944,0.03082129816978993,0.03698555780374792,0.043149817437705906,0.04931407707166389,0.05547833670562197,0.06164259633958004,0.06780685597353811,0.07397111560749618,0.08013537524145409,0.08629963487541198,0.09246389450936987,0.09862815414332778,0.10232670992370255,0.10602526570407733,0.10972382148445213,0.11342237726482693,0.11588808111841012,0.11835378497199331,0.1208194888255765,0.1232851926791597,0.12698374845953475,0.13068230423990979,0.13438086002028482,0.13807941580065985,0.13807941580065985,0.13807941580065985,0.13807941580065985,0.13807941580065985,0.15173081741093186,0.16538221902120387,0.17903362063147588,0.19268502224174788,0.18327224816672005,0.17385947409169222,0.1644467000166644,0.15503392594163656
9.02,0.004414725926379257,0.008829451852758512,0.01324417777913777,0.018909374824163893,0.02457457186919002,0.030718214836487526,0.03686185780378503,0.04300550077108253,0.04914914373838004,0.055292786705677624,0.06143642967297522,0.06758007264027281,0.0737237156075704,0.07986735857486782,0.08601100154216523,0.09215464450946265,0.09829828747676007,0.10198447325713858,0.10567065903751707,0.10935684481789557,0.11304303059827407,0.11550048778519306,0.11795794497211207,0.12041540215903107,0.12287285934595008,0.12655904512632882,0.13024523090670756,0.1339314166870863,0.13761760246746507,0.13761760246746507,0.13761760246746507,0.13761760246746507,0.13761760246746507,0.15122334629997297,0.1648290901324809,0.17843483396498883,0.19204057779749678,0.18265928520394098,0.17327799261038518,0.16389670001682938,0.1545154074232736
9.03,0.004399911111568886,0.008799822223137771,0.013199733334706658,0.018845919268627376,0.024492105202548093,0.030615131503185115,0.03673815780382214,0.04286118410445916,0.048984210405096186,0.055107236705733295,0.061230263006370404,0.06735328930700751,0.07347631560764463,0.07959934190828155,0.08572236820891849,0.09184539450955542,0.09796842081019237,0.10164223659057459,0.10531605237095679,0.108989868151339,0.11266368393172121,0.11511289445197602,0.11756210497223082,0.12001131549248564,0.12246052601274045,0.12613434179312288,0.12980815757350533,0.1334819733538878,0.1371557891342703,0.1371557891342703,0.1371557891342703,0.1371557891342703,0.1371557891342703,0.15071587518901414,0.16427596124375798,0.17783604729850183,0.19139613335324568,0.1820463222411619,0.17269651112907813,0.1633467000169944,0.15399688890491064
9.04,0.004385096296758516,0.00877019259351703,0.013155288890275547,0.018782463713090856,0.024409638535906168,0.030512048169882712,0.03661445780385925,0.042716867437835794,0.048819277071812335,0.054921686705788966,0.0610240963397656,0.06712650597374223,0.07322891560771885,0.0793313252416953,0.08543373487567174,0.0915361445096482,0.09763855414362467,0.10129999992401059,0.10496144570439651,0.10862289148478244,0.11228433726516836,0.11472530111875898,0.11716626497234958,0.1196072288259402,0.12204819267953082,0.12570963845991698,0.12937108424030314,0.13303253002068932,0.1366939758010755,0.1366939758010755,0.1366939758010755,0.1366939758010755,0.1366939758010755,0.15020840407805525,0.16372283235503501,0.17723726063201478,0.19075168890899458,0.18143335927838283,0.17211502964777112,0.1627967000171594,0.15347837038654769
9.05,0.004370281481948146,0.00874056296389629,0.013110844445844436,0.01871900815755434,0.024327171869264242,0.0304089648365803,0.036490757803896365,0.04257255077121243,0.048654343738528484,0.054736136705844624,0.06081792967316077,0.06689972264047692,0.07298151560779308,0.07906330857510904,0.08514510154242502,0.091226894509741,0.09730868747705697,0.1009577632574466,0.10460683903783623,0.10825591481822586,0.1119049905986155,0.11433770778554192,0.11677042497246834,0.11920314215939476,0.12163585934632119,0.12528493512671107,0.12893401090710094,0.13258308668749083,0.13623216246788072,0.13623216246788072,0.13623216246788072,0.13623216246788072,0.13623216246788072,0.1497009329670964,0.1631697034663121,0.1766384739655278,0.19010724446474347,0.18082039631560376,0.17153354816646407,0.16224670001732439,0.15295985186818473
9.06,0.004355466667137775,0.008710933334275549,0.013066400001413325,0.01865555260201782,0.024244705202622317,0.0303058815032779,0.03636705780393348,0.042428234104589055,0.04848941040524463,0.054550586705900295,0.06061176300655596,0.06667293930721163,0.0727341156078673,0.07879529190852279,0.08485646820917828,0.09091764450983378,0.09697882081048927,0.1006155265908826,0.10425223237127595,0.1078889381516693,0.11152564393206264,0.11395011445232486,0.1163745849725871,0.11879905549284933,0.12122352601311157,0.12486023179350515,0.12849693757389874,0.13213364335429234,0.13577034913468594,0.13577034913468594,0.13577034913468594,0.13577034913468594,0.13577034913468594,0.14919346185613752,0.16261657457758913,0.17603968729904074,0.18946280002049237,0.18020743335282471,0.17095206668515706,0.16169670001748943,0.15244133334982177
9.07,0.004340651852327405,0.008681303704654808,0.013021955556982214,0.018592097046481303,0.02416223853598039,0.030202798169975488,0.03624335780397059,0.04228391743796568,0.04832447707196078,0.054365036705955966,0.06040559633995115,0.06644615597394633,0.07248671560794152,0.07852727524193653,0.08456783487593154,0.09060839450992655,0.09664895414392156,0.10027328992431861,0.10389762570471567,0.10752196148511273,0.11114629726550979,0.11356252111910782,0.11597874497270586,0.1183949688263039,0.12081119267990194,0.12443552846029923,0.12805986424069654,0.13168420002109385,0.13530853580149116,0.13530853580149116,0.13530853580149116,0.13530853580149116,0.13530853580149116,0.1486859907451787,0.16206344568886621,0.17544090063255374,0.18881835557624127,0.17959447039004564,0.17037058520385,0.1611467000176544,0.1519228148314588
9.08,0.0043258370375170345,0.008651674075034067,0.012977511112551103,0.018528641490944783,0.024079771869338466,0.030099714836673085,0.0361196578040077,0.042139600771342316,0.04815954373867693,0.05417948670601164,0.060199429673346336,0.06621937264068103,0.07223931560801575,0.07825925857535027,0.0842792015426848,0.09029914451001933,0.09631908747735386,0.09993105325775462,0.10354301903815538,0.10715498481855615,0.11076695059895693,0.11317492778589078,0.11558290497282461,0.11799088215975846,0.12039885934669231,0.12401082512709333,0.12762279090749434,0.13123475668789536,0.13484672246829638,0.13484672246829638,0.13484672246829638,0.13484672246829638,0.13484672246829638,0.1481785196342198,0.16151031680014324,0.1748421139660667,0.18817391113199017,0.17898150742726657,0.16978910372254297,0.1605967000178194,0.15140429631309585
9.09,0.004311022222706664,0.008622044445413327,0.012933066668119992,0.018465185935408267,0.02399730520269654,0.029996631503370674,0.03599595780404481,0.04199528410471895,0.04799461040539308,0.05399393670606731,0.05999326300674153,0.06599258930741575,0.07199191560808997,0.07799124190876403,0.08399056820943807,0.0899898945101121,0.09598922081078616,0.09958881659119062,0.1031884123715951,0.10678800815199958,0.11038760393240407,0.11278733445267372,0.11518706497294337,0.11758679549321302,0.11998652601348268,0.1235861217938874,0.12718571757429212,0.13078531335469684,0.1343849091351016,0.1343849091351016,0.1343849091351016,0.1343849091351016,0.1343849091351016,0.14767104852326096,0.16095718791142033,0.1742433272995797,0.18752946668773907,0.17836854446448752,0.16920762224123598,0.16004670001798443,0.1508857777947329
9.1,0.004296207407896294,0.008592414815792586,0.01288862222368888,0.018401730379871747,0.023914838536054615,0.02989354817006827,0.035872257804081924,0.041850967438095577,0.04782967707210923,0.053808386706122965,0.05978709634013671,0.06576580597415045,0.0717445156081642,0.07772322524217776,0.08370193487619132,0.08968064451020488,0.09565935414421846,0.09924657992462665,0.10283380570503484,0.10642103148544302,0.11000825726585121,0.11239974111945666,0.11479122497306213,0.11718270882666759,0.11957419268027306,0.1231614184606815,0.12674864424108995,0.13033587002149838,0.1339230958019068,0.1339230958019068,0.1339230958019068,0.1339230958019068,0.1339230958019068,0.14716357741230207,0.16040405902269736,0.17364454063309265,0.18688502224348796,0.17775558150170845,0.16862614075992893,0.15949670001814942,0.15036725927636993
9.11,0.0042813925930859234,0.008562785186171845,0.01284417777925777,0.01833827482433523,0.02383237186941269,0.02979046483676586,0.035748557804119035,0.0417066507714722,0.04766474373882538,0.053622836706178637,0.059580929673531895,0.06553902264088515,0.07149711560823842,0.07745520857559149,0.08341330154294457,0.08937139451029766,0.09532948747765076,0.09890434325806266,0.10247919903847455,0.10605405481888645,0.10962891059929836,0.11201214778623962,0.11439538497318089,0.11677862216012216,0.11916185934706343,0.12273671512747555,0.1263115709078877,0.12988642668829986,0.13346128246871203,0.13346128246871203,0.13346128246871203,0.13346128246871203,0.13346128246871203,0.14665610630134324,0.15985093013397444,0.17304575396660565,0.18624057779923686,0.17714261853892938,0.1680446592786219,0.15894670001831443,0.14984874075800697
9.12,0.004266577778275553,0.008533155556551104,0.012799733334826658,0.01827481926879871,0.023749905202770764,0.029687381503463457,0.03562485780415615,0.04156233410484884,0.04749981040554153,0.05343728670623431,0.05937476300692709,0.06531223930761987,0.07124971560831264,0.07718719190900523,0.08312466820969783,0.08906214451039043,0.09499962081108305,0.09856210659149867,0.10212459237191428,0.10568707815232989,0.1092495639327455,0.11162455445302258,0.11399954497329964,0.11637453549357672,0.1187495260138538,0.12231201179426965,0.1258744975746855,0.12943698335510137,0.13299946913551725,0.13299946913551725,0.13299946913551725,0.13299946913551725,0.13299946913551725,0.14614863519038435,0.15929780124525147,0.1724469673001186,0.18559613335498576,0.1765296555761503,0.16746317779731487,0.15839670001847944,0.149330222239644
9.13,0.004251762963465183,0.008503525926930364,0.012755288890395547,0.018211363713262194,0.023667438536128838,0.029584298170161047,0.03550115780419326,0.04141801743822547,0.047334877072257676,0.053251736706289965,0.05916859634032226,0.06508545597435456,0.07100231560838687,0.07691917524241898,0.08283603487645111,0.08875289451048324,0.09466975414451535,0.09821986992493467,0.10176998570535399,0.10532010148577331,0.10887021726619264,0.11123696111980552,0.1136037049734184,0.11597044882703128,0.11833719268064417,0.12188730846106374,0.1254374242414833,0.12898754002190288,0.13253765580232246,0.13253765580232246,0.13253765580232246,0.13253765580232246,0.13253765580232246,0.1456411640794255,0.15874467235652856,0.1718481806336316,0.18495168891073466,0.17591669261337123,0.16688169631600783,0.15784670001864443,0.14881170372128105
9.14,0.004236948148654812,0.008473896297309623,0.012710844445964436,0.018147908157725674,0.023584971869486913,0.029481214836858644,0.03537745780423037,0.0412737007716021,0.047169943738973825,0.053066186706345636,0.058962429673717454,0.06485867264108927,0.07075491560846109,0.07665115857583273,0.08254740154320436,0.08844364451057601,0.09433988747794765,0.09787763325837068,0.10141537903879372,0.10495312481921676,0.10849087059963979,0.11084936778658847,0.11320786497353716,0.11556636216048585,0.11792485934743455,0.12146260512785782,0.1250003509082811,0.1285380966887044,0.13207584246912768,0.13207584246912768,0.13207584246912768,0.13207584246912768,0.13207584246912768,0.14513369296846662,0.1581915434678056,0.17124939396714456,0.18430724446648356,0.17530372965059218,0.1663002148347008,0.15729670001880947,0.1482931852029181
9.15,0.004222133333844442,0.008444266667688882,0.012666400001533325,0.018084452602189157,0.023502505202844987,0.029378131503556233,0.03525375780426748,0.041129384104978725,0.047005010405689975,0.05288063670640131,0.05875626300711264,0.06463188930782397,0.07050751560853531,0.07638314190924647,0.08225876820995763,0.08813439451066879,0.09401002081137995,0.09753539659180668,0.10106077237223343,0.10458614815266018,0.10811152393308693,0.11046177445337142,0.11281202497365592,0.11516227549394042,0.11751252601422492,0.1210379017946519,0.1245632775750789,0.1280886533555059,0.1316140291359329,0.1316140291359329,0.1316140291359329,0.1316140291359329,0.1316140291359329,0.1446262218575078,0.15763841457908268,0.17065060730065756,0.18366280002223245,0.1746907666878131,0.16571873335339377,0.15674670001897445,0.14777466668455513
9.16,0.004207318519034072,0.008414637038068142,0.012621955557102214,0.018020997046652637,0.023420038536203062,0.02927504817025383,0.035130057804304594,0.04098506743835536,0.046840077072406124,0.05269508670645698,0.058550096340507826,0.06440510597455867,0.07026011560860954,0.0761151252426602,0.08197013487671088,0.08782514451076157,0.09368015414481225,0.09719315992524269,0.10070616570567315,0.1042191714861036,0.10773217726653407,0.11007418112015438,0.11241618497377467,0.11475818882739498,0.11710019268101529,0.12061319846144598,0.12412620424187668,0.12763921002230738,0.13115221580273811,0.13115221580273811,0.13115221580273811,0.13115221580273811,0.13115221580273811,0.1441187507465489,0.1570852856903597,0.17005182063417051,0.18301835557798135,0.17407780372503404,0.16513725187208672,0.15619670001913943,0.14725614816619217
9.17,0.004192503704223701,0.0083850074084474,0.012577511112671103,0.01795754149111612,0.023337571869561136,0.02917196483695142,0.035006357804341706,0.04084075077173199,0.04667514373912227,0.05250953670651265,0.05834392967390302,0.06417832264129339,0.07001271560868376,0.07584710857607396,0.08168150154346415,0.08751589451085434,0.09335028747824455,0.0968509232586787,0.10035155903911286,0.10385219481954704,0.10735283059998121,0.10968658778693732,0.11202034497389343,0.11435410216084954,0.11668785934780566,0.12018849512824009,0.1236891309086745,0.12718976668910892,0.13069040246954333,0.13069040246954333,0.13069040246954333,0.13069040246954333,0.13069040246954333,0.14361127963559006,0.1565321568016368,0.16945303396768352,0.18237391113373025,0.173464840762255,0.16455577039077973,0.15564670001930447,0.14673762964782922
9.18,0.004177688889413331,0.00835537777882666,0.012533066668239992,0.0178940859355796,0.02325510520291921,0.029068881503649016,0.03488265780437882,0.04069643410510862,0.04651021040583842,0.05232398670656831,0.0581377630072982,0.06395153930802809,0.06976531560875798,0.0755790919094877,0.0813928682102174,0.08720664451094712,0.09302042081167684,0.09650868659211473,0.0999969523725526,0.10348521815299047,0.10697348393342836,0.10929899445372027,0.11162450497401219,0.11395001549430411,0.11627552601459604,0.11976379179503416,0.12325205757547228,0.1267403233559104,0.13022858913634855,0.13022858913634855,0.13022858913634855,0.13022858913634855,0.13022858913634855,0.14310380852463117,0.15597902791291382,0.16885424730119647,0.18172946668947915,0.17285187779947592,0.1639742889094727,0.15509670001946946,0.14621911112946626
9.19,0.0041628740746029605,0.00832574814920592,0.01248862222380888,0.017830630380043084,0.023172638536277285,0.028965798170346606,0.03475895780441593,0.04055211743848525,0.04634527707255457,0.05213843670662398,0.057931596340693385,0.06372475597476279,0.0695179156088322,0.07531107524290143,0.08110423487697066,0.0868973945110399,0.09269055414510914,0.09616644992555073,0.09964234570599231,0.1031182414864339,0.1065941372668755,0.10891140112050322,0.11122866497413095,0.11354592882775869,0.11586319268138641,0.11933908846182825,0.1228149842422701,0.12629088002271194,0.12976677580315377,0.12976677580315377,0.12976677580315377,0.12976677580315377,0.12976677580315377,0.14259633741367234,0.1554258990241909,0.16825546063470947,0.18108502224522804,0.17223891483669684,0.16339280742816564,0.15454670001963447,0.1457005926111033
9.2,0.00414805925979259,0.008296118519585179,0.01244417777937777,0.017767174824506564,0.02309017186963536,0.028862714837044202,0.03463525780445304,0.04040780077186188,0.04618034373927072,0.05195288670667965,0.05772542967408858,0.06349797264149751,0.06927051560890643,0.07504305857631517,0.08081560154372391,0.08658814451113267,0.09236068747854144,0.09582421325898674,0.09928773903943204,0.10275126481987734,0.10621479060032264,0.10852380778728618,0.1108328249742497,0.11314184216121324,0.11545085934817678,0.11891438512862232,0.12237791090906787,0.12584143668951342,0.12930496246995898,0.12930496246995898,0.12930496246995898,0.12930496246995898,0.12930496246995898,0.14208886630271345,0.15487277013546794,0.16765667396822242,0.18044057780097694,0.17162595187391777,0.16281132594685863,0.15399670001979948,0.14518207409274034
9.21,0.00413324444498222,0.008266488889964438,0.012399733334946659,0.017703719268970047,0.023007705202993434,0.028759631503741792,0.03451155780449015,0.040263484105238515,0.04601541040598687,0.051767336706735306,0.05751926300748375,0.0632711893082322,0.06902311560898065,0.07477504190972892,0.0805269682104772,0.08627889451122547,0.09203082081197374,0.09548197659242275,0.09893313237287175,0.10238428815332076,0.10583544393376978,0.10813621445406912,0.11043698497436846,0.1127377554946678,0.11503852601496715,0.11848968179541641,0.12194083757586567,0.12539199335631493,0.1288431491367642,0.1288431491367642,0.1288431491367642,0.1288431491367642,0.1288431491367642,0.1415813951917546,0.15431964124674502,0.16705788730173543,0.17979613335672584,0.1710129889111387,0.16222984446555158,0.15344670001996447,0.14466355557437738
9.22,0.0041184296301718494,0.008236859260343697,0.012355288890515547,0.017640263713433527,0.02292523853635151,0.02865654817043939,0.034387857804527265,0.04011916743861514,0.04585047707270302,0.05158178670679098,0.057313096340878944,0.06304440597496691,0.06877571560905488,0.07450702524314266,0.08023833487723045,0.08596964451131825,0.09170095414540604,0.09513973992585875,0.09857852570631148,0.10201731148676421,0.10545609726721693,0.10774862112085207,0.11004114497448722,0.11233366882812237,0.11462619268175753,0.1180649784622105,0.12150376424266346,0.12494255002311644,0.12838133580356942,0.12838133580356942,0.12838133580356942,0.12838133580356942,0.12838133580356942,0.14107392408079572,0.15376651235802205,0.16645910063524838,0.17915168891247474,0.17040002594835965,0.16164836298424456,0.1528967000201295,0.14414503705601442
9.23,0.004103614815361479,0.008207229630722956,0.012310844446084436,0.01757680815789701,0.022842771869709583,0.02855346483713698,0.03426415780456438,0.03997485077199177,0.04568554373941917,0.05139623670684665,0.05710692967427413,0.06281762264170161,0.0685283156091291,0.07423900857655641,0.07994970154398372,0.08566039451141103,0.09137108747883833,0.09479750325929476,0.0982239190397512,0.10165033482020763,0.10507675060066407,0.10736102778763502,0.10964530497460598,0.11192958216157695,0.1142138593485479,0.11764027512900457,0.12106669090946126,0.12449310668991795,0.12791952247037464,0.12791952247037464,0.12791952247037464,0.12791952247037464,0.12791952247037464,0.14056645296983689,0.15321338346929914,0.16586031396876139,0.17850724446822364,0.16978706298558058,0.16106688150293752,0.1523467000202945,0.14362651853765146
9.24,0.004088800000551109,0.008177600001102216,0.012266400001653325,0.01751335260236049,0.022760305203067658,0.028450381503834575,0.03414045780460149,0.0398305341053684,0.045520610406135316,0.05121068670690232,0.05690076300766932,0.06259083930843631,0.06828091560920332,0.07397099190997014,0.07966106821073697,0.0853511445115038,0.09104122081227063,0.09445526659273076,0.09786931237319091,0.10128335815365105,0.10469740393411121,0.10697343445441798,0.10924946497472474,0.1115254954950315,0.11380152601533827,0.11721557179579867,0.12062961757625906,0.12404366335671946,0.12745770913717985,0.12745770913717985,0.12745770913717985,0.12745770913717985,0.12745770913717985,0.140058981858878,0.15266025458057617,0.16526152730227434,0.17786280002397253,0.1691741000228015,0.16048540002163048,0.15179670002045947,0.1431080000192885
9.25,0.004073985185740738,0.008147970371481475,0.012221955557222214,0.017449897046823974,0.022677838536425732,0.028347298170532165,0.0340167578046386,0.039686217438745036,0.045355677072851465,0.05102513670695798,0.056694596341064496,0.06236405597517102,0.06803351560927755,0.0737029752433839,0.07937243487749024,0.08504189451159658,0.09071135414570293,0.09411302992616677,0.09751470570663062,0.10091638148709449,0.10431805726755836,0.10658584112120092,0.1088536249748435,0.11112140882848606,0.11338919268212864,0.11679086846259273,0.12019254424305684,0.12359422002352095,0.12699589580398507,0.12699589580398507,0.12699589580398507,0.12699589580398507,0.12699589580398507,0.13955151074791916,0.15210712569185325,0.16466274063578734,0.17721835557972143,0.16856113706002246,0.1599039185403235,0.1512467000206245,0.14258948150092554
9.26,0.004059170370930368,0.008118340741860734,0.012177511112791103,0.017386441491287454,0.022595371869783807,0.02824421483722976,0.03389305780467571,0.03954190077212166,0.045190743739567614,0.05083958670701365,0.05648842967445969,0.06213727264190573,0.06778611560935177,0.07343495857679763,0.07908380154424349,0.08473264451168935,0.09038148747913523,0.0937707932596028,0.09716009904007036,0.10054940482053792,0.1039387106010055,0.10619824778798387,0.10845778497496225,0.11071732216194063,0.11297685934891902,0.11636616512938683,0.11975547090985464,0.12314477669032246,0.1265340824707903,0.1265340824707903,0.1265340824707903,0.1265340824707903,0.1265340824707903,0.13904403963696027,0.15155399680313028,0.1640639539693003,0.17657391113547033,0.16794817409724339,0.15932243705901644,0.1506967000207895,0.14207096298256258
9.27,0.004044355556119998,0.008088711112239994,0.012133066668359992,0.017322985935750938,0.02251290520314188,0.02814113150392735,0.033769357804712824,0.03939758410549829,0.04502581040628376,0.05065403670706932,0.056282263007854876,0.06191048930864043,0.067538715609426,0.07316694191021136,0.07879516821099675,0.08442339451178213,0.09005162081256753,0.09342855659303881,0.09680549237351008,0.10018242815398136,0.10355936393445264,0.10581065445476683,0.10806194497508101,0.1103132354953952,0.11256452601570939,0.11594146179618092,0.11931839757665244,0.12269533335712397,0.1260722691375955,0.1260722691375955,0.1260722691375955,0.1260722691375955,0.1260722691375955,0.13853656852600144,0.15100086791440737,0.1634651673028133,0.17592946669121923,0.1673352111344643,0.1587409555777094,0.1501467000209545,0.14155244446419962
9.28,0.004029540741309627,0.008059081482619253,0.012088622223928881,0.017259530380214418,0.022430438536499956,0.028038048170624948,0.033645657804749936,0.039253267438874924,0.04486087707299991,0.05046848670712499,0.05607609634125006,0.06168370597537514,0.06729131560950022,0.07289892524362511,0.07850653487775,0.0841141445118749,0.08972175414599982,0.09308631992647481,0.0964508857069498,0.0998154514874248,0.10318001726789978,0.10542306112154978,0.10766610497519977,0.10990914882884976,0.11215219268249976,0.11551675846297499,0.11888132424345023,0.12224589002392547,0.12561045580440072,0.12561045580440072,0.12561045580440072,0.12561045580440072,0.12561045580440072,0.13802909741504255,0.1504477390256844,0.16286638063632625,0.17528502224696813,0.16672224817168524,0.15815947409640238,0.14959670002111952,0.14103392594583666
9.29,0.004014725926499257,0.008029451852998512,0.01204417777949777,0.0171960748246779,0.02234797186985803,0.027934964837322537,0.03352195780478705,0.03910895077225156,0.04469594373971606,0.05028293670718065,0.05586992967464524,0.06145692264210984,0.06704391560957444,0.07263090857703886,0.07821790154450328,0.08380489451196771,0.08939188747943212,0.09274408325991082,0.09609627904038952,0.09944847482086822,0.10280067060134693,0.10503546778833273,0.10727026497531852,0.10950506216230432,0.11173985934929014,0.11509205512976908,0.11844425091024803,0.12179644669072698,0.12514864247120594,0.12514864247120594,0.12514864247120594,0.12514864247120594,0.12514864247120594,0.1375216263040837,0.14989461013696148,0.16226759396983925,0.17464057780271702,0.16610928520890617,0.15757799261509534,0.1490467000212845,0.1405154074274737
9.3,0.0039999111116888865,0.007999822223377771,0.011999733335066659,0.01713261926914138,0.022265505203216105,0.027831881504020134,0.03339825780482416,0.038964634105628185,0.04453101040643221,0.05009738670723632,0.055663763008040434,0.06123013930884455,0.06679651560964867,0.0723628919104526,0.07792926821125654,0.08349564451206049,0.08906202081286442,0.09240184659334683,0.09574167237382925,0.09908149815431166,0.10242132393479407,0.10464787445511567,0.10687442497543728,0.1091009754957589,0.11132752601608051,0.11466735179656316,0.11800717757704582,0.12134700335752849,0.12468682913801114,0.12468682913801113,0.12468682913801113,0.12468682913801113,0.12468682913801114,0.13701415519312482,0.1493414812482385,0.1616688073033522,0.17399613335846592,0.16549632224612712,0.15699651113378832,0.14849670002144955,0.13999688890911074
9.31,0.003985096296878516,0.00797019259375703,0.011955288890635548,0.017069163713604864,0.02218303853657418,0.027728798170717724,0.03327455780486127,0.03882031743900481,0.04436607707314836,0.04991183670729199,0.05545759634143562,0.06100335597557925,0.06654911560972289,0.07209487524386635,0.0776406348780098,0.08318639451215326,0.08873215414629672,0.09205960992678283,0.09538706570726896,0.09871452148775509,0.10204197726824121,0.10426028112189863,0.10647858497555604,0.10869688882921347,0.11091519268287088,0.11424264846335724,0.1175701042438436,0.12089756002432997,0.12422501580481635,0.12422501580481635,0.12422501580481635,0.12422501580481635,0.12422501580481635,0.13650668408216593,0.14878835235951554,0.16107002063686518,0.17335168891421482,0.16488335928334805,0.15641502965248127,0.14794670002161453,0.13947837039074779
9.32,0.003970281482068146,0.00794056296413629,0.011910844446204437,0.017005708158068344,0.022100571869932254,0.02762571483741532,0.03315085780489838,0.038676000772381446,0.04420114373986451,0.04972628670734766,0.05525142967483081,0.06077657264231396,0.06630171560979711,0.07182685857728008,0.07735200154476306,0.08287714451224604,0.08840228747972902,0.09171737326021884,0.09503245904070867,0.09834754482119851,0.10166263060168836,0.10387268778868158,0.1060827449756748,0.10829280216266803,0.11050285934966125,0.11381794513015132,0.1171330309106414,0.12044811669113148,0.12376320247162155,0.12376320247162154,0.12376320247162154,0.12376320247162154,0.12376320247162155,0.13599921297120707,0.1482352234707926,0.16047123397037816,0.17270724446996372,0.16427039632056897,0.15583354817117423,0.14739670002177951,0.13895985187238483
9.33,0.0039554666672577754,0.00791093333451555,0.011866400001773325,0.016942252602531828,0.02201810520329033,0.02752263150411291,0.033027157804935495,0.03853168410575808,0.04403621040658066,0.04954073670740332,0.055045263008225986,0.06054978930904866,0.06605431560987134,0.07155884191069384,0.07706336821151633,0.08256789451233881,0.08807242081316131,0.09137513659365484,0.09467785237414839,0.09798056815464194,0.1012832839351355,0.10348509445546453,0.10568690497579356,0.10788871549612258,0.11009052601645163,0.1133932417969454,0.11669595757743918,0.11999867335793296,0.12330138913842675,0.12330138913842675,0.12330138913842675,0.12330138913842675,0.12330138913842675,0.1354917418602482,0.14768209458206966,0.15987244730389114,0.17206280002571261,0.16365743335778993,0.15525206668986724,0.14684670002194455,0.13844133335402187
9.34,0.003940651852447405,0.007881303704894808,0.011821955557342214,0.016878797046995308,0.021935638536648403,0.027419548170810507,0.032903457804972606,0.038387367439134706,0.043871277073296806,0.04935518670745899,0.05483909634162118,0.06032300597578337,0.06580691560994556,0.07129082524410757,0.07677473487826958,0.08225864451243159,0.08774255414659361,0.09103289992709088,0.09432324570758813,0.09761359148808538,0.10090393726858264,0.10309750112224747,0.10529106497591231,0.10748462882957716,0.109678192683242,0.11296853846373948,0.11625888424423697,0.11954923002473447,0.12283957580523196,0.12283957580523194,0.12283957580523194,0.12283957580523194,0.12283957580523196,0.13498427074928934,0.1471289656933467,0.1592736606374041,0.1714183555814615,0.16304447039501085,0.1546705852085602,0.14629670002210954,0.1379228148356589
9.35,0.003925837037637035,0.007851674075274068,0.011777511112911103,0.01681534149145879,0.021853171870006478,0.027316464837508096,0.03277975780500972,0.03824305077251133,0.043706343740012955,0.04916963670751466,0.054632929675016366,0.06009622264251807,0.06555951561001978,0.0710228085775213,0.07648610154502283,0.08194939451252437,0.08741268748002591,0.09069066326052688,0.09396863904102784,0.09724661482152881,0.10052459060202978,0.10270990778903043,0.10489522497603107,0.10708054216303173,0.10926585935003237,0.11254383513053356,0.11582181091103476,0.11909978669153595,0.12237776247203716,0.12237776247203716,0.12237776247203716,0.12237776247203716,0.12237776247203716,0.13447679963833048,0.14657583680462377,0.1586748739709171,0.1707739111372104,0.16243150743223178,0.15408910372725315,0.14574670002227455,0.13740429631729595
9.36,0.003911022222826664,0.007822044445653327,0.011733066668479992,0.01675188593592227,0.021770705203364552,0.027213381504205693,0.03265605780504683,0.03809873410588797,0.043541410406729104,0.04898408670757033,0.05442676300841155,0.05986943930925278,0.06531211561009401,0.07075479191093505,0.07619746821177609,0.08164014451261714,0.08708282081345821,0.09034842659396289,0.09361403237446757,0.09687963815497225,0.10014524393547693,0.10232231445581338,0.10449938497614983,0.10667645549648629,0.10885352601682274,0.11211913179732765,0.11538473757783255,0.11865034335833746,0.12191594913884236,0.12191594913884235,0.12191594913884235,0.12191594913884235,0.12191594913884236,0.1339693285273716,0.14602270791590083,0.15807608730443007,0.1701294666929593,0.1618185444694527,0.15350762224594613,0.14519670002243956,0.136885777798933
9.37,0.0038962074080162936,0.007792414816032588,0.011688622224048881,0.016688430380385755,0.021688238536722627,0.027110298170903283,0.03253235780508394,0.0379544174392646,0.04337647707344525,0.04879853670762599,0.05422059634180673,0.05964265597598748,0.06506471561016823,0.07048677524434879,0.07590883487852937,0.08133089451270994,0.0867529541468905,0.0900061899273989,0.09325942570790728,0.09651266148841567,0.09976589726892407,0.10193472112259633,0.10410354497626859,0.10627236882994084,0.10844119268361312,0.11169442846412173,0.11494766424463033,0.11820090002513894,0.12145413580564757,0.12145413580564757,0.12145413580564757,0.12145413580564757,0.12145413580564757,0.1334618574164127,0.14546957902717786,0.15747730063794302,0.1694850222487082,0.16120558150667363,0.1529261407646391,0.14464670002260455,0.13636725928057003
9.38,0.003881392593205923,0.007762785186411847,0.01164417777961777,0.016624974824849235,0.0216057718700807,0.02700721483760088,0.032408657805121054,0.03781010077264123,0.0432115437401614,0.04861298670768166,0.054014429675201925,0.05941587264272219,0.06481731561024245,0.07021875857776254,0.07562020154528262,0.08102164451280272,0.0864230874803228,0.0896639532608349,0.09290481904134701,0.09614568482185912,0.09938655060237121,0.10154712778937927,0.10370770497638734,0.10586828216339542,0.10802885935040349,0.1112697251309158,0.11451059091142812,0.11775145669194045,0.12099232247245277,0.12099232247245276,0.12099232247245276,0.12099232247245276,0.12099232247245277,0.13295438630545386,0.14491645013845494,0.15687851397145602,0.1688405778044571,0.1605926185438946,0.15234465928333207,0.14409670002276959,0.13584874076220707
9.39,0.003866577778395553,0.0077331555567911065,0.011599733335186659,0.016561519269312718,0.021523305203438776,0.02690413150429847,0.032284957805158165,0.037665784106017855,0.04304661040687755,0.04842743670773733,0.05380826300859711,0.05918908930945689,0.06456991561031668,0.06995074191117628,0.07533156821203589,0.0807123945128955,0.0860932208137551,0.0893217165942709,0.09255021237478672,0.09577870815530254,0.09900720393581836,0.10115953445616223,0.1033118649765061,0.10546419549684999,0.10761652601719386,0.11084502179770989,0.11407351757822591,0.11730201335874194,0.12053050913925797,0.12053050913925797,0.12053050913925797,0.12053050913925797,0.12053050913925797,0.13244691519449497,0.14436332124973197,0.15627972730496897,0.168196133360206,0.15997965558111552,0.15176317780202503,0.14354670002293457,0.1353302222438441
9.4,0.0038517629635851825,0.007703525927170366,0.011555288890755548,0.016498063713776198,0.02144083853679685,0.026801048170996065,0.03216125780519528,0.03752146743939449,0.0428816770735937,0.048241886707793,0.0536020963419923,0.0589623059761916,0.0643225156103909,0.06968272524459002,0.07504293487878914,0.08040314451298827,0.0857633541471874,0.08897947992770691,0.09219560570822644,0.09541173148874596,0.0986278572692655,0.10077194112294519,0.10291602497662486,0.10506010883030455,0.10720419268398423,0.11042031846450397,0.1136364442450237,0.11685257002554345,0.12006869580606318,0.12006869580606316,0.12006869580606316,0.12006869580606316,0.12006869580606318,0.13193944408353608,0.143810192361009,0.15568094063848195,0.1675516889159549,0.15936669261833644,0.15118169632071798,0.14299670002309955,0.13481170372548115
9.41,0.003836948148774812,0.007673896297549625,0.011510844446324437,0.01643460815823968,0.021358371870154925,0.026697964837693655,0.03203755780523239,0.03737715077277112,0.04271674374030985,0.04805633670784866,0.05339592967538748,0.0587355226429263,0.06407511561046512,0.06941470857800378,0.07475430154554241,0.08009389451308105,0.0854334874806197,0.08863724326114292,0.09184099904166615,0.0950447548221894,0.09824851060271264,0.10038434778972813,0.10252018497674362,0.1046560221637591,0.1067918593507746,0.10999561513129805,0.11319937091182149,0.11640312669234493,0.11960688247286838,0.11960688247286838,0.11960688247286838,0.11960688247286838,0.11960688247286838,0.13143197297257722,0.14325706347228606,0.15508215397199493,0.1669072444717038,0.1587537296555574,0.150600214839411,0.1424467000232646,0.1342931852071182
9.42,0.0038221333339644417,0.007644266667928884,0.011466400001893326,0.01637115260270316,0.021275905203513,0.026594881504391252,0.0319138578052695,0.03723283410614775,0.042551810407026,0.04787078670790433,0.05318976300878267,0.05850873930966101,0.06382771561053935,0.06914669191141751,0.07446566821229567,0.07978464451317382,0.085103620814052,0.08829500659457895,0.09148639237510589,0.09467777815563283,0.09786916393615978,0.09999675445651107,0.10212434497686237,0.10425193549721368,0.10637952601756498,0.10957091179809213,0.11276229757861927,0.11595368335914644,0.11914506913967358,0.11914506913967357,0.11914506913967357,0.11914506913967357,0.11914506913967358,0.13092450186161836,0.14270393458356312,0.1544833673055079,0.1662628000274527,0.15814076669277832,0.15001873335810395,0.14189670002342958,0.13377466668875523
9.43,0.0038073185191540714,0.007614637038308144,0.011421955557462215,0.016307697047166645,0.021193438536871074,0.02649179817108884,0.03179015780530661,0.03708851743952438,0.04238687707374215,0.04768523670796,0.052983596342177856,0.05828195597639571,0.06358031561061357,0.06887867524483124,0.07417703487904892,0.0794753945132666,0.0847737541474843,0.08795276992801496,0.0911317857085456,0.09431080148907627,0.09748981726960693,0.09960916112329403,0.10172850497698113,0.10384784883066825,0.10596719268435535,0.10914620846488621,0.11232522424541706,0.11550424002594792,0.11868325580647879,0.11868325580647879,0.11868325580647879,0.11868325580647879,0.11868325580647879,0.13041703075065947,0.14215080569484018,0.15388458063902088,0.1656183555832016,0.15752780372999925,0.1494372518767969,0.1413467000235946,0.13325614817039227
9.44,0.003792503704343701,0.007585007408687403,0.011377511113031103,0.016244241491630125,0.02111097187022915,0.026388714837786438,0.031666457805343724,0.03694420077290101,0.0422219437404583,0.04749968670801567,0.05277742967557304,0.05805517264313042,0.0633329156106878,0.06861065857824498,0.07388840154580217,0.07916614451335938,0.0844438874809166,0.08761053326145096,0.09077717904198533,0.0939438248225197,0.09711047060305407,0.09922156779007699,0.10133266497709989,0.10344376216412281,0.10555485935114572,0.10872150513168029,0.11188815091221485,0.11505479669274943,0.11822144247328399,0.11822144247328398,0.11822144247328398,0.11822144247328398,0.11822144247328399,0.1299095596397006,0.14159767680611723,0.15328579397253386,0.1649739111389505,0.15691484076722018,0.1488557703954899,0.1407967000237596,0.13273762965202932
9.45,0.0037776888895333306,0.007555377779066662,0.011333066668599992,0.01618078593609361,0.021028505203587223,0.026285631504484028,0.031542757805380836,0.036799884106277644,0.042057010407174446,0.04731413670807133,0.05257126300896822,0.05782838930986512,0.06308551561076202,0.06834264191165873,0.07359976821255546,0.07885689451345218,0.08411402081434889,0.08726829659488697,0.09042257237542504,0.09357684815596312,0.09673112393650121,0.09883397445685993,0.10093682497721865,0.10303967549757737,0.1051425260179361,0.10829680179847437,0.11145107757901264,0.11460535335955091,0.1177596291400892,0.1177596291400892,0.1177596291400892,0.1177596291400892,0.1177596291400892,0.12940208852874174,0.1410445479173943,0.15268700730604684,0.1643294666946994,0.1563018778044411,0.14827428891418284,0.1402467000239246,0.13221911113366636
9.46,0.0037628740747229603,0.007525748149445921,0.011288622224168881,0.01611733038055709,0.020946038536945297,0.026182548171181624,0.03141905780541795,0.03665556743965427,0.041892077073890595,0.047128586708127,0.052365096342363415,0.05760160597659983,0.06283811561083624,0.06807462524507248,0.07331113487930871,0.07854764451354496,0.08378415414778119,0.08692605992832297,0.09006796570886477,0.09320987148940657,0.09635177726994835,0.09844638112364287,0.1005409849773374,0.10263558883103194,0.10473019268472647,0.10787209846526845,0.11101400424581043,0.11415591002635242,0.1172978158068944,0.11729781580689438,0.11729781580689438,0.11729781580689438,0.1172978158068944,0.12889461741778285,0.14049141902867132,0.1520882206395598,0.1636850222504483,0.15568891484166206,0.14769280743287583,0.13969670002408963,0.1317005926153034
9.47,0.00374805925991259,0.007496118519825181,0.01124417777973777,0.016053874825020572,0.020863571870303372,0.026079464837879214,0.03129535780545506,0.0365112507730309,0.041727143740606744,0.04694303670818267,0.0521589296757586,0.05737482264333453,0.06259071561091047,0.06780660857848622,0.07302250154606198,0.07823839451363773,0.08345428748121349,0.08658382326175898,0.08971335904230449,0.09284289482284999,0.0959724306033955,0.09805878779042583,0.10014514497745616,0.10223150216448651,0.10431785935151684,0.10744739513206253,0.11057693091260822,0.1137064666931539,0.1168360024736996,0.1168360024736996,0.1168360024736996,0.1168360024736996,0.1168360024736996,0.12838714630682396,0.13993829013994835,0.15148943397307277,0.16304057780619718,0.15507595187888298,0.14711132595156878,0.1391467000242546,0.13118207409694044
9.48,0.0037332444451022196,0.00746648889020444,0.011199733335306659,0.015990419269484052,0.020781105203661446,0.02597638150457681,0.03117165780549217,0.03636693410640753,0.04156221040732289,0.046757486708238344,0.05195276300915379,0.05714803931006924,0.06234331561098469,0.06753859191189995,0.07273386821281523,0.07792914451373051,0.08312442081464579,0.08624158659519499,0.0893587523757442,0.09247591815629341,0.09559308393684264,0.09767119445720879,0.09974930497757492,0.10182741549794107,0.10390552601830721,0.10702269179885661,0.110139857579406,0.11325702335995541,0.1163741891405048,0.11637418914050479,0.11637418914050479,0.11637418914050479,0.1163741891405048,0.1278796751958651,0.1393851612512254,0.15089064730658575,0.16239613336194608,0.1544629889161039,0.14652984447026174,0.1385967000244196,0.13066355557857748
9.49,0.003718429630291849,0.007436859260583699,0.011155288890875548,0.015926963713947535,0.02069863853701952,0.0258732981712744,0.031047957805529283,0.036222617439784166,0.04139727707403904,0.046571936708294,0.05174659634254897,0.05692125597680393,0.062095915611058906,0.0672705752453137,0.0724452348795685,0.07761989451382328,0.08279455414807808,0.08589934992863099,0.08900414570918391,0.09210894148973685,0.09521373727028978,0.09728360112399173,0.09935346497769368,0.10142332883139563,0.10349319268509759,0.10659798846565069,0.10970278424620379,0.11280758002675689,0.11591237580731001,0.11591237580731001,0.11591237580731001,0.11591237580731001,0.11591237580731001,0.12737220408490624,0.13883203236250247,0.15029186064009872,0.16175168891769498,0.15385002595332486,0.14594836298895475,0.13804670002458463,0.13014503706021452
9.5,0.003703614815481479,0.0074072296309629585,0.011110844446444437,0.015863508158411015,0.020616171870377595,0.025770214837971997,0.030924257805566395,0.03607830077316079,0.04123234374075519,0.04638638670834967,0.051540429675944154,0.056694472643538635,0.06184851561113312,0.06700255857872744,0.07215660154632175,0.07731064451391606,0.08246468748151038,0.08555711326206702,0.08864953904262365,0.09174196482318028,0.09483439060373693,0.09689600779077467,0.09895762497781244,0.1010192421648502,0.10308085935188796,0.10617328513244477,0.10926571091300158,0.1123581366935584,0.11545056247411521,0.1154505624741152,0.1154505624741152,0.1154505624741152,0.11545056247411521,0.12686473297394738,0.13827890347377952,0.1496930739736117,0.16110724447344388,0.1532370629905458,0.1453668815076477,0.13749670002474962,0.12962651854185156
9.51,0.0036888000006711085,0.007377600001342218,0.011066400002013326,0.0158000526028745,0.02053370520373567,0.025667131504669587,0.030800557805603507,0.03593398410653742,0.04106741040747134,0.04620083670840534,0.05133426300933934,0.056467689310273336,0.06160111561120734,0.06673454191214118,0.071867968213075,0.07700139451400884,0.08213482081494268,0.08521487659550303,0.08829493237606337,0.09137498815662372,0.09445504393718407,0.09650841445755763,0.0985617849779312,0.10061515549830477,0.10266852601867833,0.10574858179923885,0.10882863757979937,0.11190869336035988,0.11498874914092042,0.11498874914092042,0.11498874914092042,0.11498874914092042,0.11498874914092042,0.1263572618629885,0.13772577458505658,0.14909428730712468,0.16046280002919278,0.15262410002776672,0.14478540002634066,0.13694670002491463,0.1291080000234886
9.52,0.003673985185860738,0.007347970371721477,0.011021955557582215,0.01573659704733798,0.020451238537093745,0.025564048171367183,0.03067685780564062,0.035789667439914054,0.04090247707418749,0.046015286708461,0.05112809634273452,0.05624090597700804,0.061353715611281556,0.06646652524555491,0.07157933487982826,0.07669214451410161,0.08180495414837498,0.08487263992893904,0.0879403257095031,0.09100801149006715,0.09407569727063121,0.09612082112434059,0.09816594497804995,0.10021106883175933,0.1022561926854687,0.10532387846603293,0.10839156424659716,0.1114592500271614,0.11452693580772562,0.1145269358077256,0.1145269358077256,0.1145269358077256,0.11452693580772562,0.12584979075202962,0.13717264569633364,0.14849550064063766,0.15981835558494167,0.15201113706498764,0.14420391854503364,0.13639670002507964,0.12858948150512564
9.53,0.0036591703710503677,0.007318340742100736,0.010977511113151104,0.015673141491801462,0.02036877187045182,0.025460964838064773,0.03055315780567773,0.03564535077329069,0.04073754374090364,0.04582973670851667,0.050921929676129705,0.05601412264374274,0.06110631561135577,0.06619850857896864,0.07129070154658151,0.07638289451419439,0.08147508748180728,0.08453040326237504,0.08758571904294281,0.09064103482351057,0.09369635060407835,0.09573322779112353,0.09777010497816871,0.09980698216521389,0.10184385935225908,0.10489917513282701,0.10795449091339494,0.11100980669396288,0.11406512247453082,0.11406512247453082,0.11406512247453082,0.11406512247453082,0.11406512247453082,0.12534231964107073,0.13661951680761067,0.1478967139741506,0.15917391114069057,0.15139817410220857,0.1436224370637266,0.13584670002524463,0.12807096298676268
9.54,0.0036443555562399974,0.007288711112479996,0.010933066668719993,0.015609685936264942,0.020286305203809894,0.02535788150476237,0.030429457805714842,0.035501034106667315,0.04057261040761979,0.04564418670857233,0.05071576300952488,0.055787339310477434,0.06085891561142999,0.06593049191238237,0.07100206821333477,0.07607364451428716,0.08114522081523957,0.08418816659581105,0.08723111237638254,0.09027405815695402,0.0933170039375255,0.09534563445790648,0.09737426497828747,0.09940289549866846,0.10143152601904945,0.10447447179962109,0.10751741758019273,0.11056036336076439,0.11360330914133603,0.11360330914133601,0.11360330914133601,0.11360330914133601,0.11360330914133603,0.1248348485301119,0.13606638791888775,0.1472979273076636,0.15852946669643947,0.15078521113942953,0.14304095558241958,0.13529670002540967,0.12755244446839972
9.55,0.003629540741429627,0.007259081482859255,0.010888622224288881,0.015546230380728426,0.020203838537167968,0.02525479817145996,0.030305757805751954,0.03535671744004394,0.040407677074335936,0.045458636708628,0.05050959634292007,0.05556055597721214,0.060611515611504206,0.06566247524579612,0.07071343488008802,0.07576439451437994,0.08081535414867187,0.08384592992924705,0.08687650570982225,0.08990708149039744,0.09293765727097264,0.09495804112468943,0.09697842497840622,0.09899880883212303,0.10101919268583982,0.10404976846641517,0.10708034424699052,0.11011092002756587,0.11314149580814123,0.11314149580814123,0.11314149580814123,0.11314149580814123,0.11314149580814123,0.124327377419153,0.13551325903016478,0.14669914064117656,0.15788502225218837,0.15017224817665045,0.14245947410111254,0.13474670002557465,0.12703392595003676
9.56,0.0036147259266192566,0.007229451853238514,0.01084417777985777,0.015482774825191906,0.020121371870526043,0.025151714838157556,0.030182057805789066,0.035212400773420575,0.040242743741052085,0.04527308670868367,0.05030342967631525,0.05533377264394684,0.06036411561157842,0.06539445857920985,0.07042480154684128,0.07545514451447272,0.08048548748210417,0.08350369326268306,0.08652189904326196,0.08954010482384087,0.09255831060441978,0.09457044779147239,0.09658258497852498,0.09859472216557759,0.1006068593526302,0.10362506513320925,0.10664327091378831,0.10966147669436738,0.11267968247494643,0.11267968247494642,0.11267968247494642,0.11267968247494642,0.11267968247494643,0.12381990630819412,0.13496013014144181,0.14610035397468954,0.15724057780793727,0.14955928521387138,0.1418779926198055,0.13419670002573963,0.1265154074316738
9.57,0.0035999111118088863,0.007199822223617773,0.01079973333542666,0.015419319269655389,0.020038905203884117,0.025048631504855146,0.030058357805826177,0.03506808410679721,0.040077810407768234,0.04508753670873933,0.05009726300971043,0.05510698931068153,0.06011671561165264,0.06512644191262358,0.07013616821359453,0.07514589451456549,0.08015562081553647,0.08316145659611907,0.08616729237670168,0.0891731281572843,0.09217896393786693,0.09418285445825533,0.09618674497864374,0.09819063549903215,0.10019452601942057,0.10320036180000333,0.1062061975805861,0.10921203336116886,0.11221786914175164,0.11221786914175164,0.11221786914175164,0.11221786914175164,0.11221786914175164,0.12331243519723525,0.13440700125271887,0.14550156730820252,0.15659613336368616,0.14894632225109233,0.1412965111384985,0.13364670002590467,0.12599688891331084
9.58,0.003585096296998516,0.007170192593997033,0.010755288890995548,0.015355863714118869,0.01995643853724219,0.024945548171552742,0.02993465780586329,0.034923767440173836,0.03991287707448438,0.044901986708795,0.049891096343105616,0.05488020597741623,0.059869315611726856,0.06485842524603733,0.06984753488034781,0.0748366445146583,0.07982575414896877,0.0828192199295551,0.08581268571014142,0.08880615149072774,0.09179961727131407,0.09379526112503828,0.0957909049787625,0.09778654883248672,0.09978219268621094,0.10277565846679741,0.10576912424738388,0.10876259002797037,0.11175605580855684,0.11175605580855683,0.11175605580855683,0.11175605580855683,0.11175605580855684,0.12280496408627639,0.13385387236399593,0.1449027806417155,0.15595168891943506,0.14833335928831326,0.14071502965719146,0.13309670002606966,0.12547837039494789
9.59,0.0035702814821881456,0.007140562964376292,0.010710844446564437,0.015292408158582353,0.019873971870600266,0.024842464838250332,0.0298109578059004,0.03477945077355046,0.03974794374120053,0.04471643670885067,0.0496849296765008,0.054653422644150934,0.05962191561180107,0.06459040857945107,0.06955890154710107,0.07452739451475107,0.07949588748240106,0.0824769832629911,0.08545807904358113,0.08843917482417117,0.09142027060476121,0.09340766779182123,0.09539506497888126,0.09738246216594129,0.09936985935300131,0.10235095513359149,0.10533205091418167,0.10831314669477185,0.11129424247536204,0.11129424247536204,0.11129424247536204,0.11129424247536204,0.11129424247536204,0.12229749297531751,0.133300743475273,0.14430399397522847,0.15530724447518396,0.1477203963255342,0.14013354817588441,0.13254670002623467,0.12495985187658493
9.6,0.003555466667377775,0.007110933334755551,0.010666400002133326,0.015228952603045832,0.01979150520395834,0.02473938150494793,0.029687257805937513,0.0346351341069271,0.03958301040791668,0.04453088670890633,0.04947876300989598,0.054426639310885636,0.05937451561187529,0.0643223919128648,0.06927026821385432,0.07421814451484385,0.07916602081583336,0.08213474659642711,0.08510347237702086,0.0880721981576146,0.09104092393820835,0.09302007445860419,0.09499922497900001,0.09697837549939585,0.09895752601979169,0.10192625180038557,0.10489497758097946,0.10786370336157336,0.11083242914216725,0.11083242914216723,0.11083242914216723,0.11083242914216723,0.11083242914216725,0.12179002186435864,0.13274761458655004,0.14370520730874145,0.15466280003093286,0.1471074333627551,0.1395520666945774,0.13199670002639968,0.12444133335822197
9.61,0.003540651852567405,0.0070813037051348105,0.010621955557702215,0.015165497047509316,0.019709038537316415,0.024636298171645518,0.029563557805974625,0.03449081744030373,0.03941807707463283,0.044345336708962,0.04927259634329117,0.05419985597762034,0.059127115611949506,0.06405437524627854,0.06898163488060757,0.07390889451493662,0.07883615414926566,0.08179250992986312,0.08474886571046057,0.08770522149105803,0.0906615772716555,0.09263248112538713,0.09460338497911877,0.09657428883285041,0.09854519268658206,0.10150154846717965,0.10445790424777725,0.10741426002837484,0.11037061580897245,0.11037061580897245,0.11037061580897245,0.11037061580897245,0.11037061580897245,0.12128255075339978,0.1321944856978271,0.14310642064225443,0.15401835558668175,0.14649447039997604,0.13897058521327035,0.13144670002656467,0.12392281483985901
9.62,0.0035258370377570345,0.00705167407551407,0.010577511113271104,0.015102041491972796,0.01962657187067449,0.024533214838343115,0.029439857806011736,0.03434650077368036,0.03925314374134898,0.04415978670901766,0.04906642967668634,0.05397307264435503,0.05887971561202372,0.06378635857969228,0.06869300154736084,0.0735996445150294,0.07850628748269796,0.08145027326329912,0.0843942590439003,0.08733824482450148,0.09028223060510264,0.09224488779217008,0.09420754497923753,0.09617020216630498,0.09813285935337243,0.10107684513397373,0.10402083091457504,0.10696481669517635,0.10990880247577765,0.10990880247577764,0.10990880247577764,0.10990880247577764,0.10990880247577765,0.12077507964244089,0.13164135680910413,0.14250763397576738,0.15337391114243065,0.145881507437197,0.13838910373196334,0.1308967000267297,0.12340429632149605
9.63,0.003511022222946664,0.007022044445893329,0.010533066668839993,0.01503858593643628,0.019544105204032564,0.024430131505040704,0.029316157806048848,0.034202184107056985,0.03908821040806513,0.04397423670907333,0.048860263010081534,0.05374628931108974,0.05863231561209794,0.06351834191310601,0.0684043682141141,0.07329039451512218,0.07817642081613026,0.08110803659673513,0.08403965237734001,0.0869712681579449,0.08990288393854978,0.09185729445895303,0.09381170497935629,0.09576611549975955,0.0977205260201628,0.10065214180076781,0.10358375758137282,0.10651537336197783,0.10944698914258286,0.10944698914258286,0.10944698914258286,0.10944698914258286,0.10944698914258286,0.12026760853148204,0.13108822792038122,0.14190884730928038,0.15272946669817955,0.14526854447441792,0.1378076222506563,0.1303467000268947,0.12288577780313309
9.64,0.0034962074081362937,0.006992414816272588,0.010488622224408882,0.01497513038089976,0.01946163853739064,0.0243270481717383,0.02919245780608596,0.03405786744043362,0.03892327707478128,0.043788686709129,0.04865409634347671,0.053519505977824434,0.058384915612172156,0.06325032524651975,0.06811573488086735,0.07298114451521495,0.07784655414956256,0.08076579993017113,0.08368504571077973,0.08660429149138832,0.08952353727199693,0.09146970112573599,0.09341586497947504,0.09536202883321411,0.09730819268695318,0.1002274384675619,0.10314668424817061,0.10606593002877934,0.10898517580938806,0.10898517580938805,0.10898517580938805,0.10898517580938805,0.10898517580938806,0.11976013742052313,0.13053509903165822,0.14131006064279333,0.15208502225392845,0.14465558151163885,0.13722614076934925,0.12979670002705967,0.12236725928477013
9.65,0.0034813925933259234,0.006962785186651848,0.01044417777997777,0.014911674825363243,0.019379171870748713,0.02422396483843589,0.02906875780612307,0.03391355077381025,0.03875834374149743,0.043603136709184656,0.04844792967687189,0.05329272264455913,0.05813751561224637,0.06298230857993349,0.06782710154762062,0.07267189451530773,0.07751668748299485,0.08042356326360714,0.08333043904421944,0.08623731482483175,0.08914419060544407,0.09108210779251893,0.0930200249795938,0.09495794216666867,0.09689585935374355,0.09980273513435597,0.1027096109149684,0.10561648669558082,0.10852336247619326,0.10852336247619326,0.10852336247619326,0.10852336247619326,0.10852336247619326,0.11925266630956427,0.12998197014293528,0.1407112739763063,0.15144057780967735,0.1440426185488598,0.13664465928804226,0.12924670002722471,0.12184874076640717
9.66,0.003466577778515553,0.006933155557031107,0.01039973333554666,0.014848219269826723,0.019296705204106788,0.024120881505133487,0.028945057806160183,0.03376923410718688,0.038593410408213576,0.04341758670924033,0.04824176301026708,0.05306593931129383,0.05789011561232059,0.06271429191334724,0.06753846821437387,0.0723626445154005,0.07718682081642715,0.08008132659704317,0.08297583237765918,0.08587033815827519,0.08876484393889121,0.09069451445930188,0.09262418497971256,0.09455385550012324,0.09648352602053392,0.09937803180115005,0.10227253758176619,0.10516704336238233,0.10806154914299847,0.10806154914299845,0.10806154914299845,0.10806154914299845,0.10806154914299847,0.11874519519860541,0.12942884125421233,0.1401124873098193,0.15079613336542624,0.14342965558608073,0.1360631778067352,0.1286967000273897,0.12133022224804421
9.67,0.0034517629637051826,0.006903525927410366,0.010355288891115548,0.014784763714290206,0.019214238537464862,0.024017798171831077,0.028821357806197295,0.033624917440563507,0.038428477074929725,0.043232036709296,0.048035596343662265,0.05283915597802853,0.057642715612394806,0.06244627524676097,0.06724983488112712,0.07205339451549328,0.07685695414985945,0.07973908993047918,0.0826212257110989,0.08550336149171862,0.08838549727233835,0.09030692112608484,0.09222834497983132,0.09414976883357781,0.0960711926873243,0.09895332846794413,0.10183546424856398,0.10471760002918382,0.10759973580980367,0.10759973580980367,0.10759973580980367,0.10759973580980367,0.10759973580980367,0.11823772408764653,0.1288757123654894,0.13951370064333227,0.15015168892117514,0.14281669262330166,0.13548169632542817,0.1281467000275547,0.12081170372968125
9.68,0.0034369481488948123,0.006873896297789625,0.010310844446684437,0.014721308158753686,0.019131771870822937,0.023914714838528674,0.028697657806234407,0.03348060077394014,0.038263543741645874,0.043046486709351656,0.047829429677057445,0.05261237264476323,0.05739531561246902,0.0621782585801747,0.06696120154788038,0.07174414451558606,0.07652708748329175,0.07939685326391518,0.08226661904453862,0.08513638482516206,0.0880061506057855,0.08991932779286779,0.09183250497995007,0.09374568216703237,0.09565885935411467,0.09852862513473822,0.10139839091536176,0.10426815669598533,0.10713792247660887,0.10713792247660886,0.10713792247660886,0.10713792247660886,0.10713792247660887,0.11773025297668765,0.12832258347676645,0.13891491397684524,0.14950724447692404,0.14220372966052258,0.13490021484412115,0.12759670002771972,0.1202931852113183
9.69,0.003422133334084442,0.006844266668168885,0.010266400002253326,0.01465785260321717,0.01904930520418101,0.023811631505226263,0.02857395780627152,0.033336284107316774,0.03809861040836202,0.04286093670940733,0.04762326301045263,0.052385589311497935,0.05714791561254324,0.06191024191358843,0.06667256821463363,0.07143489451567883,0.07619722081672405,0.07905461659735119,0.08191201237797834,0.08476940815860548,0.08762680393923264,0.08953173445965074,0.09143666498006883,0.09334159550048693,0.09524652602090504,0.0981039218015323,0.10096131758215955,0.10381871336278681,0.10667610914341408,0.10667610914341408,0.10667610914341408,0.10667610914341408,0.10667610914341408,0.11722278186572878,0.12776945458804348,0.1383161273103582,0.14886280003267294,0.1415907666977435,0.1343187333628141,0.1270467000278847,0.11977466669295533
9.7,0.0034073185192740716,0.006814637038548144,0.010221955557822215,0.01459439704768065,0.018966838537539086,0.02370854817192386,0.02845025780630863,0.0331919674406934,0.03793367707507817,0.042675386709462984,0.0474170963438478,0.05215880597823263,0.056900515612617455,0.06164222524700217,0.06638393488138689,0.07112564451577161,0.07586735415015634,0.0787123799307872,0.08155740571141806,0.08440243149204893,0.08724745727267978,0.08914414112643368,0.09104082498018759,0.0929375088339415,0.09483419268769541,0.09767921846832638,0.10052424424895734,0.10336927002958832,0.10621429581021928,0.10621429581021927,0.10621429581021927,0.10621429581021927,0.10621429581021928,0.11671531075476993,0.12721632569932056,0.1377173406438712,0.14821835558842184,0.14097780373496446,0.1337372518815071,0.12649670002804975,0.11925614817459237
9.71,0.003392503704463701,0.006785007408927403,0.010177511113391104,0.014530941492144133,0.01888437187089716,0.02360546483862145,0.028326557806345742,0.03304765077407003,0.03776874374179432,0.042489836709518655,0.047210929677242996,0.05193202264496734,0.05665311561269167,0.06137420858041591,0.06609530154814014,0.07081639451586438,0.07553748748358864,0.0783701432642232,0.08120279904485778,0.08403545482549235,0.08686811060612692,0.08875654779321664,0.09064498498030635,0.09253342216739607,0.09442185935448578,0.09725451513512046,0.10008717091575513,0.1029198266963898,0.10575248247702448,0.10575248247702448,0.10575248247702448,0.10575248247702448,0.10575248247702448,0.11620783964381104,0.1266631968105976,0.13711855397738415,0.14757391114417073,0.1403648407721854,0.13315577040020005,0.12594670002821473,0.11873762965622942
9.72,0.003377688889653331,0.0067553777793066625,0.010133066668959993,0.014467485936607613,0.018801905204255235,0.023502381505319046,0.028202857806382854,0.03290333410744666,0.03760381040851047,0.042304286709574326,0.047004763010638176,0.05170523931170203,0.05640571561276589,0.06110619191382964,0.0658066682148934,0.07050714451595716,0.07520762081702094,0.07802790659765921,0.08084819237829749,0.08366847815893577,0.08648876393957407,0.0883689544599996,0.0902491449804251,0.09212933550085063,0.09400952602127616,0.09682981180191454,0.09965009758255292,0.10247038336319131,0.10529066914382969,0.10529066914382967,0.10529066914382967,0.10529066914382967,0.10529066914382969,0.11570036853285215,0.12611006792187462,0.13651976731089713,0.14692946669991963,0.13975187780940632,0.132574288918893,0.12539670002837972,0.11821911113786646
9.73,0.0033628740748429605,0.006725748149685922,0.010088622224528882,0.014404030381071097,0.01871943853761331,0.023399298172016636,0.028079157806419966,0.032759017440823296,0.03743887707522662,0.042118736709629984,0.046798596344033355,0.05147845597843673,0.056158315612840105,0.06083817524724337,0.06551803488164665,0.07019789451604994,0.07487775415045324,0.07768566993109521,0.0804935857117372,0.0833015014923792,0.08610941727302121,0.08798136112678254,0.08985330498054386,0.09172524883430519,0.09359719268806653,0.09640510846870862,0.0992130242493507,0.10202094002999279,0.10482885581063489,0.10482885581063489,0.10482885581063489,0.10482885581063489,0.10482885581063489,0.11519289742189329,0.12555693903315168,0.1359209806444101,0.14628502225566853,0.13913891484662727,0.131992807437586,0.12484670002854475,0.1177005926195035
9.74,0.00334805926003259,0.006696118520065181,0.01004417778009777,0.014340574825534576,0.018636971870971384,0.023296214838714233,0.027955457806457078,0.03261470077419992,0.03727394374194277,0.041933186709685655,0.04659242967742854,0.05125167264517143,0.05591091561291432,0.060570158580657125,0.06522940154839993,0.06988864451614274,0.07454788748388554,0.07734343326453125,0.08013897904517694,0.08293452482582264,0.08573007060646835,0.08759376779356548,0.08945746498066262,0.09132116216775976,0.0931848593548569,0.0959804051355027,0.09877595091614849,0.1015714966967943,0.1043670424774401,0.10436704247744008,0.10436704247744008,0.10436704247744008,0.1043670424774401,0.11468542631093442,0.12500381014442874,0.13532219397792308,0.14564057781141743,0.1385259518838482,0.13141132595627897,0.12429670002870975,0.11718207410114054
9.75,0.0033332444452222197,0.00666648889044444,0.00999973333566666,0.01427711926999806,0.01855450520432946,0.023193131505411822,0.02783175780649419,0.03247038410757655,0.03710901040865892,0.041747636709741326,0.04638626301082373,0.05102488931190613,0.05566351561298854,0.060302141914070864,0.06494076821515318,0.06957939451623552,0.07421802081731783,0.07700119659796725,0.07978437237861666,0.08256754815926608,0.0853507239399155,0.08720617446034844,0.08906162498078138,0.09091707550121433,0.09277252602164728,0.09555570180229678,0.09833887758294628,0.10112205336359578,0.1039052291442453,0.1039052291442453,0.1039052291442453,0.1039052291442453,0.1039052291442453,0.11417795519997555,0.1244506812557058,0.13472340731143606,0.14499613336716632,0.13791298892106912,0.13082984447497192,0.12374670002887475,0.11666355558277758
9.76,0.0033184296304118494,0.0066368592608237,0.009955288891235549,0.01421366371446154,0.018472038537687533,0.02309004817210942,0.0277080578065313,0.032326067440953184,0.036944077075375066,0.04156208670979698,0.04618009634421891,0.05079810597864083,0.055416115613062755,0.060034125247484596,0.06465213488190644,0.06927014451632829,0.07388815415075013,0.07665895993140326,0.07942976571205639,0.08220057149270951,0.08497137727336264,0.0868185811271314,0.08866578498090014,0.09051298883466889,0.09236019268843765,0.09513099846909086,0.09790180424974407,0.10067261003039729,0.1034434158110505,0.10344341581105049,0.10344341581105049,0.10344341581105049,0.1034434158110505,0.11367048408901667,0.12389755236698285,0.13412462064494904,0.14435168892291522,0.13730002595829005,0.1302483629936649,0.12319670002903976,0.11614503706441462
9.77,0.003303614815601479,0.006607229631202959,0.009910844446804437,0.014150208158925023,0.018389571871045608,0.02298696483880701,0.027584357806568413,0.03218175077432982,0.036779143742091215,0.041376536709852654,0.045973929677614093,0.05057132264537553,0.05516871561313697,0.05976610858089833,0.06436350154865969,0.06896089451642107,0.07355828748418243,0.07631672326483926,0.0790751590454961,0.08183359482615293,0.08459203060680978,0.08643098779391434,0.0882699449810189,0.09010890216812345,0.09194785935522802,0.09470629513588494,0.09746473091654186,0.10022316669719877,0.1029816024778557,0.1029816024778557,0.1029816024778557,0.1029816024778557,0.1029816024778557,0.11316301297805781,0.12334442347825991,0.13352583397846202,0.14370724447866412,0.13668706299551098,0.12966688151235786,0.12264670002920476,0.11562651854605166
9.78,0.0032888000007911086,0.006577600001582218,0.009866400002373326,0.014086752603388503,0.018307105204403682,0.022883881505504605,0.027460657806605525,0.032037434107706445,0.036614210408807364,0.04119098670990831,0.045767763011009266,0.05034453931211023,0.05492131561321119,0.05949809191431207,0.06407486821541296,0.06865164451651384,0.07322842081761473,0.07597448659827527,0.07872055237893583,0.08146661815959638,0.08421268394025692,0.08604339446069728,0.08787410498113765,0.08970481550157802,0.09153552602201839,0.09428159180267902,0.09702765758333964,0.09977372336400028,0.10251978914466091,0.1025197891446609,0.1025197891446609,0.1025197891446609,0.10251978914466091,0.11265554186709892,0.12279129458953694,0.13292704731197497,0.14306280003441302,0.13607410003273193,0.12908540003105085,0.12209670002936977,0.1151080000276887
9.79,0.0032739851859807383,0.006547970371961477,0.009821955557942215,0.014023297047851987,0.018224638537761757,0.022780798172202195,0.027336957806642637,0.03189311744108307,0.03644927707552351,0.04100543670996398,0.04556159634440446,0.050117755978844936,0.054673915613285405,0.059230075247725805,0.06378623488216621,0.06834239451660662,0.07289855415104703,0.07563224993171128,0.07836594571237554,0.0810996414930398,0.08383333727370407,0.08565580112748024,0.08747826498125641,0.0893007288350326,0.09112319268880877,0.0938568884694731,0.09659058425013743,0.09932428003080176,0.10205797581146611,0.10205797581146611,0.10205797581146611,0.10205797581146611,0.10205797581146611,0.11214807075614006,0.12223816570081401,0.13232826064548797,0.14241835559016192,0.13546113706995286,0.1285039185497438,0.12154670002953477,0.11458948150932574
9.8,0.003259170371170368,0.006518340742340737,0.009777511113511104,0.013959841492315467,0.01814217187111983,0.02267771483889979,0.02721325780667975,0.031748800774459705,0.03628434374223966,0.040819886710019654,0.04535542967779964,0.04989097264557963,0.05442651561335962,0.058962058581139544,0.06349760154891947,0.0680331445166994,0.07256868748447932,0.07529001326514728,0.07801133904581525,0.08073266482648322,0.08345399060715121,0.0852682077942632,0.08708242498137517,0.08889664216848715,0.09071085935559914,0.09343218513626718,0.09615351091693522,0.09887483669760327,0.10159616247827132,0.1015961624782713,0.1015961624782713,0.1015961624782713,0.10159616247827132,0.1116405996451812,0.12168503681209106,0.13172947397900092,0.1417739111459108,0.1348481741071738,0.1279224370684368,0.1209967000296998,0.11407096299096278
9.81,0.0032443555563599976,0.006488711112719996,0.009733066669079993,0.01389638593677895,0.018059705204477906,0.02257463150559738,0.02708955780671686,0.03160448410783634,0.03611941040895581,0.04063433671007531,0.04514926301119482,0.049664189312314325,0.05417911561343384,0.05869404191455328,0.06320896821567273,0.06772389451679217,0.07223882081791162,0.07494777659858329,0.07765673237925497,0.08036568815992666,0.08307464394059835,0.08488061446104614,0.08668658498149392,0.08849255550194171,0.09029852602238951,0.09300748180306126,0.09571643758373301,0.09842539336440476,0.10113434914507652,0.10113434914507652,0.10113434914507652,0.10113434914507652,0.10113434914507652,0.1111331285342223,0.1211319079233681,0.1311306873125139,0.1411294667016597,0.13423521114439474,0.12734095558712977,0.1204467000298648,0.11355244447259982
9.82,0.003229540741549627,0.006459081483099255,0.009688622224648882,0.01383293038124243,0.01797723853783598,0.022471548172294978,0.026965857806753972,0.031460167441212966,0.03595447707567196,0.04044878671013098,0.044943096344590004,0.049437405979049026,0.053931715613508055,0.05842602524796702,0.06292033488242599,0.06741464451688495,0.07190895415134392,0.07460553993201932,0.07730212571269471,0.0799987114933701,0.0826952972740455,0.08449302112782908,0.08629074498161268,0.08808846883539628,0.08988619268917988,0.09258277846985534,0.0952793642505308,0.09797595003120627,0.10067253581188172,0.10067253581188171,0.10067253581188171,0.10067253581188171,0.10067253581188172,0.11062565742326344,0.12057877903464516,0.13053190064602688,0.1404850222574086,0.13362224818161567,0.12675947410582272,0.11989670003002979,0.11303392595423686
9.83,0.003214725926739257,0.0064294518534785145,0.009644177780217771,0.013769474825705914,0.017894771871194055,0.022368464838992567,0.026842157806791084,0.03131585077458959,0.03578954374238811,0.04026323671018665,0.04473692967798519,0.04921062264578373,0.05368431561358227,0.05815800858138076,0.06263170154917924,0.06710539451697772,0.07157908748477622,0.07426330326545533,0.07694751904613442,0.07963173482681353,0.08231595060749264,0.08410542779461204,0.08589490498173144,0.08768438216885086,0.08947385935597026,0.09215807513664942,0.09484229091732858,0.09752650669800775,0.10021072247868693,0.10021072247868693,0.10021072247868693,0.10021072247868693,0.10021072247868693,0.11011818631230456,0.1200256501459222,0.12993311397953985,0.1398405778131575,0.1330092852188366,0.12617799262451568,0.11934670003019479,0.1125154074358739
9.84,0.0031999111119288865,0.006399822223857774,0.00959973333578666,0.013706019270169394,0.01781230520455213,0.022265381505690164,0.026718457806828196,0.031171534107966227,0.03562461040910426,0.04007768671024231,0.04453076301138037,0.04898383931251843,0.05343691561365649,0.05788999191479449,0.062343068215932496,0.0667961445170705,0.07124922081820852,0.07392106659889133,0.07659291237957415,0.07926475816025697,0.08193660394093978,0.083717834461395,0.0854990649818502,0.08728029550230541,0.08906152602276063,0.0917333718034435,0.09440521758412637,0.09707706336480926,0.09974890914549213,0.09974890914549212,0.09974890914549212,0.09974890914549212,0.09974890914549213,0.10961071520134569,0.11947252125719926,0.12933432731305283,0.1391961333689064,0.13239632225605752,0.12559651114320866,0.1187967000303598,0.11199688891751094
9.85,0.003185096297118516,0.006370192594237033,0.009555288891355549,0.013642563714632877,0.017729838537910204,0.022162298172387754,0.026594757806865307,0.031027217441342857,0.03545967707582041,0.03989213671029798,0.044324596344775556,0.04875705597925313,0.053189515613730705,0.057621975248208224,0.06205443488268575,0.06648689451716328,0.07091935415164081,0.07357882993232734,0.07623830571301386,0.07889778149370039,0.08155725727438692,0.08333024112817794,0.08510322498196896,0.08687620883575997,0.088649192689551,0.09130866847023758,0.09396814425092416,0.09662762003161074,0.09928709581229733,0.09928709581229733,0.09928709581229733,0.09928709581229733,0.09928709581229733,0.10910324409038681,0.11891939236847629,0.12873554064656578,0.1385516889246553,0.13178335929327845,0.12501502966190162,0.1182467000305248,0.11147837039914799
9.86,0.0031702814823081457,0.006340562964616292,0.009510844446924438,0.013579108159096357,0.017647371871268278,0.02205921483908535,0.02647105780690242,0.030882900774719488,0.035294743742536556,0.03970658671035364,0.04411842967817073,0.048530272645987825,0.05294211561380492,0.05735395858162196,0.061765801549439,0.06617764451725605,0.07058948748507311,0.07323659326576334,0.07588369904645359,0.07853080482714384,0.08117791060783407,0.08294264779496088,0.08470738498208771,0.08647212216921454,0.08823685935634137,0.09088396513703166,0.09353107091772195,0.09617817669841225,0.09882528247910254,0.09882528247910252,0.09882528247910252,0.09882528247910252,0.09882528247910254,0.10859577297942796,0.11836626347975338,0.1281367539800788,0.1379072444804042,0.1311703963304994,0.1244335481805946,0.11769670003068981,0.11095985188078503
9.87,0.0031554666674977754,0.006310933334995552,0.009466400002493327,0.01351565260355984,0.017564905204626353,0.02195613150578294,0.02634735780693953,0.030738584108096118,0.035129810409252706,0.03952103671040931,0.04391226301156592,0.04830348931272253,0.05269471561387914,0.0570859419150357,0.06147716821619227,0.06586839451734884,0.07025962081850541,0.07289435659919935,0.0755290923798933,0.07816382816058726,0.08079856394128121,0.08255505446174384,0.08431154498220647,0.08606803550266912,0.08782452602313175,0.09045926180382574,0.09309399758451974,0.09572873336521373,0.09836346914590774,0.09836346914590774,0.09836346914590774,0.09836346914590774,0.09836346914590774,0.10808830186846907,0.1178131345910304,0.12753796731359174,0.1372628000361531,0.13055743336772033,0.12385206669928757,0.11714670003085481,0.11044133336242207
9.88,0.003140651852687405,0.006281303705374811,0.009421955558062215,0.01345219704802332,0.017482438537984427,0.021853048172480537,0.026223657806976643,0.03059426744147275,0.034964877075968855,0.03933548671046498,0.0437060963449611,0.04807670597945723,0.052447315613953355,0.05681792524844944,0.061188534882945525,0.06555914451744162,0.06992975415193771,0.07255211993263536,0.07517448571333302,0.07779685149403068,0.08041921727472835,0.0821674611285268,0.08391570498232523,0.08566394883612367,0.08741219268992212,0.09003455847061982,0.09265692425131752,0.09527929003201524,0.09790165581271294,0.09790165581271293,0.09790165581271293,0.09790165581271293,0.09790165581271294,0.10758083075751021,0.11726000570230748,0.12693918064710474,0.136618355591902,0.12994447040494128,0.12327058521798055,0.11659670003101982,0.10992281484405911
9.89,0.0031258370378770346,0.00625167407575407,0.009377511113631104,0.013388741492486804,0.017399971871342502,0.021749964839178126,0.026099957807013754,0.03044995077484938,0.034799943742685004,0.03914993671052064,0.04349992967835628,0.04784992264619192,0.05219991561402757,0.05654990858186318,0.060899901549698786,0.0652498945175344,0.06959988748537001,0.07220988326607136,0.07481987904677273,0.07742987482747411,0.0800398706081755,0.08177986779530974,0.08351986498244399,0.08525986216957823,0.08699985935671249,0.0896098551374139,0.09221985091811531,0.09482984669881672,0.09743984247951815,0.09743984247951815,0.09743984247951815,0.09743984247951815,0.09743984247951815,0.10707335964655132,0.1167068768135845,0.1263403939806177,0.1359739111476509,0.1293315074421622,0.12268910373667352,0.11604670003118484,0.10940429632569615
9.9,0.0031110222230666643,0.006222044446133329,0.009333066669199993,0.013325285936950284,0.017317505204700576,0.021646881505875723,0.025976257807050866,0.03030563410822601,0.03463501040940115,0.03896438671057631,0.04329376301175147,0.047623139312926624,0.05195251561410179,0.05628189191527691,0.06061126821645204,0.06494064451762717,0.0692700208188023,0.0718676465995074,0.07446527238021247,0.07706289816091755,0.07966052394162264,0.08139227446209268,0.08312402498256274,0.0848557755030328,0.08658752602350286,0.08918515180420798,0.0917827775849131,0.09438040336561823,0.09697802914632335,0.09697802914632334,0.09697802914632334,0.09697802914632334,0.09697802914632335,0.10656588853559246,0.11615374792486156,0.12574160731413067,0.1353294667033998,0.12871854447938313,0.12210762225536648,0.11549670003134983,0.10888577780733319
9.91,0.003096207408256294,0.006192414816512589,0.009288622224768882,0.013261830381413767,0.01723503853805865,0.021543798172573313,0.025852557807087978,0.03016131744160264,0.0344700770761173,0.03877883671063198,0.04308759634514665,0.047396355979661325,0.051705115614176005,0.056013875248690656,0.06032263488320531,0.06463139451771996,0.0689401541522346,0.0715254099329434,0.07411066571365219,0.07669592149436098,0.07928117727506978,0.08100468112887564,0.0827281849826815,0.08445168883648738,0.08617519269029324,0.08876044847100206,0.09134570425171089,0.09393096003241971,0.09651621581312855,0.09651621581312855,0.09651621581312855,0.09651621581312855,0.09651621581312855,0.10605841742463358,0.11560061903613861,0.12514282064764365,0.1346850222591487,0.12810558151660406,0.12152614077405945,0.11494670003151483,0.10836725928897023
9.92,0.0030813925934459236,0.006162785186891848,0.009244177780337771,0.013198374825877247,0.017152571871416725,0.02144071483927091,0.02572885780712509,0.03001700077497927,0.03430514374283345,0.03859328671068764,0.04288142967854183,0.04716957264639603,0.05145771561425022,0.05574585858210439,0.06003400154995856,0.06432214451781273,0.0686102874856669,0.07118317326637941,0.07375605904709191,0.07632894482780442,0.07890183060851692,0.0806170877956586,0.08233234498280026,0.08404760216994193,0.08576285935708361,0.08833574513779614,0.09090863091850868,0.09348151669922122,0.09605440247993376,0.09605440247993374,0.09605440247993374,0.09605440247993374,0.09605440247993376,0.1055509463136747,0.11504749014741567,0.12454403398115663,0.1340405778148976,0.127492618553825,0.12094465929275242,0.11439670003167984,0.10784874077060727
9.93,0.003066577778635553,0.006133155557271107,0.00919973333590666,0.01313491927034073,0.0170701052047748,0.0213376315059685,0.0256051578071622,0.0298726841083559,0.0341402104095496,0.03840773671074331,0.04267526301193702,0.04694278931313073,0.05121031561432444,0.055477841915518133,0.05974536821671182,0.06401289451790551,0.0682804208190992,0.07084093659981541,0.07340145238053163,0.07596196816124784,0.07852248394196407,0.08022949446244154,0.08193650498291902,0.08364351550339649,0.08535052602387398,0.08791104180459022,0.09047155758530646,0.0930320733660227,0.09559258914673896,0.09559258914673896,0.09559258914673896,0.09559258914673896,0.09559258914673896,0.10504347520271584,0.11449436125869272,0.1239452473146696,0.13339613337064649,0.12687965559104591,0.12036317781144537,0.11384670003184484,0.10733022225224431
9.94,0.003051762963825183,0.0061035259276503665,0.009155288891475549,0.01307146371480421,0.016987638538132874,0.021234548172666096,0.025481457807199313,0.02972836744173253,0.03397527707626575,0.03822218671079897,0.04246909634533219,0.04671600597986542,0.050962915614398654,0.055209825248931865,0.059456734883465076,0.06370364451799829,0.0679505541525315,0.07049869993325142,0.07304684571397135,0.07559499149469129,0.07814313727541121,0.07984190112922449,0.08154066498303777,0.08323942883685106,0.08493819269066435,0.0874863384713843,0.09003448425210425,0.09258263003282421,0.09513077581354416,0.09513077581354415,0.09513077581354415,0.09513077581354415,0.09513077581354416,0.10453600409175695,0.11394123236996975,0.12334646064818257,0.13275168892639538,0.12626669262826687,0.11978169633013835,0.11329670003200985,0.10681170373388135
9.95,0.0030369481490148125,0.006073896298029626,0.009110844447044438,0.013008008159267694,0.01690517187149095,0.021131464839363685,0.025357757807236425,0.02958405077510916,0.0338103437429819,0.03803663671085464,0.042262929678727384,0.04648922264660013,0.05071551561447287,0.0549418085823456,0.05916810155021833,0.06339439451809106,0.0676206874859638,0.07015646326668742,0.07269223904741107,0.07522801482813471,0.07776379060885835,0.07945430779600744,0.08114482498315653,0.08283534217030564,0.08452585935745473,0.08706163513817838,0.08959741091890204,0.0921331866996257,0.09466896248034937,0.09466896248034937,0.09466896248034937,0.09466896248034937,0.09466896248034937,0.10402853298079809,0.11338810348124681,0.12274767398169555,0.13210724448214428,0.1256537296654878,0.11920021484883132,0.11274670003217485,0.1062931852155184
9.96,0.003022133334204442,0.006044266668408885,0.009066400002613327,0.012944552603731174,0.016822705204849023,0.021028381506061282,0.025234057807273537,0.029439734108485792,0.03364541040969805,0.03785108671091031,0.042056763012122564,0.046262439313334826,0.05046811561454709,0.054673791915759336,0.058879468216971584,0.06308514451818384,0.0672908208193961,0.06981422660012343,0.07233763238085078,0.07486103816157813,0.0773844439423055,0.0790667144627904,0.08074898498327529,0.0824312555037602,0.0841135260242451,0.08663693180497246,0.08916033758569983,0.0916837433664272,0.09420714914715457,0.09420714914715456,0.09420714914715456,0.09420714914715456,0.09420714914715457,0.10352106186983923,0.11283497459252387,0.12214888731520852,0.13146280003789318,0.12504076670270875,0.1186187333675243,0.11219670003233986,0.10577466669715543
9.97,0.0030073185193940717,0.006014637038788144,0.009021955558182216,0.012881097048194658,0.016740238538207098,0.02092529817275887,0.02511035780731065,0.029295417441862422,0.033480477076414196,0.037665536710965966,0.04185059634551774,0.04603565598006952,0.050220715614621304,0.054405775249173075,0.058590834883724845,0.06277589451827661,0.06696095415282839,0.06947198993355944,0.0719830257142905,0.07449406149502157,0.07700509727575264,0.07867912112957334,0.08035314498339405,0.08202716883721475,0.08370119269103547,0.08621222847176654,0.08872326425249762,0.09123430003322869,0.09374533581395977,0.09374533581395977,0.09374533581395977,0.09374533581395977,0.09374533581395977,0.10301359075888034,0.11228184570380091,0.12155010064872149,0.13081835559364208,0.12442780373992968,0.11803725188621728,0.11164670003250488,0.10525614817879247
9.98,0.0029925037045837014,0.005985007409167404,0.008977511113751105,0.012817641492658138,0.016657771871565173,0.020822214839456468,0.02498665780734776,0.029151100775239053,0.033315543743130345,0.03747998671102164,0.04164442967891293,0.04580887264680422,0.04997331561469552,0.054137758582586806,0.0583022015504781,0.06246664451836939,0.06663108748626069,0.06912975326699547,0.07162841904773024,0.074127084828465,0.07662575060919978,0.07829152779635629,0.0799573049835128,0.08162308217066933,0.08328885935782585,0.08578752513856062,0.0882861909192954,0.0907848567000302,0.09328352248076498,0.09328352248076496,0.09328352248076496,0.09328352248076496,0.09328352248076498,0.10250611964792147,0.11172871681507797,0.12095131398223447,0.13017391114939098,0.1238148407771506,0.11745577040491023,0.11109670003266987,0.10473762966042952
9.99,0.002977688889773331,0.005955377779546663,0.008933066669319993,0.012754185937121621,0.016575305204923247,0.020719131506154058,0.024862957807384872,0.029006784108615683,0.033150610409846494,0.03729443671107731,0.041438263012308116,0.04558208931353892,0.04972591561476974,0.05386974191600055,0.05801356821723136,0.062157394518462174,0.06630122081969299,0.06878751660043148,0.07127381238116995,0.07376010816190844,0.07624640394264692,0.07790393446313924,0.07956146498363156,0.0812189955041239,0.08287652602461622,0.0853628218053547,0.08784911758609319,0.09033541336683168,0.09282170914757018,0.09282170914757018,0.09282170914757018,0.09282170914757018,0.09282170914757018,0.1019986485369626,0.11117558792635501,0.12035252731574744,0.12952946670513987,0.12320187781437153,0.1168742889236032,0.11054670003283487,0.10421911114206656
10,0.0029628740749629606,0.005925748149925922,0.008888622224888882,0.012690730381585101,0.01649283853828132,0.020616048172851655,0.024739257807421984,0.028862467441992314,0.03298567707656264,0.037108886711132966,0.041232096345703295,0.045355305980273625,0.049478515614843954,0.053601725249414284,0.05772493488398461,0.06184814451855495,0.06597135415312529,0.06844527993386748,0.07091920571460968,0.07339313149535187,0.07586705727609407,0.0775163411299222,0.07916562498375032,0.08081490883757846,0.08246419269140659,0.08493811847214879,0.08741204425289098,0.08988597003363319,0.09235989581437538,0.09235989581437537,0.09235989581437537,0.09235989581437537,0.09235989581437538,0.10149117742600372,0.11062245903763207,0.11975374064926042,0.12888502226088877,0.12258891485159247,0.11629280744229617,0.10999670003299988,0.1037005926237036
10.01,0.003,0.005944311112444442,0.008888622224888882,0.012690730381585101,0.01649283853828132,0.020616048172851655,0.024739257807421984,0.028862467441992314,0.03298567707656264,0.03710888671113298,0.04123209634570331,0.04535530598027363,0.049478515614843954,0.05360172524941429,0.05772493488398463,0.06184814451855496,0.06597135415312529,0.06844527993386748,0.07091920571460968,0.07339313149535187,0.07586705727609407,0.0775163411299222,0.07916562498375034,0.08081490883757847,0.08246419269140659,0.0849381184721488,0.087412044252891,0.08988597003363319,0.09235989581437538,0.0923598958143754,0.0923598958143754,0.0923598958143754,0.09235989581437538,0.10149117742600375,0.1106224590376321,0.11975374064926043,0.12888502226088877,0.12258891485159248,0.1162928074422962,0.1099967000329999,0.1037005926237036
10.02,0.003,0.005944311112444442,0.008888622224888882,0.012690730381585101,0.01649283853828132,0.020616048172851655,0.024739257807421984,0.028862467441992314,0.03298567707656264,0.03710888671113298,0.04123209634570331,0.04535530598027363,0.049478515614843954,0.05360172524941429,0.05772493488398463,0.06184814451855496,0.06597135415312529,0.06844527993386748,0.07091920571460968,0.07339313149535187,0.07586705727609407,0.0775163411299222,0.07916562498375034,0.08081490883757847,0.08246419269140659,0.0849381184721488,0.087412044252891,0.08988597003363319,0.09235989581437538,0.0923598958143754,0.0923598958143754,0.0923598958143754,0.09235989581437538,0.10149117742600375,0.1106224590376321,0.11975374064926043,0.12888502226088877,0.12258891485159248,0.1162928074422962,0.1099967000329999,0.1037005926237036
10.03,0.003,0.005944311112444442,0.008888622224888882,0.012690730381585101,0.01649283853828132,0.020616048172851655,0.024739257807421984,0.028862467441992314,0.03298567707656264,0.03710888671113298,0.04123209634570331,0.04535530598027363,0.049478515614843954,0.05360172524941429,0.05772493488398463,0.06184814451855496,0.06597135415312529,0.06844527993386748,0.07091920571460968,0.07339313149535187,0.07586705727609407,0.0775163411299222,0.07916562498375034,0.08081490883757847,0.08246419269140659,0.0849381184721488,0.087412044252891,0.08988597003363319,0.09235989581437538,0.0923598958143754,0.0923598958143754,0.0923598958143754,0.09235989581437538,0.10149117742600375,0.1106224590376321,0.11975374064926043,0.12888502226088877,0.12258891485159248,0.1162928074422962,0.1099967000329999,0.1037005926237036
10.04,0.003,0.005944311112444442,0.008888622224888882,0.012690730381585101,0.01649283853828132,0.020616048172851655,0.024739257807421984,0.028862467441992314,0.03298567707656264,0.03710888671113298,0.04123209634570331,0.04535530598027363,0.049478515614843954,0.05360172524941429,0.05772493488398463,0.06184814451855496,0.06597135415312529,0.06844527993386748,0.07091920571460968,0.07339313149535187,0.07586705727609407,0.0775163411299222,0.07916562498375034,0.08081490883757847,0.08246419269140659,0.0849381184721488,0.087412044252891,0.08988597003363319,0.09235989581437538,0.0923598958143754,0.0923598958143754,0.0923598958143754,0.09235989581437538,0.10149117742600375,0.1106224590376321,0.11975374064926043,0.12888502226088877,0.12258891485159248,0.1162928074422962,0.1099967000329999,0.1037005926237036
10.05,0.003,0.005944311112444442,0.008888622224888882,0.012690730381585101,0.01649283853828132,0.020616048172851655,0.024739257807421984,0.028862467441992314,0.03298567707656264,0.03710888671113298,0.04123209634570331,0.04535530598027363,0.049478515614843954,0.05360172524941429,0.05772493488398463,0.06184814451855496,0.06597135415312529,0.06844527993386748,0.07091920571460968,0.07339313149535187,0.07586705727609407,0.0775163411299222,0.07916562498375034,0.08081490883757847,0.08246419269140659,0.0849381184721488,0.087412044252891,0.08988597003363319,0.09235989581437538,0.0923598958143754,0.0923598958143754,0.0923598958143754,0.09235989581437538,0.10149117742600375,0.1106224590376321,0.11975374064926043,0.12888502226088877,0.12258891485159248,0.1162928074422962,0.1099967000329999,0.1037005926237036
10.06,0.003,0.005944311112444442,0.008888622224888882,0.012690730381585101,0.01649283853828132,0.020616048172851655,0.024739257807421984,0.028862467441992314,0.03298567707656264,0.03710888671113298,0.04123209634570331,0.04535530598027363,0.049478515614843954,0.05360172524941429,0.05772493488398463,0.06184814451855496,0.06597135415312529,0.06844527993386748,0.07091920571460968,0.07339313149535187,0.07586705727609407,0.0775163411299222,0.07916562498375034,0.08081490883757847,0.08246419269140659,0.0849381184721488,0.087412044252891,0.08988597003363319,0.09235989581437538,0.0923598958143754,0.0923598958143754,0.0923598958143754,0.09235989581437538,0.10149117742600375,0.1106224590376321,0.11975374064926043,0.12888502226088877,0.12258891485159248,0.1162928074422962,0.1099967000329999,0.1037005926237036
10.07,0.003,0.005944311112444442,0.008888622224888882,0.012690730381585101,0.01649283853828132,0.020616048172851655,0.024739257807421984,0.028862467441992314,0.03298567707656264,0.03710888671113298,0.04123209634570331,0.04535530598027363,0.049478515614843954,0.05360172524941429,0.05772493488398463,0.06184814451855496,0.06597135415312529,0.06844527993386748,0.07091920571460968,0.07339313149535187,0.07586705727609407,0.0775163411299222,0.07916562498375034,0.08081490883757847,0.08246419269140659,0.0849381184721488,0.087412044252891,0.08988597003363319,0.09235989581437538,0.0923598958143754,0.0923598958143754,0.0923598958143754,0.09235989581437538,0.10149117742600375,0.1106224590376321,0.11975374064926043,0.12888502226088877,0.12258891485159248,0.1162928074422962,0.1099967000329999,0.1037005926237036
10.08,0.003,0.005944311112444442,0.008888622224888882,0.012690730381585101,0.01649283853828132,0.020616048172851655,0.024739257807421984,0.028862467441992314,0.03298567707656264,0.03710888671113298,0.04123209634570331,0.04535530598027363,0.049478515614843954,0.05360172524941429,0.05772493488398463,0.06184814451855496,0.06597135415312529,0.06844527993386748,0.07091920571460968,0.07339313149535187,0.07586705727609407,0.0775163411299222,0.07916562498375034,0.08081490883757847,0.08246419269140659,0.0849381184721488,0.087412044252891,0.08988597003363319,0.09235989581437538,0.0923598958143754,0.0923598958143754,0.0923598958143754,0.09235989581437538,0.10149117742600375,0.1106224590376321,0.11975374064926043,0.12888502226088877,0.12258891485159248,0.1162928074422962,0.1099967000329999,0.1037005926237036
10.09,0.003,0.005944311112444442,0.008888622224888882,0.012690730381585101,0.01649283853828132,0.020616048172851655,0.024739257807421984,0.028862467441992314,0.03298567707656264,0.03710888671113298,0.04123209634570331,0.04535530598027363,0.049478515614843954,0.05360172524941429,0.05772493488398463,0.06184814451855496,0.06597135415312529,0.06844527993386748,0.07091920571460968,0.07339313149535187,0.07586705727609407,0.0775163411299222,0.07916562498375034,0.08081490883757847,0.08246419269140659,0.0849381184721488,0.087412044252891,0.08988597003363319,0.09235989581437538,0.0923598958143754,0.0923598958143754,0.0923598958143754,0.09235989581437538,0.10149117742600375,0.1106224590376321,0.11975374064926043,0.12888502226088877,0.12258891485159248,0.1162928074422962,0.1099967000329999,0.1037005926237036
10.1,0.003,0.005944311112444442,0.008888622224888882,0.012690730381585101,0.01649283853828132,0.020616048172851655,0.024739257807421984,0.028862467441992314,0.03298567707656264,0.03710888671113298,0.04123209634570331,0.04535530598027363,0.049478515614843954,0.05360172524941429,0.05772493488398463,0.06184814451855496,0.06597135415312529,0.06844527993386748,0.07091920571460968,0.07339313149535187,0.07586705727609407,0.0775163411299222,0.07916562498375034,0.08081490883757847,0.08246419269140659,0.0849381184721488,0.087412044252891,0.08988597003363319,0.09235989581437538,0.0923598958143754,0.0923598958143754,0.0923598958143754,0.09235989581437538,0.10149117742600375,0.1106224590376321,0.11975374064926043,0.12888502226088877,0.12258891485159248,0.1162928074422962,0.1099967000329999,0.1037005926237036
10.11,0.003,0.005944311112444442,0.008888622224888882,0.012690730381585101,0.01649283853828132,0.020616048172851655,0.024739257807421984,0.028862467441992314,0.03298567707656264,0.03710888671113298,0.04123209634570331,0.04535530598027363,0.049478515614843954,0.05360172524941429,0.05772493488398463,0.06184814451855496,0.06597135415312529,0.06844527993386748,0.07091920571460968,0.07339313149535187,0.07586705727609407,0.0775163411299222,0.07916562498375034,0.08081490883757847,0.08246419269140659,0.0849381184721488,0.087412044252891,0.08988597003363319,0.09235989581437538,0.0923598958143754,0.0923598958143754,0.0923598958143754,0.09235989581437538,0.10149117742600375,0.1106224590376321,0.11975374064926043,0.12888502226088877,0.12258891485159248,0.1162928074422962,0.1099967000329999,0.1037005926237036
10.12,0.003,0.005944311112444442,0.008888622224888882,0.012690730381585101,0.01649283853828132,0.020616048172851655,0.024739257807421984,0.028862467441992314,0.03298567707656264,0.03710888671113298,0.04123209634570331,0.04535530598027363,0.049478515614843954,0.05360172524941429,0.05772493488398463,0.06184814451855496,0.06597135415312529,0.06844527993386748,0.07091920571460968,0.07339313149535187,0.07586705727609407,0.0775163411299222,0.07916562498375034,0.08081490883757847,0.08246419269140659,0.0849381184721488,0.087412044252891,0.08988597003363319,0.09235989581437538,0.0923598958143754,0.0923598958143754,0.0923598958143754,0.09235989581437538,0.10149117742600375,0.1106224590376321,0.11975374064926043,0.12888502226088877,0.12258891485159248,0.1162928074422962,0.1099967000329999,0.1037005926237036
10.13,0.003,0.005944311112444442,0.008888622224888882,0.012690730381585101,0.01649283853828132,0.020616048172851655,0.024739257807421984,0.028862467441992314,0.03298567707656264,0.03710888671113298,0.04123209634570331,0.04535530598027363,0.049478515614843954,0.05360172524941429,0.05772493488398463,0.06184814451855496,0.06597135415312529,0.06844527993386748,0.07091920571460968,0.07339313149535187,0.07586705727609407,0.0775163411299222,0.07916562498375034,0.08081490883757847,0.08246419269140659,0.0849381184721488,0.087412044252891,0.08988597003363319,0.09235989581437538,0.0923598958143754,0.0923598958143754,0.0923598958143754,0.09235989581437538,0.10149117742600375,0.1106224590376321,0.11975374064926043,0.12888502226088877,0.12258891485159248,0.1162928074422962,0.1099967000329999,0.1037005926237036
10.14,0.003,0.005944311112444442,0.008888622224888882,0.012690730381585101,0.01649283853828132,0.020616048172851655,0.024739257807421984,0.028862467441992314,0.03298567707656264,0.03710888671113298,0.04123209634570331,0.04535530598027363,0.049478515614843954,0.05360172524941429,0.05772493488398463,0.06184814451855496,0.06597135415312529,0.06844527993386748,0.07091920571460968,0.07339313149535187,0.07586705727609407,0.0775163411299222,0.07916562498375034,0.08081490883757847,0.08246419269140659,0.0849381184721488,0.087412044252891,0.08988597003363319,0.09235989581437538,0.0923598958143754,0.0923598958143754,0.0923598958143754,0.09235989581437538,0.10149117742600375,0.1106224590376321,0.11975374064926043,0.12888502226088877,0.12258891485159248,0.1162928074422962,0.1099967000329999,0.1037005926237036
10.15,0.003,0.005944311112444442,0.008888622224888882,0.012690730381585101,0.01649283853828132,0.020616048172851655,0.024739257807421984,0.028862467441992314,0.03298567707656264,0.03710888671113298,0.04123209634570331,0.04535530598027363,0.049478515614843954,0.05360172524941429,0.05772493488398463,0.06184814451855496,0.06597135415312529,0.06844527993386748,0.07091920571460968,0.07339313149535187,0.07586705727609407,0.0775163411299222,0.07916562498375034,0.08081490883757847,0.08246419269140659,0.0849381184721488,0.087412044252891,0.08988597003363319,0.09235989581437538,0.0923598958143754,0.0923598958143754,0.0923598958143754,0.09235989581437538,0.10149117742600375,0.1106224590376321,0.11975374064926043,0.12888502226088877,0.12258891485159248,0.1162928074422962,0.1099967000329999,0.1037005926237036
10.16,0.003,0.005944311112444442,0.008888622224888882,0.012690730381585101,0.01649283853828132,0.020616048172851655,0.024739257807421984,0.028862467441992314,0.03298567707656264,0.03710888671113298,0.04123209634570331,0.04535530598027363,0.049478515614843954,0.05360172524941429,0.05772493488398463,0.06184814451855496,0.06597135415312529,0.06844527993386748,0.07091920571460968,0.07339313149535187,0.07586705727609407,0.0775163411299222,0.07916562498375034,0.08081490883757847,0.08246419269140659,0.0849381184721488,0.087412044252891,0.08988597003363319,0.09235989581437538,0.0923598958143754,0.0923598958143754,0.0923598958143754,0.09235989581437538,0.10149117742600375,0.1106224590376321,0.11975374064926043,0.12888502226088877,0.12258891485159248,0.1162928074422962,0.1099967000329999,0.1037005926237036
10.17,0.003,0.005944311112444442,0.008888622224888882,0.012690730381585101,0.01649283853828132,0.020616048172851655,0.024739257807421984,0.028862467441992314,0.03298567707656264,0.03710888671113298,0.04123209634570331,0.04535530598027363,0.049478515614843954,0.05360172524941429,0.05772493488398463,0.06184814451855496,0.06597135415312529,0.06844527993386748,0.07091920571460968,0.07339313149535187,0.07586705727609407,0.0775163411299222,0.07916562498375034,0.08081490883757847,0.08246419269140659,0.0849381184721488,0.087412044252891,0.08988597003363319,0.09235989581437538,0.0923598958143754,0.0923598958143754,0.0923598958143754,0.09235989581437538,0.10149117742600375,0.1106224590376321,0.11975374064926043,0.12888502226088877,0.12258891485159248,0.1162928074422962,0.1099967000329999,0.1037005926237036
10.18,0.003,0.005944311112444442,0.008888622224888882,0.012690730381585101,0.01649283853828132,0.020616048172851655,0.024739257807421984,0.028862467441992314,0.03298567707656264,0.03710888671113298,0.04123209634570331,0.04535530598027363,0.049478515614843954,0.05360172524941429,0.05772493488398463,0.06184814451855496,0.06597135415312529,0.06844527993386748,0.07091920571460968,0.07339313149535187,0.07586705727609407,0.0775163411299222,0.07916562498375034,0.08081490883757847,0.08246419269140659,0.0849381184721488,0.087412044252891,0.08988597003363319,0.09235989581437538,0.0923598958143754,0.0923598958143754,0.0923598958143754,0.09235989581437538,0.10149117742600375,0.1106224590376321,0.11975374064926043,0.12888502226088877,0.12258891485159248,0.1162928074422962,0.1099967000329999,0.1037005926237036
10.19,0.003,0.005944311112444442,0.008888622224888882,0.012690730381585101,0.01649283853828132,0.020616048172851655,0.024739257807421984,0.028862467441992314,0.03298567707656264,0.03710888671113298,0.04123209634570331,0.04535530598027363,0.049478515614843954,0.05360172524941429,0.05772493488398463,0.06184814451855496,0.06597135415312529,0.06844527993386748,0.07091920571460968,0.07339313149535187,0.07586705727609407,0.0775163411299222,0.07916562498375034,0.08081490883757847,0.08246419269140659,0.0849381184721488,0.087412044252891,0.08988597003363319,0.09235989581437538,0.0923598958143754,0.0923598958143754,0.0923598958143754,0.09235989581437538,0.10149117742600375,0.1106224590376321,0.11975374064926043,0.12888502226088877,0.12258891485159248,0.1162928074422962,0.1099967000329999,0.1037005926237036
10.2,0.003,0.005944311112444442,0.008888622224888882,0.012690730381585101,0.01649283853828132,0.020616048172851655,0.024739257807421984,0.028862467441992314,0.03298567707656264,0.03710888671113298,0.04123209634570331,0.04535530598027363,0.049478515614843954,0.05360172524941429,0.05772493488398463,0.06184814451855496,0.06597135415312529,0.06844527993386748,0.07091920571460968,0.07339313149535187,0.07586705727609407,0.0775163411299222,0.07916562498375034,0.08081490883757847,0.08246419269140659,0.0849381184721488,0.087412044252891,0.08988597003363319,0.09235989581437538,0.0923598958143754,0.0923598958143754,0.0923598958143754,0.09235989581437538,0.10149117742600375,0.1106224590376321,0.11975374064926043,0.12888502226088877,0.12258891485159248,0.1162928074422962,0.1099967000329999,0.1037005926237036
10.21,0.003,0.005944311112444442,0.008888622224888882,0.012690730381585101,0.01649283853828132,0.020616048172851655,0.024739257807421984,0.028862467441992314,0.03298567707656264,0.03710888671113298,0.04123209634570331,0.04535530598027363,0.049478515614843954,0.05360172524941429,0.05772493488398463,0.06184814451855496,0.06597135415312529,0.06844527993386748,0.07091920571460968,0.07339313149535187,0.07586705727609407,0.0775163411299222,0.07916562498375034,0.08081490883757847,0.08246419269140659,0.0849381184721488,0.087412044252891,0.08988597003363319,0.09235989581437538,0.0923598958143754,0.0923598958143754,0.0923598958143754,0.09235989581437538,0.10149117742600375,0.1106224590376321,0.11975374064926043,0.12888502226088877,0.12258891485159248,0.1162928074422962,0.1099967000329999,0.1037005926237036
10.22,0.003,0.005944311112444442,0.008888622224888882,0.012690730381585101,0.01649283853828132,0.020616048172851655,0.024739257807421984,0.028862467441992314,0.03298567707656264,0.03710888671113298,0.04123209634570331,0.04535530598027363,0.049478515614843954,0.05360172524941429,0.05772493488398463,0.06184814451855496,0.06597135415312529,0.06844527993386748,0.07091920571460968,0.07339313149535187,0.07586705727609407,0.0775163411299222,0.07916562498375034,0.08081490883757847,0.08246419269140659,0.0849381184721488,0.087412044252891,0.08988597003363319,0.09235989581437538,0.0923598958143754,0.0923598958143754,0.0923598958143754,0.09235989581437538,0.10149117742600375,0.1106224590376321,0.11975374064926043,0.12888502226088877,0.12258891485159248,0.1162928074422962,0.1099967000329999,0.1037005926237036
10.23,0.003,0.005944311112444442,0.008888622224888882,0.012690730381585101,0.01649283853828132,0.020616048172851655,0.024739257807421984,0.028862467441992314,0.03298567707656264,0.03710888671113298,0.04123209634570331,0.04535530598027363,0.049478515614843954,0.05360172524941429,0.05772493488398463,0.06184814451855496,0.06597135415312529,0.06844527993386748,0.07091920571460968,0.07339313149535187,0.07586705727609407,0.0775163411299222,0.07916562498375034,0.08081490883757847,0.08246419269140659,0.0849381184721488,0.087412044252891,0.08988597003363319,0.09235989581437538,0.0923598958143754,0.0923598958143754,0.0923598958143754,0.09235989581437538,0.10149117742600375,0.1106224590376321,0.11975374064926043,0.12888502226088877,0.12258891485159248,0.1162928074422962,0.1099967000329999,0.1037005926237036
10.24,0.003,0.005944311112444442,0.008888622224888882,0.012690730381585101,0.01649283853828132,0.020616048172851655,0.024739257807421984,0.028862467441992314,0.03298567707656264,0.03710888671113298,0.04123209634570331,0.04535530598027363,0.049478515614843954,0.05360172524941429,0.05772493488398463,0.06184814451855496,0.06597135415312529,0.06844527993386748,0.07091920571460968,0.07339313149535187,0.07586705727609407,0.0775163411299222,0.07916562498375034,0.08081490883757847,0.08246419269140659,0.0849381184721488,0.087412044252891,0.08988597003363319,0.09235989581437538,0.0923598958143754,0.0923598958143754,0.0923598958143754,0.09235989581437538,0.10149117742600375,0.1106224590376321,0.11975374064926043,0.12888502226088877,0.12258891485159248,0.1162928074422962,0.1099967000329999,0.1037005926237036
10.25,0.003,0.005944311112444442,0.008888622224888882,0.012690730381585101,0.01649283853828132,0.020616048172851655,0.024739257807421984,0.028862467441992314,0.03298567707656264,0.03710888671113298,0.04123209634570331,0.04535530598027363,0.049478515614843954,0.05360172524941429,0.05772493488398463,0.06184814451855496,0.06597135415312529,0.06844527993386748,0.07091920571460968,0.07339313149535187,0.07586705727609407,0.0775163411299222,0.07916562498375034,0.08081490883757847,0.08246419269140659,0.0849381184721488,0.087412044252891,0.08988597003363319,0.09235989581437538,0.0923598958143754,0.0923598958143754,0.0923598958143754,0.09235989581437538,0.10149117742600375,0.1106224590376321,0.11975374064926043,0.12888502226088877,0.12258891485159248,0.1162928074422962,0.1099967000329999,0.1037005926237036
10.26,0.003,0.005944311112444442,0.008888622224888882,0.012690730381585101,0.01649283853828132,0.020616048172851655,0.024739257807421984,0.028862467441992314,0.03298567707656264,0.03710888671113298,0.04123209634570331,0.04535530598027363,0.049478515614843954,0.05360172524941429,0.05772493488398463,0.06184814451855496,0.06597135415312529,0.06844527993386748,0.07091920571460968,0.07339313149535187,0.07586705727609407,0.0775163411299222,0.07916562498375034,0.08081490883757847,0.08246419269140659,0.0849381184721488,0.087412044252891,0.08988597003363319,0.09235989581437538,0.0923598958143754,0.0923598958143754,0.0923598958143754,0.09235989581437538,0.10149117742600375,0.1106224590376321,0.11975374064926043,0.12888502226088877,0.12258891485159248,0.1162928074422962,0.1099967000329999,0.1037005926237036
10.27,0.003,0.005944311112444442,0.008888622224888882,0.012690730381585101,0.01649283853828132,0.020616048172851655,0.024739257807421984,0.028862467441992314,0.03298567707656264,0.03710888671113298,0.04123209634570331,0.04535530598027363,0.049478515614843954,0.05360172524941429,0.05772493488398463,0.06184814451855496,0.06597135415312529,0.06844527993386748,0.07091920571460968,0.07339313149535187,0.07586705727609407,0.0775163411299222,0.07916562498375034,0.08081490883757847,0.08246419269140659,0.0849381184721488,0.087412044252891,0.08988597003363319,0.09235989581437538,0.0923598958143754,0.0923598958143754,0.0923598958143754,0.09235989581437538,0.10149117742600375,0.1106224590376321,0.11975374064926043,0.12888502226088877,0.12258891485159248,0.1162928074422962,0.1099967000329999,0.1037005926237036
10.28,0.003,0.005944311112444442,0.008888622224888882,0.012690730381585101,0.01649283853828132,0.020616048172851655,0.024739257807421984,0.028862467441992314,0.03298567707656264,0.03710888671113298,0.04123209634570331,0.04535530598027363,0.049478515614843954,0.05360172524941429,0.05772493488398463,0.06184814451855496,0.06597135415312529,0.06844527993386748,0.07091920571460968,0.07339313149535187,0.07586705727609407,0.0775163411299222,0.07916562498375034,0.08081490883757847,0.08246419269140659,0.0849381184721488,0.087412044252891,0.08988597003363319,0.09235989581437538,0.0923598958143754,0.0923598958143754,0.0923598958143754,0.09235989581437538,0.10149117742600375,0.1106224590376321,0.11975374064926043,0.12888502226088877,0.12258891485159248,0.1162928074422962,0.1099967000329999,0.1037005926237036
10.29,0.003,0.005944311112444442,0.008888622224888882,0.012690730381585101,0.01649283853828132,0.020616048172851655,0.024739257807421984,0.028862467441992314,0.03298567707656264,0.03710888671113298,0.04123209634570331,0.04535530598027363,0.049478515614843954,0.05360172524941429,0.05772493488398463,0.06184814451855496,0.06597135415312529,0.06844527993386748,0.07091920571460968,0.07339313149535187,0.07586705727609407,0.0775163411299222,0.07916562498375034,0.08081490883757847,0.08246419269140659,0.0849381184721488,0.087412044252891,0.08988597003363319,0.09235989581437538,0.0923598958143754,0.0923598958143754,0.0923598958143754,0.09235989581437538,0.10149117742600375,0.1106224590376321,0.11975374064926043,0.12888502226088877,0.12258891485159248,0.1162928074422962,0.1099967000329999,0.1037005926237036
10.3,0.003,0.005944311112444442,0.008888622224888882,0.012690730381585101,0.01649283853828132,0.020616048172851655,0.024739257807421984,0.028862467441992314,0.03298567707656264,0.03710888671113298,0.04123209634570331,0.04535530598027363,0.049478515614843954,0.05360172524941429,0.05772493488398463,0.06184814451855496,0.06597135415312529,0.06844527993386748,0.07091920571460968,0.07339313149535187,0.07586705727609407,0.0775163411299222,0.07916562498375034,0.08081490883757847,0.08246419269140659,0.0849381184721488,0.087412044252891,0.08988597003363319,0.09235989581437538,0.0923598958143754,0.0923598958143754,0.0923598958143754,0.09235989581437538,0.10149117742600375,0.1106224590376321,0.11975374064926043,0.12888502226088877,0.12258891485159248,0.1162928074422962,0.1099967000329999,0.1037005926237036
10.31,0.003,0.005944311112444442,0.008888622224888882,0.012690730381585101,0.01649283853828132,0.020616048172851655,0.024739257807421984,0.028862467441992314,0.03298567707656264,0.03710888671113298,0.04123209634570331,0.04535530598027363,0.049478515614843954,0.05360172524941429,0.05772493488398463,0.06184814451855496,0.06597135415312529,0.06844527993386748,0.07091920571460968,0.07339313149535187,0.07586705727609407,0.0775163411299222,0.07916562498375034,0.08081490883757847,0.08246419269140659,0.0849381184721488,0.087412044252891,0.08988597003363319,0.09235989581437538,0.0923598958143754,0.0923598958143754,0.0923598958143754,0.09235989581437538,0.10149117742600375,0.1106224590376321,0.11975374064926043,0.12888502226088877,0.12258891485159248,0.1162928074422962,0.1099967000329999,0.1037005926237036
10.32,0.003,0.005944311112444442,0.008888622224888882,0.012690730381585101,0.01649283853828132,0.020616048172851655,0.024739257807421984,0.028862467441992314,0.03298567707656264,0.03710888671113298,0.04123209634570331,0.04535530598027363,0.049478515614843954,0.05360172524941429,0.05772493488398463,0.06184814451855496,0.06597135415312529,0.06844527993386748,0.07091920571460968,0.07339313149535187,0.07586705727609407,0.0775163411299222,0.07916562498375034,0.08081490883757847,0.08246419269140659,0.0849381184721488,0.087412044252891,0.08988597003363319,0.09235989581437538,0.0923598958143754,0.0923598958143754,0.0923598958143754,0.09235989581437538,0.10149117742600375,0.1106224590376321,0.11975374064926043,0.12888502226088877,0.12258891485159248,0.1162928074422962,0.1099967000329999,0.1037005926237036
10.33,0.003,0.005944311112444442,0.008888622224888882,0.012690730381585101,0.01649283853828132,0.020616048172851655,0.024739257807421984,0.028862467441992314,0.03298567707656264,0.03710888671113298,0.04123209634570331,0.04535530598027363,0.049478515614843954,0.05360172524941429,0.05772493488398463,0.06184814451855496,0.06597135415312529,0.06844527993386748,0.07091920571460968,0.07339313149535187,0.07586705727609407,0.0775163411299222,0.07916562498375034,0.08081490883757847,0.08246419269140659,0.0849381184721488,0.087412044252891,0.08988597003363319,0.09235989581437538,0.0923598958143754,0.0923598958143754,0.0923598958143754,0.09235989581437538,0.10149117742600375,0.1106224590376321,0.11975374064926043,0.12888502226088877,0.12258891485159248,0.1162928074422962,0.1099967000329999,0.1037005926237036
10.34,0.003,0.005944311112444442,0.008888622224888882,0.012690730381585101,0.01649283853828132,0.020616048172851655,0.024739257807421984,0.028862467441992314,0.03298567707656264,0.03710888671113298,0.04123209634570331,0.04535530598027363,0.049478515614843954,0.05360172524941429,0.05772493488398463,0.06184814451855496,0.06597135415312529,0.06844527993386748,0.07091920571460968,0.07339313149535187,0.07586705727609407,0.0775163411299222,0.07916562498375034,0.08081490883757847,0.08246419269140659,0.0849381184721488,0.087412044252891,0.08988597003363319,0.09235989581437538,0.0923598958143754,0.0923598958143754,0.0923598958143754,0.09235989581437538,0.10149117742600375,0.1106224590376321,0.11975374064926043,0.12888502226088877,0.12258891485159248,0.1162928074422962,0.1099967000329999,0.1037005926237036
10.35,0.003,0.005944311112444442,0.008888622224888882,0.012690730381585101,0.01649283853828132,0.020616048172851655,0.024739257807421984,0.028862467441992314,0.03298567707656264,0.03710888671113298,0.04123209634570331,0.04535530598027363,0.049478515614843954,0.05360172524941429,0.05772493488398463,0.06184814451855496,0.06597135415312529,0.06844527993386748,0.07091920571460968,0.07339313149535187,0.07586705727609407,0.0775163411299222,0.07916562498375034,0.08081490883757847,0.08246419269140659,0.0849381184721488,0.087412044252891,0.08988597003363319,0.09235989581437538,0.0923598958143754,0.0923598958143754,0.0923598958143754,0.09235989581437538,0.10149117742600375,0.1106224590376321,0.11975374064926043,0.12888502226088877,0.12258891485159248,0.1162928074422962,0.1099967000329999,0.1037005926237036
10.36,0.003,0.005944311112444442,0.008888622224888882,0.012690730381585101,0.01649283853828132,0.020616048172851655,0.024739257807421984,0.028862467441992314,0.03298567707656264,0.03710888671113298,0.04123209634570331,0.04535530598027363,0.049478515614843954,0.05360172524941429,0.05772493488398463,0.06184814451855496,0.06597135415312529,0.06844527993386748,0.07091920571460968,0.07339313149535187,0.07586705727609407,0.0775163411299222,0.07916562498375034,0.08081490883757847,0.08246419269140659,0.0849381184721488,0.087412044252891,0.08988597003363319,0.09235989581437538,0.0923598958143754,0.0923598958143754,0.0923598958143754,0.09235989581437538,0.10149117742600375,0.1106224590376321,0.11975374064926043,0.12888502226088877,0.12258891485159248,0.1162928074422962,0.1099967000329999,0.1037005926237036
10.37,0.003,0.005944311112444442,0.008888622224888882,0.012690730381585101,0.01649283853828132,0.020616048172851655,0.024739257807421984,0.028862467441992314,0.03298567707656264,0.03710888671113298,0.04123209634570331,0.04535530598027363,0.049478515614843954,0.05360172524941429,0.05772493488398463,0.06184814451855496,0.06597135415312529,0.06844527993386748,0.07091920571460968,0.07339313149535187,0.07586705727609407,0.0775163411299222,0.07916562498375034,0.08081490883757847,0.08246419269140659,0.0849381184721488,0.087412044252891,0.08988597003363319,0.09235989581437538,0.0923598958143754,0.0923598958143754,0.0923598958143754,0.09235989581437538,0.10149117742600375,0.1106224590376321,0.11975374064926043,0.12888502226088877,0.12258891485159248,0.1162928074422962,0.1099967000329999,0.1037005926237036
10.38,0.003,0.005944311112444442,0.008888622224888882,0.012690730381585101,0.01649283853828132,0.020616048172851655,0.024739257807421984,0.028862467441992314,0.03298567707656264,0.03710888671113298,0.04123209634570331,0.04535530598027363,0.049478515614843954,0.05360172524941429,0.05772493488398463,0.06184814451855496,0.06597135415312529,0.06844527993386748,0.07091920571460968,0.07339313149535187,0.07586705727609407,0.0775163411299222,0.07916562498375034,0.08081490883757847,0.08246419269140659,0.0849381184721488,0.087412044252891,0.08988597003363319,0.09235989581437538,0.0923598958143754,0.0923598958143754,0.0923598958143754,0.09235989581437538,0.10149117742600375,0.1106224590376321,0.11975374064926043,0.12888502226088877,0.12258891485159248,0.1162928074422962,0.1099967000329999,0.1037005926237036
10.39,0.003,0.005944311112444442,0.008888622224888882,0.012690730381585101,0.01649283853828132,0.020616048172851655,0.024739257807421984,0.028862467441992314,0.03298567707656264,0.03710888671113298,0.04123209634570331,0.04535530598027363,0.049478515614843954,0.05360172524941429,0.05772493488398463,0.06184814451855496,0.06597135415312529,0.06844527993386748,0.07091920571460968,0.07339313149535187,0.07586705727609407,0.0775163411299222,0.07916562498375034,0.08081490883757847,0.08246419269140659,0.0849381184721488,0.087412044252891,0.08988597003363319,0.09235989581437538,0.0923598958143754,0.0923598958143754,0.0923598958143754,0.09235989581437538,0.10149117742600375,0.1106224590376321,0.11975374064926043,0.12888502226088877,0.12258891485159248,0.1162928074422962,0.1099967000329999,0.1037005926237036
10.4,0.003,0.005944311112444442,0.008888622224888882,0.012690730381585101,0.01649283853828132,0.020616048172851655,0.024739257807421984,0.028862467441992314,0.03298567707656264,0.03710888671113298,0.04123209634570331,0.04535530598027363,0.049478515614843954,0.05360172524941429,0.05772493488398463,0.06184814451855496,0.06597135415312529,0.06844527993386748,0.07091920571460968,0.07339313149535187,0.07586705727609407,0.0775163411299222,0.07916562498375034,0.08081490883757847,0.08246419269140659,0.0849381184721488,0.087412044252891,0.08988597003363319,0.09235989581437538,0.0923598958143754,0.0923598958143754,0.0923598958143754,0.09235989581437538,0.10149117742600375,0.1106224590376321,0.11975374064926043,0.12888502226088877,0.12258891485159248,0.1162928074422962,0.1099967000329999,0.1037005926237036
10.41,0.003,0.005944311112444442,0.008888622224888882,0.012690730381585101,0.01649283853828132,0.020616048172851655,0.024739257807421984,0.028862467441992314,0.03298567707656264,0.03710888671113298,0.04123209634570331,0.04535530598027363,0.049478515614843954,0.05360172524941429,0.05772493488398463,0.06184814451855496,0.06597135415312529,0.06844527993386748,0.07091920571460968,0.07339313149535187,0.07586705727609407,0.0775163411299222,0.07916562498375034,0.08081490883757847,0.08246419269140659,0.0849381184721488,0.087412044252891,0.08988597003363319,0.09235989581437538,0.0923598958143754,0.0923598958143754,0.0923598958143754,0.09235989581437538,0.10149117742600375,0.1106224590376321,0.11975374064926043,0.12888502226088877,0.12258891485159248,0.1162928074422962,0.1099967000329999,0.1037005926237036
10.42,0.003,0.005944311112444442,0.008888622224888882,0.012690730381585101,0.01649283853828132,0.020616048172851655,0.024739257807421984,0.028862467441992314,0.03298567707656264,0.03710888671113298,0.04123209634570331,0.04535530598027363,0.049478515614843954,0.05360172524941429,0.05772493488398463,0.06184814451855496,0.06597135415312529,0.06844527993386748,0.07091920571460968,0.07339313149535187,0.07586705727609407,0.0775163411299222,0.07916562498375034,0.08081490883757847,0.08246419269140659,0.0849381184721488,0.087412044252891,0.08988597003363319,0.09235989581437538,0.0923598958143754,0.0923598958143754,0.0923598958143754,0.09235989581437538,0.10149117742600375,0.1106224590376321,0.11975374064926043,0.12888502226088877,0.12258891485159248,0.1162928074422962,0.1099967000329999,0.1037005926237036
10.43,0.003,0.005944311112444442,0.008888622224888882,0.012690730381585101,0.01649283853828132,0.020616048172851655,0.024739257807421984,0.028862467441992314,0.03298567707656264,0.03710888671113298,0.04123209634570331,0.04535530598027363,0.049478515614843954,0.05360172524941429,0.05772493488398463,0.06184814451855496,0.06597135415312529,0.06844527993386748,0.07091920571460968,0.07339313149535187,0.07586705727609407,0.0775163411299222,0.07916562498375034,0.08081490883757847,0.08246419269140659,0.0849381184721488,0.087412044252891,0.08988597003363319,0.09235989581437538,0.0923598958143754,0.0923598958143754,0.0923598958143754,0.09235989581437538,0.10149117742600375,0.1106224590376321,0.11975374064926043,0.12888502226088877,0.12258891485159248,0.1162928074422962,0.1099967000329999,0.1037005926237036
10.44,0.003,0.005944311112444442,0.008888622224888882,0.012690730381585101,0.01649283853828132,0.020616048172851655,0.024739257807421984,0.028862467441992314,0.03298567707656264,0.03710888671113298,0.04123209634570331,0.04535530598027363,0.049478515614843954,0.05360172524941429,0.05772493488398463,0.06184814451855496,0.06597135415312529,0.06844527993386748,0.07091920571460968,0.07339313149535187,0.07586705727609407,0.0775163411299222,0.07916562498375034,0.08081490883757847,0.08246419269140659,0.0849381184721488,0.087412044252891,0.08988597003363319,0.09235989581437538,0.0923598958143754,0.0923598958143754,0.0923598958143754,0.09235989581437538,0.10149117742600375,0.1106224590376321,0.11975374064926043,0.12888502226088877,0.12258891485159248,0.1162928074422962,0.1099967000329999,0.1037005926237036
10.45,0.003,0.005944311112444442,0.008888622224888882,0.012690730381585101,0.01649283853828132,0.020616048172851655,0.024739257807421984,0.028862467441992314,0.03298567707656264,0.03710888671113298,0.04123209634570331,0.04535530598027363,0.049478515614843954,0.05360172524941429,0.05772493488398463,0.06184814451855496,0.06597135415312529,0.06844527993386748,0.07091920571460968,0.07339313149535187,0.07586705727609407,0.0775163411299222,0.07916562498375034,0.08081490883757847,0.08246419269140659,0.0849381184721488,0.087412044252891,0.08988597003363319,0.09235989581437538,0.0923598958143754,0.0923598958143754,0.0923598958143754,0.09235989581437538,0.10149117742600375,0.1106224590376321,0.11975374064926043,0.12888502226088877,0.12258891485159248,0.1162928074422962,0.1099967000329999,0.1037005926237036
10.46,0.003,0.005944311112444442,0.008888622224888882,0.012690730381585101,0.01649283853828132,0.020616048172851655,0.024739257807421984,0.028862467441992314,0.03298567707656264,0.03710888671113298,0.04123209634570331,0.04535530598027363,0.049478515614843954,0.05360172524941429,0.05772493488398463,0.06184814451855496,0.06597135415312529,0.06844527993386748,0.07091920571460968,0.07339313149535187,0.07586705727609407,0.0775163411299222,0.07916562498375034,0.08081490883757847,0.08246419269140659,0.0849381184721488,0.087412044252891,0.08988597003363319,0.09235989581437538,0.0923598958143754,0.0923598958143754,0.0923598958143754,0.09235989581437538,0.10149117742600375,0.1106224590376321,0.11975374064926043,0.12888502226088877,0.12258891485159248,0.1162928074422962,0.1099967000329999,0.1037005926237036
10.47,0.003,0.005944311112444442,0.008888622224888882,0.012690730381585101,0.01649283853828132,0.020616048172851655,0.024739257807421984,0.028862467441992314,0.03298567707656264,0.03710888671113298,0.04123209634570331,0.04535530598027363,0.049478515614843954,0.05360172524941429,0.05772493488398463,0.06184814451855496,0.06597135415312529,0.06844527993386748,0.07091920571460968,0.07339313149535187,0.07586705727609407,0.0775163411299222,0.07916562498375034,0.08081490883757847,0.08246419269140659,0.0849381184721488,0.087412044252891,0.08988597003363319,0.09235989581437538,0.0923598958143754,0.0923598958143754,0.0923598958143754,0.09235989581437538,0.10149117742600375,0.1106224590376321,0.11975374064926043,0.12888502226088877,0.12258891485159248,0.1162928074422962,0.1099967000329999,0.1037005926237036
10.48,0.003,0.005944311112444442,0.008888622224888882,0.012690730381585101,0.01649283853828132,0.020616048172851655,0.024739257807421984,0.028862467441992314,0.03298567707656264,0.03710888671113298,0.04123209634570331,0.04535530598027363,0.049478515614843954,0.05360172524941429,0.05772493488398463,0.06184814451855496,0.06597135415312529,0.06844527993386748,0.07091920571460968,0.07339313149535187,0.07586705727609407,0.0775163411299222,0.07916562498375034,0.08081490883757847,0.08246419269140659,0.0849381184721488,0.087412044252891,0.08988597003363319,0.09235989581437538,0.0923598958143754,0.0923598958143754,0.0923598958143754,0.09235989581437538,0.10149117742600375,0.1106224590376321,0.11975374064926043,0.12888502226088877,0.12258891485159248,0.1162928074422962,0.1099967000329999,0.1037005926237036
10.49,0.003,0.005944311112444442,0.008888622224888882,0.012690730381585101,0.01649283853828132,0.020616048172851655,0.024739257807421984,0.028862467441992314,0.03298567707656264,0.03710888671113298,0.04123209634570331,0.04535530598027363,0.049478515614843954,0.05360172524941429,0.05772493488398463,0.06184814451855496,0.06597135415312529,0.06844527993386748,0.07091920571460968,0.07339313149535187,0.07586705727609407,0.0775163411299222,0.07916562498375034,0.08081490883757847,0.08246419269140659,0.0849381184721488,0.087412044252891,0.08988597003363319,0.09235989581437538,0.0923598958143754,0.0923598958143754,0.0923598958143754,0.09235989581437538,0.10149117742600375,0.1106224590376321,0.11975374064926043,0.12888502226088877,0.12258891485159248,0.1162928074422962,0.1099967000329999,0.1037005926237036
10.5,0.003,0.005944311112444442,0.008888622224888882,0.012690730381585101,0.01649283853828132,0.020616048172851655,0.024739257807421984,0.028862467441992314,0.03298567707656264,0.03710888671113298,0.04123209634570331,0.04535530598027363,0.049478515614843954,0.05360172524941429,0.05772493488398463,0.06184814451855496,0.06597135415312529,0.06844527993386748,0.07091920571460968,0.07339313149535187,0.07586705727609407,0.0775163411299222,0.07916562498375034,0.08081490883757847,0.08246419269140659,0.0849381184721488,0.087412044252891,0.08988597003363319,0.09235989581437538,0.0923598958143754,0.0923598958143754,0.0923598958143754,0.09235989581437538,0.10149117742600375,0.1106224590376321,0.11975374064926043,0.12888502226088877,0.12258891485159248,0.1162928074422962,0.1099967000329999,0.1037005926237036
10.51,0.003,0.005944311112444442,0.008888622224888882,0.012690730381585101,0.01649283853828132,0.020616048172851655,0.024739257807421984,0.028862467441992314,0.03298567707656264,0.03710888671113298,0.04123209634570331,0.04535530598027363,0.049478515614843954,0.05360172524941429,0.05772493488398463,0.06184814451855496,0.06597135415312529,0.06844527993386748,0.07091920571460968,0.07339313149535187,0.07586705727609407,0.0775163411299222,0.07916562498375034,0.08081490883757847,0.08246419269140659,0.0849381184721488,0.087412044252891,0.08988597003363319,0.09235989581437538,0.0923598958143754,0.0923598958143754,0.0923598958143754,0.09235989581437538,0.10149117742600375,0.1106224590376321,0.11975374064926043,0.12888502226088877,0.12258891485159248,0.1162928074422962,0.1099967000329999,0.1037005926237036
10.52,0.003,0.005944311112444442,0.008888622224888882,0.012690730381585101,0.01649283853828132,0.020616048172851655,0.024739257807421984,0.028862467441992314,0.03298567707656264,0.03710888671113298,0.04123209634570331,0.04535530598027363,0.049478515614843954,0.05360172524941429,0.05772493488398463,0.06184814451855496,0.06597135415312529,0.06844527993386748,0.07091920571460968,0.07339313149535187,0.07586705727609407,0.0775163411299222,0.07916562498375034,0.08081490883757847,0.08246419269140659,0.0849381184721488,0.087412044252891,0.08988597003363319,0.09235989581437538,0.0923598958143754,0.0923598958143754,0.0923598958143754,0.09235989581437538,0.10149117742600375,0.1106224590376321,0.11975374064926043,0.12888502226088877,0.12258891485159248,0.1162928074422962,0.1099967000329999,0.1037005926237036
10.53,0.003,0.005944311112444442,0.008888622224888882,0.012690730381585101,0.01649283853828132,0.020616048172851655,0.024739257807421984,0.028862467441992314,0.03298567707656264,0.03710888671113298,0.04123209634570331,0.04535530598027363,0.049478515614843954,0.05360172524941429,0.05772493488398463,0.06184814451855496,0.06597135415312529,0.06844527993386748,0.07091920571460968,0.07339313149535187,0.07586705727609407,0.0775163411299222,0.07916562498375034,0.08081490883757847,0.08246419269140659,0.0849381184721488,0.087412044252891,0.08988597003363319,0.09235989581437538,0.0923598958143754,0.0923598958143754,0.0923598958143754,0.09235989581437538,0.10149117742600375,0.1106224590376321,0.11975374064926043,0.12888502226088877,0.12258891485159248,0.1162928074422962,0.1099967000329999,0.1037005926237036
10.54,0.003,0.005944311112444442,0.008888622224888882,0.012690730381585101,0.01649283853828132,0.020616048172851655,0.024739257807421984,0.028862467441992314,0.03298567707656264,0.03710888671113298,0.04123209634570331,0.04535530598027363,0.049478515614843954,0.05360172524941429,0.05772493488398463,0.06184814451855496,0.06597135415312529,0.06844527993386748,0.07091920571460968,0.07339313149535187,0.07586705727609407,0.0775163411299222,0.07916562498375034,0.08081490883757847,0.08246419269140659,0.0849381184721488,0.087412044252891,0.08988597003363319,0.09235989581437538,0.0923598958143754,0.0923598958143754,0.0923598958143754,0.09235989581437538,0.10149117742600375,0.1106224590376321,0.11975374064926043,0.12888502226088877,0.12258891485159248,0.1162928074422962,0.1099967000329999,0.1037005926237036
10.55,0.003,0.005944311112444442,0.008888622224888882,0.012690730381585101,0.01649283853828132,0.020616048172851655,0.024739257807421984,0.028862467441992314,0.03298567707656264,0.03710888671113298,0.04123209634570331,0.04535530598027363,0.049478515614843954,0.05360172524941429,0.05772493488398463,0.06184814451855496,0.06597135415312529,0.06844527993386748,0.07091920571460968,0.07339313149535187,0.07586705727609407,0.0775163411299222,0.07916562498375034,0.08081490883757847,0.08246419269140659,0.0849381184721488,0.087412044252891,0.08988597003363319,0.09235989581437538,0.0923598958143754,0.0923598958143754,0.0923598958143754,0.09235989581437538,0.10149117742600375,0.1106224590376321,0.11975374064926043,0.12888502226088877,0.12258891485159248,0.1162928074422962,0.1099967000329999,0.1037005926237036
10.56,0.003,0.005944311112444442,0.008888622224888882,0.012690730381585101,0.01649283853828132,0.020616048172851655,0.024739257807421984,0.028862467441992314,0.03298567707656264,0.03710888671113298,0.04123209634570331,0.04535530598027363,0.049478515614843954,0.05360172524941429,0.05772493488398463,0.06184814451855496,0.06597135415312529,0.06844527993386748,0.07091920571460968,0.07339313149535187,0.07586705727609407,0.0775163411299222,0.07916562498375034,0.08081490883757847,0.08246419269140659,0.0849381184721488,0.087412044252891,0.08988597003363319,0.09235989581437538,0.0923598958143754,0.0923598958143754,0.0923598958143754,0.09235989581437538,0.10149117742600375,0.1106224590376321,0.11975374064926043,0.12888502226088877,0.12258891485159248,0.1162928074422962,0.1099967000329999,0.1037005926237036
10.57,0.003,0.005944311112444442,0.008888622224888882,0.012690730381585101,0.01649283853828132,0.020616048172851655,0.024739257807421984,0.028862467441992314,0.03298567707656264,0.03710888671113298,0.04123209634570331,0.04535530598027363,0.049478515614843954,0.05360172524941429,0.05772493488398463,0.06184814451855496,0.06597135415312529,0.06844527993386748,0.07091920571460968,0.07339313149535187,0.07586705727609407,0.0775163411299222,0.07916562498375034,0.08081490883757847,0.08246419269140659,0.0849381184721488,0.087412044252891,0.08988597003363319,0.09235989581437538,0.0923598958143754,0.0923598958143754,0.0923598958143754,0.09235989581437538,0.10149117742600375,0.1106224590376321,0.11975374064926043,0.12888502226088877,0.12258891485159248,0.1162928074422962,0.1099967000329999,0.1037005926237036
10.58,0.003,0.005944311112444442,0.008888622224888882,0.012690730381585101,0.01649283853828132,0.020616048172851655,0.024739257807421984,0.028862467441992314,0.03298567707656264,0.03710888671113298,0.04123209634570331,0.04535530598027363,0.049478515614843954,0.05360172524941429,0.05772493488398463,0.06184814451855496,0.06597135415312529,0.06844527993386748,0.07091920571460968,0.07339313149535187,0.07586705727609407,0.0775163411299222,0.07916562498375034,0.08081490883757847,0.08246419269140659,0.0849381184721488,0.087412044252891,0.08988597003363319,0.09235989581437538,0.0923598958143754,0.0923598958143754,0.0923598958143754,0.09235989581437538,0.10149117742600375,0.1106224590376321,0.11975374064926043,0.12888502226088877,0.12258891485159248,0.1162928074422962,0.1099967000329999,0.1037005926237036
10.59,0.003,0.005944311112444442,0.008888622224888882,0.012690730381585101,0.01649283853828132,0.020616048172851655,0.024739257807421984,0.028862467441992314,0.03298567707656264,0.03710888671113298,0.04123209634570331,0.04535530598027363,0.049478515614843954,0.05360172524941429,0.05772493488398463,0.06184814451855496,0.06597135415312529,0.06844527993386748,0.07091920571460968,0.07339313149535187,0.07586705727609407,0.0775163411299222,0.07916562498375034,0.08081490883757847,0.08246419269140659,0.0849381184721488,0.087412044252891,0.08988597003363319,0.09235989581437538,0.0923598958143754,0.0923598958143754,0.0923598958143754,0.09235989581437538,0.10149117742600375,0.1106224590376321,0.11975374064926043,0.12888502226088877,0.12258891485159248,0.1162928074422962,0.1099967000329999,0.1037005926237036
10.6,0.003,0.005944311112444442,0.008888622224888882,0.012690730381585101,0.01649283853828132,0.020616048172851655,0.024739257807421984,0.028862467441992314,0.03298567707656264,0.03710888671113298,0.04123209634570331,0.04535530598027363,0.049478515614843954,0.05360172524941429,0.05772493488398463,0.06184814451855496,0.06597135415312529,0.06844527993386748,0.07091920571460968,0.07339313149535187,0.07586705727609407,0.0775163411299222,0.07916562498375034,0.08081490883757847,0.08246419269140659,0.0849381184721488,0.087412044252891,0.08988597003363319,0.09235989581437538,0.0923598958143754,0.0923598958143754,0.0923598958143754,0.09235989581437538,0.10149117742600375,0.1106224590376321,0.11975374064926043,0.12888502226088877,0.12258891485159248,0.1162928074422962,0.1099967000329999,0.1037005926237036
10.61,0.003,0.005944311112444442,0.008888622224888882,0.012690730381585101,0.01649283853828132,0.020616048172851655,0.024739257807421984,0.028862467441992314,0.03298567707656264,0.03710888671113298,0.04123209634570331,0.04535530598027363,0.049478515614843954,0.05360172524941429,0.05772493488398463,0.06184814451855496,0.06597135415312529,0.06844527993386748,0.07091920571460968,0.07339313149535187,0.07586705727609407,0.0775163411299222,0.07916562498375034,0.08081490883757847,0.08246419269140659,0.0849381184721488,0.087412044252891,0.08988597003363319,0.09235989581437538,0.0923598958143754,0.0923598958143754,0.0923598958143754,0.09235989581437538,0.10149117742600375,0.1106224590376321,0.11975374064926043,0.12888502226088877,0.12258891485159248,0.1162928074422962,0.1099967000329999,0.1037005926237036
10.62,0.003,0.005944311112444442,0.008888622224888882,0.012690730381585101,0.01649283853828132,0.020616048172851655,0.024739257807421984,0.028862467441992314,0.03298567707656264,0.03710888671113298,0.04123209634570331,0.04535530598027363,0.049478515614843954,0.05360172524941429,0.05772493488398463,0.06184814451855496,0.06597135415312529,0.06844527993386748,0.07091920571460968,0.07339313149535187,0.07586705727609407,0.0775163411299222,0.07916562498375034,0.08081490883757847,0.08246419269140659,0.0849381184721488,0.087412044252891,0.08988597003363319,0.09235989581437538,0.0923598958143754,0.0923598958143754,0.0923598958143754,0.09235989581437538,0.10149117742600375,0.1106224590376321,0.11975374064926043,0.12888502226088877,0.12258891485159248,0.1162928074422962,0.1099967000329999,0.1037005926237036
10.63,0.003,0.005944311112444442,0.008888622224888882,0.012690730381585101,0.01649283853828132,0.020616048172851655,0.024739257807421984,0.028862467441992314,0.03298567707656264,0.03710888671113298,0.04123209634570331,0.04535530598027363,0.049478515614843954,0.05360172524941429,0.05772493488398463,0.06184814451855496,0.06597135415312529,0.06844527993386748,0.07091920571460968,0.07339313149535187,0.07586705727609407,0.0775163411299222,0.07916562498375034,0.08081490883757847,0.08246419269140659,0.0849381184721488,0.087412044252891,0.08988597003363319,0.09235989581437538,0.0923598958143754,0.0923598958143754,0.0923598958143754,0.09235989581437538,0.10149117742600375,0.1106224590376321,0.11975374064926043,0.12888502226088877,0.12258891485159248,0.1162928074422962,0.1099967000329999,0.1037005926237036
10.64,0.003,0.005944311112444442,0.008888622224888882,0.012690730381585101,0.01649283853828132,0.020616048172851655,0.024739257807421984,0.028862467441992314,0.03298567707656264,0.03710888671113298,0.04123209634570331,0.04535530598027363,0.049478515614843954,0.05360172524941429,0.05772493488398463,0.06184814451855496,0.06597135415312529,0.06844527993386748,0.07091920571460968,0.07339313149535187,0.07586705727609407,0.0775163411299222,0.07916562498375034,0.08081490883757847,0.08246419269140659,0.0849381184721488,0.087412044252891,0.08988597003363319,0.09235989581437538,0.0923598958143754,0.0923598958143754,0.0923598958143754,0.09235989581437538,0.10149117742600375,0.1106224590376321,0.11975374064926043,0.12888502226088877,0.12258891485159248,0.1162928074422962,0.1099967000329999,0.1037005926237036
10.65,0.003,0.005944311112444442,0.008888622224888882,0.012690730381585101,0.01649283853828132,0.020616048172851655,0.024739257807421984,0.028862467441992314,0.03298567707656264,0.03710888671113298,0.04123209634570331,0.04535530598027363,0.049478515614843954,0.05360172524941429,0.05772493488398463,0.06184814451855496,0.06597135415312529,0.06844527993386748,0.07091920571460968,0.07339313149535187,0.07586705727609407,0.0775163411299222,0.07916562498375034,0.08081490883757847,0.08246419269140659,0.0849381184721488,0.087412044252891,0.08988597003363319,0.09235989581437538,0.0923598958143754,0.0923598958143754,0.0923598958143754,0.09235989581437538,0.10149117742600375,0.1106224590376321,0.11975374064926043,0.12888502226088877,0.12258891485159248,0.1162928074422962,0.1099967000329999,0.1037005926237036
10.66,0.003,0.005944311112444442,0.008888622224888882,0.012690730381585101,0.01649283853828132,0.020616048172851655,0.024739257807421984,0.028862467441992314,0.03298567707656264,0.03710888671113298,0.04123209634570331,0.04535530598027363,0.049478515614843954,0.05360172524941429,0.05772493488398463,0.06184814451855496,0.06597135415312529,0.06844527993386748,0.07091920571460968,0.07339313149535187,0.07586705727609407,0.0775163411299222,0.07916562498375034,0.08081490883757847,0.08246419269140659,0.0849381184721488,0.087412044252891,0.08988597003363319,0.09235989581437538,0.0923598958143754,0.0923598958143754,0.0923598958143754,0.09235989581437538,0.10149117742600375,0.1106224590376321,0.11975374064926043,0.12888502226088877,0.12258891485159248,0.1162928074422962,0.1099967000329999,0.1037005926237036
10.67,0.003,0.005944311112444442,0.008888622224888882,0.012690730381585101,0.01649283853828132,0.020616048172851655,0.024739257807421984,0.028862467441992314,0.03298567707656264,0.03710888671113298,0.04123209634570331,0.04535530598027363,0.049478515614843954,0.05360172524941429,0.05772493488398463,0.06184814451855496,0.06597135415312529,0.06844527993386748,0.07091920571460968,0.07339313149535187,0.07586705727609407,0.0775163411299222,0.07916562498375034,0.08081490883757847,0.08246419269140659,0.0849381184721488,0.087412044252891,0.08988597003363319,0.09235989581437538,0.0923598958143754,0.0923598958143754,0.0923598958143754,0.09235989581437538,0.10149117742600375,0.1106224590376321,0.11975374064926043,0.12888502226088877,0.12258891485159248,0.1162928074422962,0.1099967000329999,0.1037005926237036
10.68,0.003,0.005944311112444442,0.008888622224888882,0.012690730381585101,0.01649283853828132,0.020616048172851655,0.024739257807421984,0.028862467441992314,0.03298567707656264,0.03710888671113298,0.04123209634570331,0.04535530598027363,0.049478515614843954,0.05360172524941429,0.05772493488398463,0.06184814451855496,0.06597135415312529,0.06844527993386748,0.07091920571460968,0.07339313149535187,0.07586705727609407,0.0775163411299222,0.07916562498375034,0.08081490883757847,0.08246419269140659,0.0849381184721488,0.087412044252891,0.08988597003363319,0.09235989581437538,0.0923598958143754,0.0923598958143754,0.0923598958143754,0.09235989581437538,0.10149117742600375,0.1106224590376321,0.11975374064926043,0.12888502226088877,0.12258891485159248,0.1162928074422962,0.1099967000329999,0.1037005926237036
10.69,0.003,0.005944311112444442,0.008888622224888882,0.012690730381585101,0.01649283853828132,0.020616048172851655,0.024739257807421984,0.028862467441992314,0.03298567707656264,0.03710888671113298,0.04123209634570331,0.04535530598027363,0.049478515614843954,0.05360172524941429,0.05772493488398463,0.06184814451855496,0.06597135415312529,0.06844527993386748,0.07091920571460968,0.07339313149535187,0.07586705727609407,0.0775163411299222,0.07916562498375034,0.08081490883757847,0.08246419269140659,0.0849381184721488,0.087412044252891,0.08988597003363319,0.09235989581437538,0.0923598958143754,0.0923598958143754,0.0923598958143754,0.09235989581437538,0.10149117742600375,0.1106224590376321,0.11975374064926043,0.12888502226088877,0.12258891485159248,0.1162928074422962,0.1099967000329999,0.1037005926237036
10.7,0.003,0.005944311112444442,0.008888622224888882,0.012690730381585101,0.01649283853828132,0.020616048172851655,0.024739257807421984,0.028862467441992314,0.03298567707656264,0.03710888671113298,0.04123209634570331,0.04535530598027363,0.049478515614843954,0.05360172524941429,0.05772493488398463,0.06184814451855496,0.06597135415312529,0.06844527993386748,0.07091920571460968,0.07339313149535187,0.07586705727609407,0.0775163411299222,0.07916562498375034,0.08081490883757847,0.08246419269140659,0.0849381184721488,0.087412044252891,0.08988597003363319,0.09235989581437538,0.0923598958143754,0.0923598958143754,0.0923598958143754,0.09235989581437538,0.10149117742600375,0.1106224590376321,0.11975374064926043,0.12888502226088877,0.12258891485159248,0.1162928074422962,0.1099967000329999,0.1037005926237036
10.71,0.003,0.005944311112444442,0.008888622224888882,0.012690730381585101,0.01649283853828132,0.020616048172851655,0.024739257807421984,0.028862467441992314,0.03298567707656264,0.03710888671113298,0.04123209634570331,0.04535530598027363,0.049478515614843954,0.05360172524941429,0.05772493488398463,0.06184814451855496,0.06597135415312529,0.06844527993386748,0.07091920571460968,0.07339313149535187,0.07586705727609407,0.0775163411299222,0.07916562498375034,0.08081490883757847,0.08246419269140659,0.0849381184721488,0.087412044252891,0.08988597003363319,0.09235989581437538,0.0923598958143754,0.0923598958143754,0.0923598958143754,0.09235989581437538,0.10149117742600375,0.1106224590376321,0.11975374064926043,0.12888502226088877,0.12258891485159248,0.1162928074422962,0.1099967000329999,0.1037005926237036
10.72,0.003,0.005944311112444442,0.008888622224888882,0.012690730381585101,0.01649283853828132,0.020616048172851655,0.024739257807421984,0.028862467441992314,0.03298567707656264,0.03710888671113298,0.04123209634570331,0.04535530598027363,0.049478515614843954,0.05360172524941429,0.05772493488398463,0.06184814451855496,0.06597135415312529,0.06844527993386748,0.07091920571460968,0.07339313149535187,0.07586705727609407,0.0775163411299222,0.07916562498375034,0.08081490883757847,0.08246419269140659,0.0849381184721488,0.087412044252891,0.08988597003363319,0.09235989581437538,0.0923598958143754,0.0923598958143754,0.0923598958143754,0.09235989581437538,0.10149117742600375,0.1106224590376321,0.11975374064926043,0.12888502226088877,0.12258891485159248,0.1162928074422962,0.1099967000329999,0.1037005926237036
10.73,0.003,0.005944311112444442,0.008888622224888882,0.012690730381585101,0.01649283853828132,0.020616048172851655,0.024739257807421984,0.028862467441992314,0.03298567707656264,0.03710888671113298,0.04123209634570331,0.04535530598027363,0.049478515614843954,0.05360172524941429,0.05772493488398463,0.06184814451855496,0.06597135415312529,0.06844527993386748,0.07091920571460968,0.07339313149535187,0.07586705727609407,0.0775163411299222,0.07916562498375034,0.08081490883757847,0.08246419269140659,0.0849381184721488,0.087412044252891,0.08988597003363319,0.09235989581437538,0.0923598958143754,0.0923598958143754,0.0923598958143754,0.09235989581437538,0.10149117742600375,0.1106224590376321,0.11975374064926043,0.12888502226088877,0.12258891485159248,0.1162928074422962,0.1099967000329999,0.1037005926237036
10.74,0.003,0.005944311112444442,0.008888622224888882,0.012690730381585101,0.01649283853828132,0.020616048172851655,0.024739257807421984,0.028862467441992314,0.03298567707656264,0.03710888671113298,0.04123209634570331,0.04535530598027363,0.049478515614843954,0.05360172524941429,0.05772493488398463,0.06184814451855496,0.06597135415312529,0.06844527993386748,0.07091920571460968,0.07339313149535187,0.07586705727609407,0.0775163411299222,0.07916562498375034,0.08081490883757847,0.08246419269140659,0.0849381184721488,0.087412044252891,0.08988597003363319,0.09235989581437538,0.0923598958143754,0.0923598958143754,0.0923598958143754,0.09235989581437538,0.10149117742600375,0.1106224590376321,0.11975374064926043,0.12888502226088877,0.12258891485159248,0.1162928074422962,0.1099967000329999,0.1037005926237036
10.75,0.003,0.005944311112444442,0.008888622224888882,0.012690730381585101,0.01649283853828132,0.020616048172851655,0.024739257807421984,0.028862467441992314,0.03298567707656264,0.03710888671113298,0.04123209634570331,0.04535530598027363,0.049478515614843954,0.05360172524941429,0.05772493488398463,0.06184814451855496,0.06597135415312529,0.06844527993386748,0.07091920571460968,0.07339313149535187,0.07586705727609407,0.0775163411299222,0.07916562498375034,0.08081490883757847,0.08246419269140659,0.0849381184721488,0.087412044252891,0.08988597003363319,0.09235989581437538,0.0923598958143754,0.0923598958143754,0.0923598958143754,0.09235989581437538,0.10149117742600375,0.1106224590376321,0.11975374064926043,0.12888502226088877,0.12258891485159248,0.1162928074422962,0.1099967000329999,0.1037005926237036
10.76,0.003,0.005944311112444442,0.008888622224888882,0.012690730381585101,0.01649283853828132,0.020616048172851655,0.024739257807421984,0.028862467441992314,0.03298567707656264,0.03710888671113298,0.04123209634570331,0.04535530598027363,0.049478515614843954,0.05360172524941429,0.05772493488398463,0.06184814451855496,0.06597135415312529,0.06844527993386748,0.07091920571460968,0.07339313149535187,0.07586705727609407,0.0775163411299222,0.07916562498375034,0.08081490883757847,0.08246419269140659,0.0849381184721488,0.087412044252891,0.08988597003363319,0.09235989581437538,0.0923598958143754,0.0923598958143754,0.0923598958143754,0.09235989581437538,0.10149117742600375,0.1106224590376321,0.11975374064926043,0.12888502226088877,0.12258891485159248,0.1162928074422962,0.1099967000329999,0.1037005926237036
10.77,0.003,0.005944311112444442,0.008888622224888882,0.012690730381585101,0.01649283853828132,0.020616048172851655,0.024739257807421984,0.028862467441992314,0.03298567707656264,0.03710888671113298,0.04123209634570331,0.04535530598027363,0.049478515614843954,0.05360172524941429,0.05772493488398463,0.06184814451855496,0.06597135415312529,0.06844527993386748,0.07091920571460968,0.07339313149535187,0.07586705727609407,0.0775163411299222,0.07916562498375034,0.08081490883757847,0.08246419269140659,0.0849381184721488,0.087412044252891,0.08988597003363319,0.09235989581437538,0.0923598958143754,0.0923598958143754,0.0923598958143754,0.09235989581437538,0.10149117742600375,0.1106224590376321,0.11975374064926043,0.12888502226088877,0.12258891485159248,0.1162928074422962,0.1099967000329999,0.1037005926237036
10.78,0.003,0.005944311112444442,0.008888622224888882,0.012690730381585101,0.01649283853828132,0.020616048172851655,0.024739257807421984,0.028862467441992314,0.03298567707656264,0.03710888671113298,0.04123209634570331,0.04535530598027363,0.049478515614843954,0.05360172524941429,0.05772493488398463,0.06184814451855496,0.06597135415312529,0.06844527993386748,0.07091920571460968,0.07339313149535187,0.07586705727609407,0.0775163411299222,0.07916562498375034,0.08081490883757847,0.08246419269140659,0.0849381184721488,0.087412044252891,0.08988597003363319,0.09235989581437538,0.0923598958143754,0.0923598958143754,0.0923598958143754,0.09235989581437538,0.10149117742600375,0.1106224590376321,0.11975374064926043,0.12888502226088877,0.12258891485159248,0.1162928074422962,0.1099967000329999,0.1037005926237036
10.79,0.003,0.005944311112444442,0.008888622224888882,0.012690730381585101,0.01649283853828132,0.020616048172851655,0.024739257807421984,0.028862467441992314,0.03298567707656264,0.03710888671113298,0.04123209634570331,0.04535530598027363,0.049478515614843954,0.05360172524941429,0.05772493488398463,0.06184814451855496,0.06597135415312529,0.06844527993386748,0.07091920571460968,0.07339313149535187,0.07586705727609407,0.0775163411299222,0.07916562498375034,0.08081490883757847,0.08246419269140659,0.0849381184721488,0.087412044252891,0.08988597003363319,0.09235989581437538,0.0923598958143754,0.0923598958143754,0.0923598958143754,0.09235989581437538,0.10149117742600375,0.1106224590376321,0.11975374064926043,0.12888502226088877,0.12258891485159248,0.1162928074422962,0.1099967000329999,0.1037005926237036
10.8,0.003,0.005944311112444442,0.008888622224888882,0.012690730381585101,0.01649283853828132,0.020616048172851655,0.024739257807421984,0.028862467441992314,0.03298567707656264,0.03710888671113298,0.04123209634570331,0.04535530598027363,0.049478515614843954,0.05360172524941429,0.05772493488398463,0.06184814451855496,0.06597135415312529,0.06844527993386748,0.07091920571460968,0.07339313149535187,0.07586705727609407,0.0775163411299222,0.07916562498375034,0.08081490883757847,0.08246419269140659,0.0849381184721488,0.087412044252891,0.08988597003363319,0.09235989581437538,0.0923598958143754,0.0923598958143754,0.0923598958143754,0.09235989581437538,0.10149117742600375,0.1106224590376321,0.11975374064926043,0.12888502226088877,0.12258891485159248,0.1162928074422962,0.1099967000329999,0.1037005926237036
10.81,0.003,0.005944311112444442,0.008888622224888882,0.012690730381585101,0.01649283853828132,0.020616048172851655,0.024739257807421984,0.028862467441992314,0.03298567707656264,0.03710888671113298,0.04123209634570331,0.04535530598027363,0.049478515614843954,0.05360172524941429,0.05772493488398463,0.06184814451855496,0.06597135415312529,0.06844527993386748,0.07091920571460968,0.07339313149535187,0.07586705727609407,0.0775163411299222,0.07916562498375034,0.08081490883757847,0.08246419269140659,0.0849381184721488,0.087412044252891,0.08988597003363319,0.09235989581437538,0.0923598958143754,0.0923598958143754,0.0923598958143754,0.09235989581437538,0.10149117742600375,0.1106224590376321,0.11975374064926043,0.12888502226088877,0.12258891485159248,0.1162928074422962,0.1099967000329999,0.1037005926237036
10.82,0.003,0.005944311112444442,0.008888622224888882,0.012690730381585101,0.01649283853828132,0.020616048172851655,0.024739257807421984,0.028862467441992314,0.03298567707656264,0.03710888671113298,0.04123209634570331,0.04535530598027363,0.049478515614843954,0.05360172524941429,0.05772493488398463,0.06184814451855496,0.06597135415312529,0.06844527993386748,0.07091920571460968,0.07339313149535187,0.07586705727609407,0.0775163411299222,0.07916562498375034,0.08081490883757847,0.08246419269140659,0.0849381184721488,0.087412044252891,0.08988597003363319,0.09235989581437538,0.0923598958143754,0.0923598958143754,0.0923598958143754,0.09235989581437538,0.10149117742600375,0.1106224590376321,0.11975374064926043,0.12888502226088877,0.12258891485159248,0.1162928074422962,0.1099967000329999,0.1037005926237036
10.83,0.003,0.005944311112444442,0.008888622224888882,0.012690730381585101,0.01649283853828132,0.020616048172851655,0.024739257807421984,0.028862467441992314,0.03298567707656264,0.03710888671113298,0.04123209634570331,0.04535530598027363,0.049478515614843954,0.05360172524941429,0.05772493488398463,0.06184814451855496,0.06597135415312529,0.06844527993386748,0.07091920571460968,0.07339313149535187,0.07586705727609407,0.0775163411299222,0.07916562498375034,0.08081490883757847,0.08246419269140659,0.0849381184721488,0.087412044252891,0.08988597003363319,0.09235989581437538,0.0923598958143754,0.0923598958143754,0.0923598958143754,0.09235989581437538,0.10149117742600375,0.1106224590376321,0.11975374064926043,0.12888502226088877,0.12258891485159248,0.1162928074422962,0.1099967000329999,0.1037005926237036
10.84,0.003,0.005944311112444442,0.008888622224888882,0.012690730381585101,0.01649283853828132,0.020616048172851655,0.024739257807421984,0.028862467441992314,0.03298567707656264,0.03710888671113298,0.04123209634570331,0.04535530598027363,0.049478515614843954,0.05360172524941429,0.05772493488398463,0.06184814451855496,0.06597135415312529,0.06844527993386748,0.07091920571460968,0.07339313149535187,0.07586705727609407,0.0775163411299222,0.07916562498375034,0.08081490883757847,0.08246419269140659,0.0849381184721488,0.087412044252891,0.08988597003363319,0.09235989581437538,0.0923598958143754,0.0923598958143754,0.0923598958143754,0.09235989581437538,0.10149117742600375,0.1106224590376321,0.11975374064926043,0.12888502226088877,0.12258891485159248,0.1162928074422962,0.1099967000329999,0.1037005926237036
10.85,0.003,0.005944311112444442,0.008888622224888882,0.012690730381585101,0.01649283853828132,0.020616048172851655,0.024739257807421984,0.028862467441992314,0.03298567707656264,0.03710888671113298,0.04123209634570331,0.04535530598027363,0.049478515614843954,0.05360172524941429,0.05772493488398463,0.06184814451855496,0.06597135415312529,0.06844527993386748,0.07091920571460968,0.07339313149535187,0.07586705727609407,0.0775163411299222,0.07916562498375034,0.08081490883757847,0.08246419269140659,0.0849381184721488,0.087412044252891,0.08988597003363319,0.09235989581437538,0.0923598958143754,0.0923598958143754,0.0923598958143754,0.09235989581437538,0.10149117742600375,0.1106224590376321,0.11975374064926043,0.12888502226088877,0.12258891485159248,0.1162928074422962,0.1099967000329999,0.1037005926237036
10.86,0.003,0.005944311112444442,0.008888622224888882,0.012690730381585101,0.01649283853828132,0.020616048172851655,0.024739257807421984,0.028862467441992314,0.03298567707656264,0.03710888671113298,0.04123209634570331,0.04535530598027363,0.049478515614843954,0.05360172524941429,0.05772493488398463,0.06184814451855496,0.06597135415312529,0.06844527993386748,0.07091920571460968,0.07339313149535187,0.07586705727609407,0.0775163411299222,0.07916562498375034,0.08081490883757847,0.08246419269140659,0.0849381184721488,0.087412044252891,0.08988597003363319,0.09235989581437538,0.0923598958143754,0.0923598958143754,0.0923598958143754,0.09235989581437538,0.10149117742600375,0.1106224590376321,0.11975374064926043,0.12888502226088877,0.12258891485159248,0.1162928074422962,0.1099967000329999,0.1037005926237036
10.87,0.003,0.005944311112444442,0.008888622224888882,0.012690730381585101,0.01649283853828132,0.020616048172851655,0.024739257807421984,0.028862467441992314,0.03298567707656264,0.03710888671113298,0.04123209634570331,0.04535530598027363,0.049478515614843954,0.05360172524941429,0.05772493488398463,0.06184814451855496,0.06597135415312529,0.06844527993386748,0.07091920571460968,0.07339313149535187,0.07586705727609407,0.0775163411299222,0.07916562498375034,0.08081490883757847,0.08246419269140659,0.0849381184721488,0.087412044252891,0.08988597003363319,0.09235989581437538,0.0923598958143754,0.0923598958143754,0.0923598958143754,0.09235989581437538,0.10149117742600375,0.1106224590376321,0.11975374064926043,0.12888502226088877,0.12258891485159248,0.1162928074422962,0.1099967000329999,0.1037005926237036
10.88,0.003,0.005944311112444442,0.008888622224888882,0.012690730381585101,0.01649283853828132,0.020616048172851655,0.024739257807421984,0.028862467441992314,0.03298567707656264,0.03710888671113298,0.04123209634570331,0.04535530598027363,0.049478515614843954,0.05360172524941429,0.05772493488398463,0.06184814451855496,0.06597135415312529,0.06844527993386748,0.07091920571460968,0.07339313149535187,0.07586705727609407,0.0775163411299222,0.07916562498375034,0.08081490883757847,0.08246419269140659,0.0849381184721488,0.087412044252891,0.08988597003363319,0.09235989581437538,0.0923598958143754,0.0923598958143754,0.0923598958143754,0.09235989581437538,0.10149117742600375,0.1106224590376321,0.11975374064926043,0.12888502226088877,0.12258891485159248,0.1162928074422962,0.1099967000329999,0.1037005926237036
10.89,0.003,0.005944311112444442,0.008888622224888882,0.012690730381585101,0.01649283853828132,0.020616048172851655,0.024739257807421984,0.028862467441992314,0.03298567707656264,0.03710888671113298,0.04123209634570331,0.04535530598027363,0.049478515614843954,0.05360172524941429,0.05772493488398463,0.06184814451855496,0.06597135415312529,0.06844527993386748,0.07091920571460968,0.07339313149535187,0.07586705727609407,0.0775163411299222,0.07916562498375034,0.08081490883757847,0.08246419269140659,0.0849381184721488,0.087412044252891,0.08988597003363319,0.09235989581437538,0.0923598958143754,0.0923598958143754,0.0923598958143754,0.09235989581437538,0.10149117742600375,0.1106224590376321,0.11975374064926043,0.12888502226088877,0.12258891485159248,0.1162928074422962,0.1099967000329999,0.1037005926237036
10.9,0.003,0.005944311112444442,0.008888622224888882,0.012690730381585101,0.01649283853828132,0.020616048172851655,0.024739257807421984,0.028862467441992314,0.03298567707656264,0.03710888671113298,0.04123209634570331,0.04535530598027363,0.049478515614843954,0.05360172524941429,0.05772493488398463,0.06184814451855496,0.06597135415312529,0.06844527993386748,0.07091920571460968,0.07339313149535187,0.07586705727609407,0.0775163411299222,0.07916562498375034,0.08081490883757847,0.08246419269140659,0.0849381184721488,0.087412044252891,0.08988597003363319,0.09235989581437538,0.0923598958143754,0.0923598958143754,0.0923598958143754,0.09235989581437538,0.10149117742600375,0.1106224590376321,0.11975374064926043,0.12888502226088877,0.12258891485159248,0.1162928074422962,0.1099967000329999,0.1037005926237036
10.91,0.003,0.005944311112444442,0.008888622224888882,0.012690730381585101,0.01649283853828132,0.020616048172851655,0.024739257807421984,0.028862467441992314,0.03298567707656264,0.03710888671113298,0.04123209634570331,0.04535530598027363,0.049478515614843954,0.05360172524941429,0.05772493488398463,0.06184814451855496,0.06597135415312529,0.06844527993386748,0.07091920571460968,0.07339313149535187,0.07586705727609407,0.0775163411299222,0.07916562498375034,0.08081490883757847,0.08246419269140659,0.0849381184721488,0.087412044252891,0.08988597003363319,0.09235989581437538,0.0923598958143754,0.0923598958143754,0.0923598958143754,0.09235989581437538,0.10149117742600375,0.1106224590376321,0.11975374064926043,0.12888502226088877,0.12258891485159248,0.1162928074422962,0.1099967000329999,0.1037005926237036
10.92,0.003,0.005944311112444442,0.008888622224888882,0.012690730381585101,0.01649283853828132,0.020616048172851655,0.024739257807421984,0.028862467441992314,0.03298567707656264,0.03710888671113298,0.04123209634570331,0.04535530598027363,0.049478515614843954,0.05360172524941429,0.05772493488398463,0.06184814451855496,0.06597135415312529,0.06844527993386748,0.07091920571460968,0.07339313149535187,0.07586705727609407,0.0775163411299222,0.07916562498375034,0.08081490883757847,0.08246419269140659,0.0849381184721488,0.087412044252891,0.08988597003363319,0.09235989581437538,0.0923598958143754,0.0923598958143754,0.0923598958143754,0.09235989581437538,0.10149117742600375,0.1106224590376321,0.11975374064926043,0.12888502226088877,0.12258891485159248,0.1162928074422962,0.1099967000329999,0.1037005926237036
10.93,0.003,0.005944311112444442,0.008888622224888882,0.012690730381585101,0.01649283853828132,0.020616048172851655,0.024739257807421984,0.028862467441992314,0.03298567707656264,0.03710888671113298,0.04123209634570331,0.04535530598027363,0.049478515614843954,0.05360172524941429,0.05772493488398463,0.06184814451855496,0.06597135415312529,0.06844527993386748,0.07091920571460968,0.07339313149535187,0.07586705727609407,0.0775163411299222,0.07916562498375034,0.08081490883757847,0.08246419269140659,0.0849381184721488,0.087412044252891,0.08988597003363319,0.09235989581437538,0.0923598958143754,0.0923598958143754,0.0923598958143754,0.09235989581437538,0.10149117742600375,0.1106224590376321,0.11975374064926043,0.12888502226088877,0.12258891485159248,0.1162928074422962,0.1099967000329999,0.1037005926237036
10.94,0.003,0.005944311112444442,0.008888622224888882,0.012690730381585101,0.01649283853828132,0.020616048172851655,0.024739257807421984,0.028862467441992314,0.03298567707656264,0.03710888671113298,0.04123209634570331,0.04535530598027363,0.049478515614843954,0.05360172524941429,0.05772493488398463,0.06184814451855496,0.06597135415312529,0.06844527993386748,0.07091920571460968,0.07339313149535187,0.07586705727609407,0.0775163411299222,0.07916562498375034,0.08081490883757847,0.08246419269140659,0.0849381184721488,0.087412044252891,0.08988597003363319,0.09235989581437538,0.0923598958143754,0.0923598958143754,0.0923598958143754,0.09235989581437538,0.10149117742600375,0.1106224590376321,0.11975374064926043,0.12888502226088877,0.12258891485159248,0.1162928074422962,0.1099967000329999,0.1037005926237036
10.95,0.003,0.005944311112444442,0.008888622224888882,0.012690730381585101,0.01649283853828132,0.020616048172851655,0.024739257807421984,0.028862467441992314,0.03298567707656264,0.03710888671113298,0.04123209634570331,0.04535530598027363,0.049478515614843954,0.05360172524941429,0.05772493488398463,0.06184814451855496,0.06597135415312529,0.06844527993386748,0.07091920571460968,0.07339313149535187,0.07586705727609407,0.0775163411299222,0.07916562498375034,0.08081490883757847,0.08246419269140659,0.0849381184721488,0.087412044252891,0.08988597003363319,0.09235989581437538,0.0923598958143754,0.0923598958143754,0.0923598958143754,0.09235989581437538,0.10149117742600375,0.1106224590376321,0.11975374064926043,0.12888502226088877,0.12258891485159248,0.1162928074422962,0.1099967000329999,0.1037005926237036
10.96,0.003,0.005944311112444442,0.008888622224888882,0.012690730381585101,0.01649283853828132,0.020616048172851655,0.024739257807421984,0.028862467441992314,0.03298567707656264,0.03710888671113298,0.04123209634570331,0.04535530598027363,0.049478515614843954,0.05360172524941429,0.05772493488398463,0.06184814451855496,0.06597135415312529,0.06844527993386748,0.07091920571460968,0.07339313149535187,0.07586705727609407,0.0775163411299222,0.07916562498375034,0.08081490883757847,0.08246419269140659,0.0849381184721488,0.087412044252891,0.08988597003363319,0.09235989581437538,0.0923598958143754,0.0923598958143754,0.0923598958143754,0.09235989581437538,0.10149117742600375,0.1106224590376321,0.11975374064926043,0.12888502226088877,0.12258891485159248,0.1162928074422962,0.1099967000329999,0.1037005926237036
10.97,0.003,0.005944311112444442,0.008888622224888882,0.012690730381585101,0.01649283853828132,0.020616048172851655,0.024739257807421984,0.028862467441992314,0.03298567707656264,0.03710888671113298,0.04123209634570331,0.04535530598027363,0.049478515614843954,0.05360172524941429,0.05772493488398463,0.06184814451855496,0.06597135415312529,0.06844527993386748,0.07091920571460968,0.07339313149535187,0.07586705727609407,0.0775163411299222,0.07916562498375034,0.08081490883757847,0.08246419269140659,0.0849381184721488,0.087412044252891,0.08988597003363319,0.09235989581437538,0.0923598958143754,0.0923598958143754,0.0923598958143754,0.09235989581437538,0.10149117742600375,0.1106224590376321,0.11975374064926043,0.12888502226088877,0.12258891485159248,0.1162928074422962,0.1099967000329999,0.1037005926237036
10.98,0.003,0.005944311112444442,0.008888622224888882,0.012690730381585101,0.01649283853828132,0.020616048172851655,0.024739257807421984,0.028862467441992314,0.03298567707656264,0.03710888671113298,0.04123209634570331,0.04535530598027363,0.049478515614843954,0.05360172524941429,0.05772493488398463,0.06184814451855496,0.06597135415312529,0.06844527993386748,0.07091920571460968,0.07339313149535187,0.07586705727609407,0.0775163411299222,0.07916562498375034,0.08081490883757847,0.08246419269140659,0.0849381184721488,0.087412044252891,0.08988597003363319,0.09235989581437538,0.0923598958143754,0.0923598958143754,0.0923598958143754,0.09235989581437538,0.10149117742600375,0.1106224590376321,0.11975374064926043,0.12888502226088877,0.12258891485159248,0.1162928074422962,0.1099967000329999,0.1037005926237036
10.99,0.003,0.005944311112444442,0.008888622224888882,0.012690730381585101,0.01649283853828132,0.020616048172851655,0.024739257807421984,0.028862467441992314,0.03298567707656264,0.03710888671113298,0.04123209634570331,0.04535530598027363,0.049478515614843954,0.05360172524941429,0.05772493488398463,0.06184814451855496,0.06597135415312529,0.06844527993386748,0.07091920571460968,0.07339313149535187,0.07586705727609407,0.0775163411299222,0.07916562498375034,0.08081490883757847,0.08246419269140659,0.0849381184721488,0.087412044252891,0.08988597003363319,0.09235989581437538,0.0923598958143754,0.0923598958143754,0.0923598958143754,0.09235989581437538,0.10149117742600375,0.1106224590376321,0.11975374064926043,0.12888502226088877,0.12258891485159248,0.1162928074422962,0.1099967000329999,0.1037005926237036
11,0.003,0.005944311112444442,0.008888622224888882,0.012690730381585101,0.01649283853828132,0.020616048172851655,0.024739257807421984,0.028862467441992314,0.03298567707656264,0.03710888671113298,0.04123209634570331,0.04535530598027363,0.049478515614843954,0.05360172524941429,0.05772493488398463,0.06184814451855496,0.06597135415312529,0.06844527993386748,0.07091920571460968,0.07339313149535187,0.07586705727609407,0.0775163411299222,0.07916562498375034,0.08081490883757847,0.08246419269140659,0.0849381184721488,0.087412044252891,0.08988597003363319,0.09235989581437538,0.0923598958143754,0.0923598958143754,0.0923598958143754,0.09235989581437538,0.10149117742600375,0.1106224590376321,0.11975374064926043,0.12888502226088877,0.12258891485159248,0.1162928074422962,0.1099967000329999,0.1037005926237036
11.01,0.003,0.005944311112444442,0.008888622224888882,0.012690730381585101,0.01649283853828132,0.020616048172851655,0.024739257807421984,0.028862467441992314,0.03298567707656264,0.03710888671113298,0.04123209634570331,0.04535530598027363,0.049478515614843954,0.05360172524941429,0.05772493488398463,0.06184814451855496,0.06597135415312529,0.06844527993386748,0.07091920571460968,0.07339313149535187,0.07586705727609407,0.0775163411299222,0.07916562498375034,0.08081490883757847,0.08246419269140659,0.0849381184721488,0.087412044252891,0.08988597003363319,0.09235989581437538,0.0923598958143754,0.0923598958143754,0.0923598958143754,0.09235989581437538,0.10149117742600375,0.1106224590376321,0.11975374064926043,0.12888502226088877,0.12258891485159248,0.1162928074422962,0.1099967000329999,0.1037005926237036
11.02,0.003,0.005944311112444442,0.008888622224888882,0.012690730381585101,0.01649283853828132,0.020616048172851655,0.024739257807421984,0.028862467441992314,0.03298567707656264,0.03710888671113298,0.04123209634570331,0.04535530598027363,0.049478515614843954,0.05360172524941429,0.05772493488398463,0.06184814451855496,0.06597135415312529,0.06844527993386748,0.07091920571460968,0.07339313149535187,0.07586705727609407,0.0775163411299222,0.07916562498375034,0.08081490883757847,0.08246419269140659,0.0849381184721488,0.087412044252891,0.08988597003363319,0.09235989581437538,0.0923598958143754,0.0923598958143754,0.0923598958143754,0.09235989581437538,0.10149117742600375,0.1106224590376321,0.11975374064926043,0.12888502226088877,0.12258891485159248,0.1162928074422962,0.1099967000329999,0.1037005926237036
11.03,0.003,0.005944311112444442,0.008888622224888882,0.012690730381585101,0.01649283853828132,0.020616048172851655,0.024739257807421984,0.028862467441992314,0.03298567707656264,0.03710888671113298,0.04123209634570331,0.04535530598027363,0.049478515614843954,0.05360172524941429,0.05772493488398463,0.06184814451855496,0.06597135415312529,0.06844527993386748,0.07091920571460968,0.07339313149535187,0.07586705727609407,0.0775163411299222,0.07916562498375034,0.08081490883757847,0.08246419269140659,0.0849381184721488,0.087412044252891,0.08988597003363319,0.09235989581437538,0.0923598958143754,0.0923598958143754,0.0923598958143754,0.09235989581437538,0.10149117742600375,0.1106224590376321,0.11975374064926043,0.12888502226088877,0.12258891485159248,0.1162928074422962,0.1099967000329999,0.1037005926237036
11.04,0.003,0.005944311112444442,0.008888622224888882,0.012690730381585101,0.01649283853828132,0.020616048172851655,0.024739257807421984,0.028862467441992314,0.03298567707656264,0.03710888671113298,0.04123209634570331,0.04535530598027363,0.049478515614843954,0.05360172524941429,0.05772493488398463,0.06184814451855496,0.06597135415312529,0.06844527993386748,0.07091920571460968,0.07339313149535187,0.07586705727609407,0.0775163411299222,0.07916562498375034,0.08081490883757847,0.08246419269140659,0.0849381184721488,0.087412044252891,0.08988597003363319,0.09235989581437538,0.0923598958143754,0.0923598958143754,0.0923598958143754,0.09235989581437538,0.10149117742600375,0.1106224590376321,0.11975374064926043,0.12888502226088877,0.12258891485159248,0.1162928074422962,0.1099967000329999,0.1037005926237036
11.05,0.003,0.005944311112444442,0.008888622224888882,0.012690730381585101,0.01649283853828132,0.020616048172851655,0.024739257807421984,0.028862467441992314,0.03298567707656264,0.03710888671113298,0.04123209634570331,0.04535530598027363,0.049478515614843954,0.05360172524941429,0.05772493488398463,0.06184814451855496,0.06597135415312529,0.06844527993386748,0.07091920571460968,0.07339313149535187,0.07586705727609407,0.0775163411299222,0.07916562498375034,0.08081490883757847,0.08246419269140659,0.0849381184721488,0.087412044252891,0.08988597003363319,0.09235989581437538,0.0923598958143754,0.0923598958143754,0.0923598958143754,0.09235989581437538,0.10149117742600375,0.1106224590376321,0.11975374064926043,0.12888502226088877,0.12258891485159248,0.1162928074422962,0.1099967000329999,0.1037005926237036
11.06,0.003,0.005944311112444442,0.008888622224888882,0.012690730381585101,0.01649283853828132,0.020616048172851655,0.024739257807421984,0.028862467441992314,0.03298567707656264,0.03710888671113298,0.04123209634570331,0.04535530598027363,0.049478515614843954,0.05360172524941429,0.05772493488398463,0.06184814451855496,0.06597135415312529,0.06844527993386748,0.07091920571460968,0.07339313149535187,0.07586705727609407,0.0775163411299222,0.07916562498375034,0.08081490883757847,0.08246419269140659,0.0849381184721488,0.087412044252891,0.08988597003363319,0.09235989581437538,0.0923598958143754,0.0923598958143754,0.0923598958143754,0.09235989581437538,0.10149117742600375,0.1106224590376321,0.11975374064926043,0.12888502226088877,0.12258891485159248,0.1162928074422962,0.1099967000329999,0.1037005926237036
11.07,0.003,0.005944311112444442,0.008888622224888882,0.012690730381585101,0.01649283853828132,0.020616048172851655,0.024739257807421984,0.028862467441992314,0.03298567707656264,0.03710888671113298,0.04123209634570331,0.04535530598027363,0.049478515614843954,0.05360172524941429,0.05772493488398463,0.06184814451855496,0.06597135415312529,0.06844527993386748,0.07091920571460968,0.07339313149535187,0.07586705727609407,0.0775163411299222,0.07916562498375034,0.08081490883757847,0.08246419269140659,0.0849381184721488,0.087412044252891,0.08988597003363319,0.09235989581437538,0.0923598958143754,0.0923598958143754,0.0923598958143754,0.09235989581437538,0.10149117742600375,0.1106224590376321,0.11975374064926043,0.12888502226088877,0.12258891485159248,0.1162928074422962,0.1099967000329999,0.1037005926237036
11.08,0.003,0.005944311112444442,0.008888622224888882,0.012690730381585101,0.01649283853828132,0.020616048172851655,0.024739257807421984,0.028862467441992314,0.03298567707656264,0.03710888671113298,0.04123209634570331,0.04535530598027363,0.049478515614843954,0.05360172524941429,0.05772493488398463,0.06184814451855496,0.06597135415312529,0.06844527993386748,0.07091920571460968,0.07339313149535187,0.07586705727609407,0.0775163411299222,0.07916562498375034,0.08081490883757847,0.08246419269140659,0.0849381184721488,0.087412044252891,0.08988597003363319,0.09235989581437538,0.0923598958143754,0.0923598958143754,0.0923598958143754,0.09235989581437538,0.10149117742600375,0.1106224590376321,0.11975374064926043,0.12888502226088877,0.12258891485159248,0.1162928074422962,0.1099967000329999,0.1037005926237036
11.09,0.003,0.005944311112444442,0.008888622224888882,0.012690730381585101,0.01649283853828132,0.020616048172851655,0.024739257807421984,0.028862467441992314,0.03298567707656264,0.03710888671113298,0.04123209634570331,0.04535530598027363,0.049478515614843954,0.05360172524941429,0.05772493488398463,0.06184814451855496,0.06597135415312529,0.06844527993386748,0.07091920571460968,0.07339313149535187,0.07586705727609407,0.0775163411299222,0.07916562498375034,0.08081490883757847,0.08246419269140659,0.0849381184721488,0.087412044252891,0.08988597003363319,0.09235989581437538,0.0923598958143754,0.0923598958143754,0.0923598958143754,0.09235989581437538,0.10149117742600375,0.1106224590376321,0.11975374064926043,0.12888502226088877,0.12258891485159248,0.1162928074422962,0.1099967000329999,0.1037005926237036
11.1,0.003,0.005944311112444442,0.008888622224888882,0.012690730381585101,0.01649283853828132,0.020616048172851655,0.024739257807421984,0.028862467441992314,0.03298567707656264,0.03710888671113298,0.04123209634570331,0.04535530598027363,0.049478515614843954,0.05360172524941429,0.05772493488398463,0.06184814451855496,0.06597135415312529,0.06844527993386748,0.07091920571460968,0.07339313149535187,0.07586705727609407,0.0775163411299222,0.07916562498375034,0.08081490883757847,0.08246419269140659,0.0849381184721488,0.087412044252891,0.08988597003363319,0.09235989581437538,0.0923598958143754,0.0923598958143754,0.0923598958143754,0.09235989581437538,0.10149117742600375,0.1106224590376321,0.11975374064926043,0.12888502226088877,0.12258891485159248,0.1162928074422962,0.1099967000329999,0.1037005926237036
11.11,0.003,0.005944311112444442,0.008888622224888882,0.012690730381585101,0.01649283853828132,0.020616048172851655,0.024739257807421984,0.028862467441992314,0.03298567707656264,0.03710888671113298,0.04123209634570331,0.04535530598027363,0.049478515614843954,0.05360172524941429,0.05772493488398463,0.06184814451855496,0.06597135415312529,0.06844527993386748,0.07091920571460968,0.07339313149535187,0.07586705727609407,0.0775163411299222,0.07916562498375034,0.08081490883757847,0.08246419269140659,0.0849381184721488,0.087412044252891,0.08988597003363319,0.09235989581437538,0.0923598958143754,0.0923598958143754,0.0923598958143754,0.09235989581437538,0.10149117742600375,0.1106224590376321,0.11975374064926043,0.12888502226088877,0.12258891485159248,0.1162928074422962,0.1099967000329999,0.1037005926237036
11.12,0.003,0.005944311112444442,0.008888622224888882,0.012690730381585101,0.01649283853828132,0.020616048172851655,0.024739257807421984,0.028862467441992314,0.03298567707656264,0.03710888671113298,0.04123209634570331,0.04535530598027363,0.049478515614843954,0.05360172524941429,0.05772493488398463,0.06184814451855496,0.06597135415312529,0.06844527993386748,0.07091920571460968,0.07339313149535187,0.07586705727609407,0.0775163411299222,0.07916562498375034,0.08081490883757847,0.08246419269140659,0.0849381184721488,0.087412044252891,0.08988597003363319,0.09235989581437538,0.0923598958143754,0.0923598958143754,0.0923598958143754,0.09235989581437538,0.10149117742600375,0.1106224590376321,0.11975374064926043,0.12888502226088877,0.12258891485159248,0.1162928074422962,0.1099967000329999,0.1037005926237036
11.13,0.003,0.005944311112444442,0.008888622224888882,0.012690730381585101,0.01649283853828132,0.020616048172851655,0.024739257807421984,0.028862467441992314,0.03298567707656264,0.03710888671113298,0.04123209634570331,0.04535530598027363,0.049478515614843954,0.05360172524941429,0.05772493488398463,0.06184814451855496,0.06597135415312529,0.06844527993386748,0.07091920571460968,0.07339313149535187,0.07586705727609407,0.0775163411299222,0.07916562498375034,0.08081490883757847,0.08246419269140659,0.0849381184721488,0.087412044252891,0.08988597003363319,0.09235989581437538,0.0923598958143754,0.0923598958143754,0.0923598958143754,0.09235989581437538,0.10149117742600375,0.1106224590376321,0.11975374064926043,0.12888502226088877,0.12258891485159248,0.1162928074422962,0.1099967000329999,0.1037005926237036
11.14,0.003,0.005944311112444442,0.008888622224888882,0.012690730381585101,0.01649283853828132,0.020616048172851655,0.024739257807421984,0.028862467441992314,0.03298567707656264,0.03710888671113298,0.04123209634570331,0.04535530598027363,0.049478515614843954,0.05360172524941429,0.05772493488398463,0.06184814451855496,0.06597135415312529,0.06844527993386748,0.07091920571460968,0.07339313149535187,0.07586705727609407,0.0775163411299222,0.07916562498375034,0.08081490883757847,0.08246419269140659,0.0849381184721488,0.087412044252891,0.08988597003363319,0.09235989581437538,0.0923598958143754,0.0923598958143754,0.0923598958143754,0.09235989581437538,0.10149117742600375,0.1106224590376321,0.11975374064926043,0.12888502226088877,0.12258891485159248,0.1162928074422962,0.1099967000329999,0.1037005926237036
11.15,0.003,0.005944311112444442,0.008888622224888882,0.012690730381585101,0.01649283853828132,0.020616048172851655,0.024739257807421984,0.028862467441992314,0.03298567707656264,0.03710888671113298,0.04123209634570331,0.04535530598027363,0.049478515614843954,0.05360172524941429,0.05772493488398463,0.06184814451855496,0.06597135415312529,0.06844527993386748,0.07091920571460968,0.07339313149535187,0.07586705727609407,0.0775163411299222,0.07916562498375034,0.08081490883757847,0.08246419269140659,0.0849381184721488,0.087412044252891,0.08988597003363319,0.09235989581437538,0.0923598958143754,0.0923598958143754,0.0923598958143754,0.09235989581437538,0.10149117742600375,0.1106224590376321,0.11975374064926043,0.12888502226088877,0.12258891485159248,0.1162928074422962,0.1099967000329999,0.1037005926237036
11.16,0.003,0.005944311112444442,0.008888622224888882,0.012690730381585101,0.01649283853828132,0.020616048172851655,0.024739257807421984,0.028862467441992314,0.03298567707656264,0.03710888671113298,0.04123209634570331,0.04535530598027363,0.049478515614843954,0.05360172524941429,0.05772493488398463,0.06184814451855496,0.06597135415312529,0.06844527993386748,0.07091920571460968,0.07339313149535187,0.07586705727609407,0.0775163411299222,0.07916562498375034,0.08081490883757847,0.08246419269140659,0.0849381184721488,0.087412044252891,0.08988597003363319,0.09235989581437538,0.0923598958143754,0.0923598958143754,0.0923598958143754,0.09235989581437538,0.10149117742600375,0.1106224590376321,0.11975374064926043,0.12888502226088877,0.12258891485159248,0.1162928074422962,0.1099967000329999,0.1037005926237036
11.17,0.003,0.005944311112444442,0.008888622224888882,0.012690730381585101,0.01649283853828132,0.020616048172851655,0.024739257807421984,0.028862467441992314,0.03298567707656264,0.03710888671113298,0.04123209634570331,0.04535530598027363,0.049478515614843954,0.05360172524941429,0.05772493488398463,0.06184814451855496,0.06597135415312529,0.06844527993386748,0.07091920571460968,0.07339313149535187,0.07586705727609407,0.0775163411299222,0.07916562498375034,0.08081490883757847,0.08246419269140659,0.0849381184721488,0.087412044252891,0.08988597003363319,0.09235989581437538,0.0923598958143754,0.0923598958143754,0.0923598958143754,0.09235989581437538,0.10149117742600375,0.1106224590376321,0.11975374064926043,0.12888502226088877,0.12258891485159248,0.1162928074422962,0.1099967000329999,0.1037005926237036
11.18,0.003,0.005944311112444442,0.008888622224888882,0.012690730381585101,0.01649283853828132,0.020616048172851655,0.024739257807421984,0.028862467441992314,0.03298567707656264,0.03710888671113298,0.04123209634570331,0.04535530598027363,0.049478515614843954,0.05360172524941429,0.05772493488398463,0.06184814451855496,0.06597135415312529,0.06844527993386748,0.07091920571460968,0.07339313149535187,0.07586705727609407,0.0775163411299222,0.07916562498375034,0.08081490883757847,0.08246419269140659,0.0849381184721488,0.087412044252891,0.08988597003363319,0.09235989581437538,0.0923598958143754,0.0923598958143754,0.0923598958143754,0.09235989581437538,0.10149117742600375,0.1106224590376321,0.11975374064926043,0.12888502226088877,0.12258891485159248,0.1162928074422962,0.1099967000329999,0.1037005926237036
11.19,0.003,0.005944311112444442,0.008888622224888882,0.012690730381585101,0.01649283853828132,0.020616048172851655,0.024739257807421984,0.028862467441992314,0.03298567707656264,0.03710888671113298,0.04123209634570331,0.04535530598027363,0.049478515614843954,0.05360172524941429,0.05772493488398463,0.06184814451855496,0.06597135415312529,0.06844527993386748,0.07091920571460968,0.07339313149535187,0.07586705727609407,0.0775163411299222,0.07916562498375034,0.08081490883757847,0.08246419269140659,0.0849381184721488,0.087412044252891,0.08988597003363319,0.09235989581437538,0.0923598958143754,0.0923598958143754,0.0923598958143754,0.09235989581437538,0.10149117742600375,0.1106224590376321,0.11975374064926043,0.12888502226088877,0.12258891485159248,0.1162928074422962,0.1099967000329999,0.1037005926237036
11.2,0.003,0.005944311112444442,0.008888622224888882,0.012690730381585101,0.01649283853828132,0.020616048172851655,0.024739257807421984,0.028862467441992314,0.03298567707656264,0.03710888671113298,0.04123209634570331,0.04535530598027363,0.049478515614843954,0.05360172524941429,0.05772493488398463,0.06184814451855496,0.06597135415312529,0.06844527993386748,0.07091920571460968,0.07339313149535187,0.07586705727609407,0.0775163411299222,0.07916562498375034,0.08081490883757847,0.08246419269140659,0.0849381184721488,0.087412044252891,0.08988597003363319,0.09235989581437538,0.0923598958143754,0.0923598958143754,0.0923598958143754,0.09235989581437538,0.10149117742600375,0.1106224590376321,0.11975374064926043,0.12888502226088877,0.12258891485159248,0.1162928074422962,0.1099967000329999,0.1037005926237036
11.21,0.003,0.005944311112444442,0.008888622224888882,0.012690730381585101,0.01649283853828132,0.020616048172851655,0.024739257807421984,0.028862467441992314,0.03298567707656264,0.03710888671113298,0.04123209634570331,0.04535530598027363,0.049478515614843954,0.05360172524941429,0.05772493488398463,0.06184814451855496,0.06597135415312529,0.06844527993386748,0.07091920571460968,0.07339313149535187,0.07586705727609407,0.0775163411299222,0.07916562498375034,0.08081490883757847,0.08246419269140659,0.0849381184721488,0.087412044252891,0.08988597003363319,0.09235989581437538,0.0923598958143754,0.0923598958143754,0.0923598958143754,0.09235989581437538,0.10149117742600375,0.1106224590376321,0.11975374064926043,0.12888502226088877,0.12258891485159248,0.1162928074422962,0.1099967000329999,0.1037005926237036
11.22,0.003,0.005944311112444442,0.008888622224888882,0.012690730381585101,0.01649283853828132,0.020616048172851655,0.024739257807421984,0.028862467441992314,0.03298567707656264,0.03710888671113298,0.04123209634570331,0.04535530598027363,0.049478515614843954,0.05360172524941429,0.05772493488398463,0.06184814451855496,0.06597135415312529,0.06844527993386748,0.07091920571460968,0.07339313149535187,0.07586705727609407,0.0775163411299222,0.07916562498375034,0.08081490883757847,0.08246419269140659,0.0849381184721488,0.087412044252891,0.08988597003363319,0.09235989581437538,0.0923598958143754,0.0923598958143754,0.0923598958143754,0.09235989581437538,0.10149117742600375,0.1106224590376321,0.11975374064926043,0.12888502226088877,0.12258891485159248,0.1162928074422962,0.1099967000329999,0.1037005926237036
11.23,0.003,0.005944311112444442,0.008888622224888882,0.012690730381585101,0.01649283853828132,0.020616048172851655,0.024739257807421984,0.028862467441992314,0.03298567707656264,0.03710888671113298,0.04123209634570331,0.04535530598027363,0.049478515614843954,0.05360172524941429,0.05772493488398463,0.06184814451855496,0.06597135415312529,0.06844527993386748,0.07091920571460968,0.07339313149535187,0.07586705727609407,0.0775163411299222,0.07916562498375034,0.08081490883757847,0.08246419269140659,0.0849381184721488,0.087412044252891,0.08988597003363319,0.09235989581437538,0.0923598958143754,0.0923598958143754,0.0923598958143754,0.09235989581437538,0.10149117742600375,0.1106224590376321,0.11975374064926043,0.12888502226088877,0.12258891485159248,0.1162928074422962,0.1099967000329999,0.1037005926237036
11.24,0.003,0.005944311112444442,0.008888622224888882,0.012690730381585101,0.01649283853828132,0.020616048172851655,0.024739257807421984,0.028862467441992314,0.03298567707656264,0.03710888671113298,0.04123209634570331,0.04535530598027363,0.049478515614843954,0.05360172524941429,0.05772493488398463,0.06184814451855496,0.06597135415312529,0.06844527993386748,0.07091920571460968,0.07339313149535187,0.07586705727609407,0.0775163411299222,0.07916562498375034,0.08081490883757847,0.08246419269140659,0.0849381184721488,0.087412044252891,0.08988597003363319,0.09235989581437538,0.0923598958143754,0.0923598958143754,0.0923598958143754,0.09235989581437538,0.10149117742600375,0.1106224590376321,0.11975374064926043,0.12888502226088877,0.12258891485159248,0.1162928074422962,0.1099967000329999,0.1037005926237036
11.25,0.003,0.005944311112444442,0.008888622224888882,0.012690730381585101,0.01649283853828132,0.020616048172851655,0.024739257807421984,0.028862467441992314,0.03298567707656264,0.03710888671113298,0.04123209634570331,0.04535530598027363,0.049478515614843954,0.05360172524941429,0.05772493488398463,0.06184814451855496,0.06597135415312529,0.06844527993386748,0.07091920571460968,0.07339313149535187,0.07586705727609407,0.0775163411299222,0.07916562498375034,0.08081490883757847,0.08246419269140659,0.0849381184721488,0.087412044252891,0.08988597003363319,0.09235989581437538,0.0923598958143754,0.0923598958143754,0.0923598958143754,0.09235989581437538,0.10149117742600375,0.1106224590376321,0.11975374064926043,0.12888502226088877,0.12258891485159248,0.1162928074422962,0.1099967000329999,0.1037005926237036
11.26,0.003,0.005944311112444442,0.008888622224888882,0.012690730381585101,0.01649283853828132,0.020616048172851655,0.024739257807421984,0.028862467441992314,0.03298567707656264,0.03710888671113298,0.04123209634570331,0.04535530598027363,0.049478515614843954,0.05360172524941429,0.05772493488398463,0.06184814451855496,0.06597135415312529,0.06844527993386748,0.07091920571460968,0.07339313149535187,0.07586705727609407,0.0775163411299222,0.07916562498375034,0.08081490883757847,0.08246419269140659,0.0849381184721488,0.087412044252891,0.08988597003363319,0.09235989581437538,0.0923598958143754,0.0923598958143754,0.0923598958143754,0.09235989581437538,0.10149117742600375,0.1106224590376321,0.11975374064926043,0.12888502226088877,0.12258891485159248,0.1162928074422962,0.1099967000329999,0.1037005926237036
11.27,0.003,0.005944311112444442,0.008888622224888882,0.012690730381585101,0.01649283853828132,0.020616048172851655,0.024739257807421984,0.028862467441992314,0.03298567707656264,0.03710888671113298,0.04123209634570331,0.04535530598027363,0.049478515614843954,0.05360172524941429,0.05772493488398463,0.06184814451855496,0.06597135415312529,0.06844527993386748,0.07091920571460968,0.07339313149535187,0.07586705727609407,0.0775163411299222,0.07916562498375034,0.08081490883757847,0.08246419269140659,0.0849381184721488,0.087412044252891,0.08988597003363319,0.09235989581437538,0.0923598958143754,0.0923598958143754,0.0923598958143754,0.09235989581437538,0.10149117742600375,0.1106224590376321,0.11975374064926043,0.12888502226088877,0.12258891485159248,0.1162928074422962,0.1099967000329999,0.1037005926237036
11.28,0.003,0.005944311112444442,0.008888622224888882,0.012690730381585101,0.01649283853828132,0.020616048172851655,0.024739257807421984,0.028862467441992314,0.03298567707656264,0.03710888671113298,0.04123209634570331,0.04535530598027363,0.049478515614843954,0.05360172524941429,0.05772493488398463,0.06184814451855496,0.06597135415312529,0.06844527993386748,0.07091920571460968,0.07339313149535187,0.07586705727609407,0.0775163411299222,0.07916562498375034,0.08081490883757847,0.08246419269140659,0.0849381184721488,0.087412044252891,0.08988597003363319,0.09235989581437538,0.0923598958143754,0.0923598958143754,0.0923598958143754,0.09235989581437538,0.10149117742600375,0.1106224590376321,0.11975374064926043,0.12888502226088877,0.12258891485159248,0.1162928074422962,0.1099967000329999,0.1037005926237036
11.29,0.003,0.005944311112444442,0.008888622224888882,0.012690730381585101,0.01649283853828132,0.020616048172851655,0.024739257807421984,0.028862467441992314,0.03298567707656264,0.03710888671113298,0.04123209634570331,0.04535530598027363,0.049478515614843954,0.05360172524941429,0.05772493488398463,0.06184814451855496,0.06597135415312529,0.06844527993386748,0.07091920571460968,0.07339313149535187,0.07586705727609407,0.0775163411299222,0.07916562498375034,0.08081490883757847,0.08246419269140659,0.0849381184721488,0.087412044252891,0.08988597003363319,0.09235989581437538,0.0923598958143754,0.0923598958143754,0.0923598958143754,0.09235989581437538,0.10149117742600375,0.1106224590376321,0.11975374064926043,0.12888502226088877,0.12258891485159248,0.1162928074422962,0.1099967000329999,0.1037005926237036
11.3,0.003,0.005944311112444442,0.008888622224888882,0.012690730381585101,0.01649283853828132,0.020616048172851655,0.024739257807421984,0.028862467441992314,0.03298567707656264,0.03710888671113298,0.04123209634570331,0.04535530598027363,0.049478515614843954,0.05360172524941429,0.05772493488398463,0.06184814451855496,0.06597135415312529,0.06844527993386748,0.07091920571460968,0.07339313149535187,0.07586705727609407,0.0775163411299222,0.07916562498375034,0.08081490883757847,0.08246419269140659,0.0849381184721488,0.087412044252891,0.08988597003363319,0.09235989581437538,0.0923598958143754,0.0923598958143754,0.0923598958143754,0.09235989581437538,0.10149117742600375,0.1106224590376321,0.11975374064926043,0.12888502226088877,0.12258891485159248,0.1162928074422962,0.1099967000329999,0.1037005926237036
11.31,0.003,0.005944311112444442,0.008888622224888882,0.012690730381585101,0.01649283853828132,0.020616048172851655,0.024739257807421984,0.028862467441992314,0.03298567707656264,0.03710888671113298,0.04123209634570331,0.04535530598027363,0.049478515614843954,0.05360172524941429,0.05772493488398463,0.06184814451855496,0.06597135415312529,0.06844527993386748,0.07091920571460968,0.07339313149535187,0.07586705727609407,0.0775163411299222,0.07916562498375034,0.08081490883757847,0.08246419269140659,0.0849381184721488,0.087412044252891,0.08988597003363319,0.09235989581437538,0.0923598958143754,0.0923598958143754,0.0923598958143754,0.09235989581437538,0.10149117742600375,0.1106224590376321,0.11975374064926043,0.12888502226088877,0.12258891485159248,0.1162928074422962,0.1099967000329999,0.1037005926237036
11.32,0.003,0.005944311112444442,0.008888622224888882,0.012690730381585101,0.01649283853828132,0.020616048172851655,0.024739257807421984,0.028862467441992314,0.03298567707656264,0.03710888671113298,0.04123209634570331,0.04535530598027363,0.049478515614843954,0.05360172524941429,0.05772493488398463,0.06184814451855496,0.06597135415312529,0.06844527993386748,0.07091920571460968,0.07339313149535187,0.07586705727609407,0.0775163411299222,0.07916562498375034,0.08081490883757847,0.08246419269140659,0.0849381184721488,0.087412044252891,0.08988597003363319,0.09235989581437538,0.0923598958143754,0.0923598958143754,0.0923598958143754,0.09235989581437538,0.10149117742600375,0.1106224590376321,0.11975374064926043,0.12888502226088877,0.12258891485159248,0.1162928074422962,0.1099967000329999,0.1037005926237036
11.33,0.003,0.005944311112444442,0.008888622224888882,0.012690730381585101,0.01649283853828132,0.020616048172851655,0.024739257807421984,0.028862467441992314,0.03298567707656264,0.03710888671113298,0.04123209634570331,0.04535530598027363,0.049478515614843954,0.05360172524941429,0.05772493488398463,0.06184814451855496,0.06597135415312529,0.06844527993386748,0.07091920571460968,0.07339313149535187,0.07586705727609407,0.0775163411299222,0.07916562498375034,0.08081490883757847,0.08246419269140659,0.0849381184721488,0.087412044252891,0.08988597003363319,0.09235989581437538,0.0923598958143754,0.0923598958143754,0.0923598958143754,0.09235989581437538,0.10149117742600375,0.1106224590376321,0.11975374064926043,0.12888502226088877,0.12258891485159248,0.1162928074422962,0.1099967000329999,0.1037005926237036
11.34,0.003,0.005944311112444442,0.008888622224888882,0.012690730381585101,0.01649283853828132,0.020616048172851655,0.024739257807421984,0.028862467441992314,0.03298567707656264,0.03710888671113298,0.04123209634570331,0.04535530598027363,0.049478515614843954,0.05360172524941429,0.05772493488398463,0.06184814451855496,0.06597135415312529,0.06844527993386748,0.07091920571460968,0.07339313149535187,0.07586705727609407,0.0775163411299222,0.07916562498375034,0.08081490883757847,0.08246419269140659,0.0849381184721488,0.087412044252891,0.08988597003363319,0.09235989581437538,0.0923598958143754,0.0923598958143754,0.0923598958143754,0.09235989581437538,0.10149117742600375,0.1106224590376321,0.11975374064926043,0.12888502226088877,0.12258891485159248,0.1162928074422962,0.1099967000329999,0.1037005926237036
11.35,0.003,0.005944311112444442,0.008888622224888882,0.012690730381585101,0.01649283853828132,0.020616048172851655,0.024739257807421984,0.028862467441992314,0.03298567707656264,0.03710888671113298,0.04123209634570331,0.04535530598027363,0.049478515614843954,0.05360172524941429,0.05772493488398463,0.06184814451855496,0.06597135415312529,0.06844527993386748,0.07091920571460968,0.07339313149535187,0.07586705727609407,0.0775163411299222,0.07916562498375034,0.08081490883757847,0.08246419269140659,0.0849381184721488,0.087412044252891,0.08988597003363319,0.09235989581437538,0.0923598958143754,0.0923598958143754,0.0923598958143754,0.09235989581437538,0.10149117742600375,0.1106224590376321,0.11975374064926043,0.12888502226088877,0.12258891485159248,0.1162928074422962,0.1099967000329999,0.1037005926237036
11.36,0.003,0.005944311112444442,0.008888622224888882,0.012690730381585101,0.01649283853828132,0.020616048172851655,0.024739257807421984,0.028862467441992314,0.03298567707656264,0.03710888671113298,0.04123209634570331,0.04535530598027363,0.049478515614843954,0.05360172524941429,0.05772493488398463,0.06184814451855496,0.06597135415312529,0.06844527993386748,0.07091920571460968,0.07339313149535187,0.07586705727609407,0.0775163411299222,0.07916562498375034,0.08081490883757847,0.08246419269140659,0.0849381184721488,0.087412044252891,0.08988597003363319,0.09235989581437538,0.0923598958143754,0.0923598958143754,0.0923598958143754,0.09235989581437538,0.10149117742600375,0.1106224590376321,0.11975374064926043,0.12888502226088877,0.12258891485159248,0.1162928074422962,0.1099967000329999,0.1037005926237036
11.37,0.003,0.005944311112444442,0.008888622224888882,0.012690730381585101,0.01649283853828132,0.020616048172851655,0.024739257807421984,0.028862467441992314,0.03298567707656264,0.03710888671113298,0.04123209634570331,0.04535530598027363,0.049478515614843954,0.05360172524941429,0.05772493488398463,0.06184814451855496,0.06597135415312529,0.06844527993386748,0.07091920571460968,0.07339313149535187,0.07586705727609407,0.0775163411299222,0.07916562498375034,0.08081490883757847,0.08246419269140659,0.0849381184721488,0.087412044252891,0.08988597003363319,0.09235989581437538,0.0923598958143754,0.0923598958143754,0.0923598958143754,0.09235989581437538,0.10149117742600375,0.1106224590376321,0.11975374064926043,0.12888502226088877,0.12258891485159248,0.1162928074422962,0.1099967000329999,0.1037005926237036
11.38,0.003,0.005944311112444442,0.008888622224888882,0.012690730381585101,0.01649283853828132,0.020616048172851655,0.024739257807421984,0.028862467441992314,0.03298567707656264,0.03710888671113298,0.04123209634570331,0.04535530598027363,0.049478515614843954,0.05360172524941429,0.05772493488398463,0.06184814451855496,0.06597135415312529,0.06844527993386748,0.07091920571460968,0.07339313149535187,0.07586705727609407,0.0775163411299222,0.07916562498375034,0.08081490883757847,0.08246419269140659,0.0849381184721488,0.087412044252891,0.08988597003363319,0.09235989581437538,0.0923598958143754,0.0923598958143754,0.0923598958143754,0.09235989581437538,0.10149117742600375,0.1106224590376321,0.11975374064926043,0.12888502226088877,0.12258891485159248,0.1162928074422962,0.1099967000329999,0.1037005926237036
11.39,0.003,0.005944311112444442,0.008888622224888882,0.012690730381585101,0.01649283853828132,0.020616048172851655,0.024739257807421984,0.028862467441992314,0.03298567707656264,0.03710888671113298,0.04123209634570331,0.04535530598027363,0.049478515614843954,0.05360172524941429,0.05772493488398463,0.06184814451855496,0.06597135415312529,0.06844527993386748,0.07091920571460968,0.07339313149535187,0.07586705727609407,0.0775163411299222,0.07916562498375034,0.08081490883757847,0.08246419269140659,0.0849381184721488,0.087412044252891,0.08988597003363319,0.09235989581437538,0.0923598958143754,0.0923598958143754,0.0923598958143754,0.09235989581437538,0.10149117742600375,0.1106224590376321,0.11975374064926043,0.12888502226088877,0.12258891485159248,0.1162928074422962,0.1099967000329999,0.1037005926237036
11.4,0.003,0.005944311112444442,0.008888622224888882,0.012690730381585101,0.01649283853828132,0.020616048172851655,0.024739257807421984,0.028862467441992314,0.03298567707656264,0.03710888671113298,0.04123209634570331,0.04535530598027363,0.049478515614843954,0.05360172524941429,0.05772493488398463,0.06184814451855496,0.06597135415312529,0.06844527993386748,0.07091920571460968,0.07339313149535187,0.07586705727609407,0.0775163411299222,0.07916562498375034,0.08081490883757847,0.08246419269140659,0.0849381184721488,0.087412044252891,0.08988597003363319,0.09235989581437538,0.0923598958143754,0.0923598958143754,0.0923598958143754,0.09235989581437538,0.10149117742600375,0.1106224590376321,0.11975374064926043,0.12888502226088877,0.12258891485159248,0.1162928074422962,0.1099967000329999,0.1037005926237036
11.41,0.003,0.005944311112444442,0.008888622224888882,0.012690730381585101,0.01649283853828132,0.020616048172851655,0.024739257807421984,0.028862467441992314,0.03298567707656264,0.03710888671113298,0.04123209634570331,0.04535530598027363,0.049478515614843954,0.05360172524941429,0.05772493488398463,0.06184814451855496,0.06597135415312529,0.06844527993386748,0.07091920571460968,0.07339313149535187,0.07586705727609407,0.0775163411299222,0.07916562498375034,0.08081490883757847,0.08246419269140659,0.0849381184721488,0.087412044252891,0.08988597003363319,0.09235989581437538,0.0923598958143754,0.0923598958143754,0.0923598958143754,0.09235989581437538,0.10149117742600375,0.1106224590376321,0.11975374064926043,0.12888502226088877,0.12258891485159248,0.1162928074422962,0.1099967000329999,0.1037005926237036
11.42,0.003,0.005944311112444442,0.008888622224888882,0.012690730381585101,0.01649283853828132,0.020616048172851655,0.024739257807421984,0.028862467441992314,0.03298567707656264,0.03710888671113298,0.04123209634570331,0.04535530598027363,0.049478515614843954,0.05360172524941429,0.05772493488398463,0.06184814451855496,0.06597135415312529,0.06844527993386748,0.07091920571460968,0.07339313149535187,0.07586705727609407,0.0775163411299222,0.07916562498375034,0.08081490883757847,0.08246419269140659,0.0849381184721488,0.087412044252891,0.08988597003363319,0.09235989581437538,0.0923598958143754,0.0923598958143754,0.0923598958143754,0.09235989581437538,0.10149117742600375,0.1106224590376321,0.11975374064926043,0.12888502226088877,0.12258891485159248,0.1162928074422962,0.1099967000329999,0.1037005926237036
11.43,0.003,0.005944311112444442,0.008888622224888882,0.012690730381585101,0.01649283853828132,0.020616048172851655,0.024739257807421984,0.028862467441992314,0.03298567707656264,0.03710888671113298,0.04123209634570331,0.04535530598027363,0.049478515614843954,0.05360172524941429,0.05772493488398463,0.06184814451855496,0.06597135415312529,0.06844527993386748,0.07091920571460968,0.07339313149535187,0.07586705727609407,0.0775163411299222,0.07916562498375034,0.08081490883757847,0.08246419269140659,0.0849381184721488,0.087412044252891,0.08988597003363319,0.09235989581437538,0.0923598958143754,0.0923598958143754,0.0923598958143754,0.09235989581437538,0.10149117742600375,0.1106224590376321,0.11975374064926043,0.12888502226088877,0.12258891485159248,0.1162928074422962,0.1099967000329999,0.1037005926237036
11.44,0.003,0.005944311112444442,0.008888622224888882,0.012690730381585101,0.01649283853828132,0.020616048172851655,0.024739257807421984,0.028862467441992314,0.03298567707656264,0.03710888671113298,0.04123209634570331,0.04535530598027363,0.049478515614843954,0.05360172524941429,0.05772493488398463,0.06184814451855496,0.06597135415312529,0.06844527993386748,0.07091920571460968,0.07339313149535187,0.07586705727609407,0.0775163411299222,0.07916562498375034,0.08081490883757847,0.08246419269140659,0.0849381184721488,0.087412044252891,0.08988597003363319,0.09235989581437538,0.0923598958143754,0.0923598958143754,0.0923598958143754,0.09235989581437538,0.10149117742600375,0.1106224590376321,0.11975374064926043,0.12888502226088877,0.12258891485159248,0.1162928074422962,0.1099967000329999,0.1037005926237036
11.45,0.003,0.005944311112444442,0.008888622224888882,0.012690730381585101,0.01649283853828132,0.020616048172851655,0.024739257807421984,0.028862467441992314,0.03298567707656264,0.03710888671113298,0.04123209634570331,0.04535530598027363,0.049478515614843954,0.05360172524941429,0.05772493488398463,0.06184814451855496,0.06597135415312529,0.06844527993386748,0.07091920571460968,0.07339313149535187,0.07586705727609407,0.0775163411299222,0.07916562498375034,0.08081490883757847,0.08246419269140659,0.0849381184721488,0.087412044252891,0.08988597003363319,0.09235989581437538,0.0923598958143754,0.0923598958143754,0.0923598958143754,0.09235989581437538,0.10149117742600375,0.1106224590376321,0.11975374064926043,0.12888502226088877,0.12258891485159248,0.1162928074422962,0.1099967000329999,0.1037005926237036
11.46,0.003,0.005944311112444442,0.008888622224888882,0.012690730381585101,0.01649283853828132,0.020616048172851655,0.024739257807421984,0.028862467441992314,0.03298567707656264,0.03710888671113298,0.04123209634570331,0.04535530598027363,0.049478515614843954,0.05360172524941429,0.05772493488398463,0.06184814451855496,0.06597135415312529,0.06844527993386748,0.07091920571460968,0.07339313149535187,0.07586705727609407,0.0775163411299222,0.07916562498375034,0.08081490883757847,0.08246419269140659,0.0849381184721488,0.087412044252891,0.08988597003363319,0.09235989581437538,0.0923598958143754,0.0923598958143754,0.0923598958143754,0.09235989581437538,0.10149117742600375,0.1106224590376321,0.11975374064926043,0.12888502226088877,0.12258891485159248,0.1162928074422962,0.1099967000329999,0.1037005926237036
11.47,0.003,0.005944311112444442,0.008888622224888882,0.012690730381585101,0.01649283853828132,0.020616048172851655,0.024739257807421984,0.028862467441992314,0.03298567707656264,0.03710888671113298,0.04123209634570331,0.04535530598027363,0.049478515614843954,0.05360172524941429,0.05772493488398463,0.06184814451855496,0.06597135415312529,0.06844527993386748,0.07091920571460968,0.07339313149535187,0.07586705727609407,0.0775163411299222,0.07916562498375034,0.08081490883757847,0.08246419269140659,0.0849381184721488,0.087412044252891,0.08988597003363319,0.09235989581437538,0.0923598958143754,0.0923598958143754,0.0923598958143754,0.09235989581437538,0.10149117742600375,0.1106224590376321,0.11975374064926043,0.12888502226088877,0.12258891485159248,0.1162928074422962,0.1099967000329999,0.1037005926237036
11.48,0.003,0.005944311112444442,0.008888622224888882,0.012690730381585101,0.01649283853828132,0.020616048172851655,0.024739257807421984,0.028862467441992314,0.03298567707656264,0.03710888671113298,0.04123209634570331,0.04535530598027363,0.049478515614843954,0.05360172524941429,0.05772493488398463,0.06184814451855496,0.06597135415312529,0.06844527993386748,0.07091920571460968,0.07339313149535187,0.07586705727609407,0.0775163411299222,0.07916562498375034,0.08081490883757847,0.08246419269140659,0.0849381184721488,0.087412044252891,0.08988597003363319,0.09235989581437538,0.0923598958143754,0.0923598958143754,0.0923598958143754,0.09235989581437538,0.10149117742600375,0.1106224590376321,0.11975374064926043,0.12888502226088877,0.12258891485159248,0.1162928074422962,0.1099967000329999,0.1037005926237036
11.49,0.003,0.005944311112444442,0.008888622224888882,0.012690730381585101,0.01649283853828132,0.020616048172851655,0.024739257807421984,0.028862467441992314,0.03298567707656264,0.03710888671113298,0.04123209634570331,0.04535530598027363,0.049478515614843954,0.05360172524941429,0.05772493488398463,0.06184814451855496,0.06597135415312529,0.06844527993386748,0.07091920571460968,0.07339313149535187,0.07586705727609407,0.0775163411299222,0.07916562498375034,0.08081490883757847,0.08246419269140659,0.0849381184721488,0.087412044252891,0.08988597003363319,0.09235989581437538,0.0923598958143754,0.0923598958143754,0.0923598958143754,0.09235989581437538,0.10149117742600375,0.1106224590376321,0.11975374064926043,0.12888502226088877,0.12258891485159248,0.1162928074422962,0.1099967000329999,0.1037005926237036
11.5,0.003,0.005944311112444442,0.008888622224888882,0.012690730381585101,0.01649283853828132,0.020616048172851655,0.024739257807421984,0.028862467441992314,0.03298567707656264,0.03710888671113298,0.04123209634570331,0.04535530598027363,0.049478515614843954,0.05360172524941429,0.05772493488398463,0.06184814451855496,0.06597135415312529,0.06844527993386748,0.07091920571460968,0.07339313149535187,0.07586705727609407,0.0775163411299222,0.07916562498375034,0.08081490883757847,0.08246419269140659,0.0849381184721488,0.087412044252891,0.08988597003363319,0.09235989581437538,0.0923598958143754,0.0923598958143754,0.0923598958143754,0.09235989581437538,0.10149117742600375,0.1106224590376321,0.11975374064926043,0.12888502226088877,0.12258891485159248,0.1162928074422962,0.1099967000329999,0.1037005926237036
11.51,0.003,0.005944311112444442,0.008888622224888882,0.012690730381585101,0.01649283853828132,0.020616048172851655,0.024739257807421984,0.028862467441992314,0.03298567707656264,0.03710888671113298,0.04123209634570331,0.04535530598027363,0.049478515614843954,0.05360172524941429,0.05772493488398463,0.06184814451855496,0.06597135415312529,0.06844527993386748,0.07091920571460968,0.07339313149535187,0.07586705727609407,0.0775163411299222,0.07916562498375034,0.08081490883757847,0.08246419269140659,0.0849381184721488,0.087412044252891,0.08988597003363319,0.09235989581437538,0.0923598958143754,0.0923598958143754,0.0923598958143754,0.09235989581437538,0.10149117742600375,0.1106224590376321,0.11975374064926043,0.12888502226088877,0.12258891485159248,0.1162928074422962,0.1099967000329999,0.1037005926237036
11.52,0.003,0.005944311112444442,0.008888622224888882,0.012690730381585101,0.01649283853828132,0.020616048172851655,0.024739257807421984,0.028862467441992314,0.03298567707656264,0.03710888671113298,0.04123209634570331,0.04535530598027363,0.049478515614843954,0.05360172524941429,0.05772493488398463,0.06184814451855496,0.06597135415312529,0.06844527993386748,0.07091920571460968,0.07339313149535187,0.07586705727609407,0.0775163411299222,0.07916562498375034,0.08081490883757847,0.08246419269140659,0.0849381184721488,0.087412044252891,0.08988597003363319,0.09235989581437538,0.0923598958143754,0.0923598958143754,0.0923598958143754,0.09235989581437538,0.10149117742600375,0.1106224590376321,0.11975374064926043,0.12888502226088877,0.12258891485159248,0.1162928074422962,0.1099967000329999,0.1037005926237036
11.53,0.003,0.005944311112444442,0.008888622224888882,0.012690730381585101,0.01649283853828132,0.020616048172851655,0.024739257807421984,0.028862467441992314,0.03298567707656264,0.03710888671113298,0.04123209634570331,0.04535530598027363,0.049478515614843954,0.05360172524941429,0.05772493488398463,0.06184814451855496,0.06597135415312529,0.06844527993386748,0.07091920571460968,0.07339313149535187,0.07586705727609407,0.0775163411299222,0.07916562498375034,0.08081490883757847,0.08246419269140659,0.0849381184721488,0.087412044252891,0.08988597003363319,0.09235989581437538,0.0923598958143754,0.0923598958143754,0.0923598958143754,0.09235989581437538,0.10149117742600375,0.1106224590376321,0.11975374064926043,0.12888502226088877,0.12258891485159248,0.1162928074422962,0.1099967000329999,0.1037005926237036
11.54,0.003,0.005944311112444442,0.008888622224888882,0.012690730381585101,0.01649283853828132,0.020616048172851655,0.024739257807421984,0.028862467441992314,0.03298567707656264,0.03710888671113298,0.04123209634570331,0.04535530598027363,0.049478515614843954,0.05360172524941429,0.05772493488398463,0.06184814451855496,0.06597135415312529,0.06844527993386748,0.07091920571460968,0.07339313149535187,0.07586705727609407,0.0775163411299222,0.07916562498375034,0.08081490883757847,0.08246419269140659,0.0849381184721488,0.087412044252891,0.08988597003363319,0.09235989581437538,0.0923598958143754,0.0923598958143754,0.0923598958143754,0.09235989581437538,0.10149117742600375,0.1106224590376321,0.11975374064926043,0.12888502226088877,0.12258891485159248,0.1162928074422962,0.1099967000329999,0.1037005926237036
11.55,0.003,0.005944311112444442,0.008888622224888882,0.012690730381585101,0.01649283853828132,0.020616048172851655,0.024739257807421984,0.028862467441992314,0.03298567707656264,0.03710888671113298,0.04123209634570331,0.04535530598027363,0.049478515614843954,0.05360172524941429,0.05772493488398463,0.06184814451855496,0.06597135415312529,0.06844527993386748,0.07091920571460968,0.07339313149535187,0.07586705727609407,0.0775163411299222,0.07916562498375034,0.08081490883757847,0.08246419269140659,0.0849381184721488,0.087412044252891,0.08988597003363319,0.09235989581437538,0.0923598958143754,0.0923598958143754,0.0923598958143754,0.09235989581437538,0.10149117742600375,0.1106224590376321,0.11975374064926043,0.12888502226088877,0.12258891485159248,0.1162928074422962,0.1099967000329999,0.1037005926237036
11.56,0.003,0.005944311112444442,0.008888622224888882,0.012690730381585101,0.01649283853828132,0.020616048172851655,0.024739257807421984,0.028862467441992314,0.03298567707656264,0.03710888671113298,0.04123209634570331,0.04535530598027363,0.049478515614843954,0.05360172524941429,0.05772493488398463,0.06184814451855496,0.06597135415312529,0.06844527993386748,0.07091920571460968,0.07339313149535187,0.07586705727609407,0.0775163411299222,0.07916562498375034,0.08081490883757847,0.08246419269140659,0.0849381184721488,0.087412044252891,0.08988597003363319,0.09235989581437538,0.0923598958143754,0.0923598958143754,0.0923598958143754,0.09235989581437538,0.10149117742600375,0.1106224590376321,0.11975374064926043,0.12888502226088877,0.12258891485159248,0.1162928074422962,0.1099967000329999,0.1037005926237036
11.57,0.003,0.005944311112444442,0.008888622224888882,0.012690730381585101,0.01649283853828132,0.020616048172851655,0.024739257807421984,0.028862467441992314,0.03298567707656264,0.03710888671113298,0.04123209634570331,0.04535530598027363,0.049478515614843954,0.05360172524941429,0.05772493488398463,0.06184814451855496,0.06597135415312529,0.06844527993386748,0.07091920571460968,0.07339313149535187,0.07586705727609407,0.0775163411299222,0.07916562498375034,0.08081490883757847,0.08246419269140659,0.0849381184721488,0.087412044252891,0.08988597003363319,0.09235989581437538,0.0923598958143754,0.0923598958143754,0.0923598958143754,0.09235989581437538,0.10149117742600375,0.1106224590376321,0.11975374064926043,0.12888502226088877,0.12258891485159248,0.1162928074422962,0.1099967000329999,0.1037005926237036
11.58,0.003,0.005944311112444442,0.008888622224888882,0.012690730381585101,0.01649283853828132,0.020616048172851655,0.024739257807421984,0.028862467441992314,0.03298567707656264,0.03710888671113298,0.04123209634570331,0.04535530598027363,0.049478515614843954,0.05360172524941429,0.05772493488398463,0.06184814451855496,0.06597135415312529,0.06844527993386748,0.07091920571460968,0.07339313149535187,0.07586705727609407,0.0775163411299222,0.07916562498375034,0.08081490883757847,0.08246419269140659,0.0849381184721488,0.087412044252891,0.08988597003363319,0.09235989581437538,0.0923598958143754,0.0923598958143754,0.0923598958143754,0.09235989581437538,0.10149117742600375,0.1106224590376321,0.11975374064926043,0.12888502226088877,0.12258891485159248,0.1162928074422962,0.1099967000329999,0.1037005926237036
11.59,0.003,0.005944311112444442,0.008888622224888882,0.012690730381585101,0.01649283853828132,0.020616048172851655,0.024739257807421984,0.028862467441992314,0.03298567707656264,0.03710888671113298,0.04123209634570331,0.04535530598027363,0.049478515614843954,0.05360172524941429,0.05772493488398463,0.06184814451855496,0.06597135415312529,0.06844527993386748,0.07091920571460968,0.07339313149535187,0.07586705727609407,0.0775163411299222,0.07916562498375034,0.08081490883757847,0.08246419269140659,0.0849381184721488,0.087412044252891,0.08988597003363319,0.09235989581437538,0.0923598958143754,0.0923598958143754,0.0923598958143754,0.09235989581437538,0.10149117742600375,0.1106224590376321,0.11975374064926043,0.12888502226088877,0.12258891485159248,0.1162928074422962,0.1099967000329999,0.1037005926237036
11.6,0.003,0.005944311112444442,0.008888622224888882,0.012690730381585101,0.01649283853828132,0.020616048172851655,0.024739257807421984,0.028862467441992314,0.03298567707656264,0.03710888671113298,0.04123209634570331,0.04535530598027363,0.049478515614843954,0.05360172524941429,0.05772493488398463,0.06184814451855496,0.06597135415312529,0.06844527993386748,0.07091920571460968,0.07339313149535187,0.07586705727609407,0.0775163411299222,0.07916562498375034,0.08081490883757847,0.08246419269140659,0.0849381184721488,0.087412044252891,0.08988597003363319,0.09235989581437538,0.0923598958143754,0.0923598958143754,0.0923598958143754,0.09235989581437538,0.10149117742600375,0.1106224590376321,0.11975374064926043,0.12888502226088877,0.12258891485159248,0.1162928074422962,0.1099967000329999,0.1037005926237036
11.61,0.003,0.005944311112444442,0.008888622224888882,0.012690730381585101,0.01649283853828132,0.020616048172851655,0.024739257807421984,0.028862467441992314,0.03298567707656264,0.03710888671113298,0.04123209634570331,0.04535530598027363,0.049478515614843954,0.05360172524941429,0.05772493488398463,0.06184814451855496,0.06597135415312529,0.06844527993386748,0.07091920571460968,0.07339313149535187,0.07586705727609407,0.0775163411299222,0.07916562498375034,0.08081490883757847,0.08246419269140659,0.0849381184721488,0.087412044252891,0.08988597003363319,0.09235989581437538,0.0923598958143754,0.0923598958143754,0.0923598958143754,0.09235989581437538,0.10149117742600375,0.1106224590376321,0.11975374064926043,0.12888502226088877,0.12258891485159248,0.1162928074422962,0.1099967000329999,0.1037005926237036
11.62,0.003,0.005944311112444442,0.008888622224888882,0.012690730381585101,0.01649283853828132,0.020616048172851655,0.024739257807421984,0.028862467441992314,0.03298567707656264,0.03710888671113298,0.04123209634570331,0.04535530598027363,0.049478515614843954,0.05360172524941429,0.05772493488398463,0.06184814451855496,0.06597135415312529,0.06844527993386748,0.07091920571460968,0.07339313149535187,0.07586705727609407,0.0775163411299222,0.07916562498375034,0.08081490883757847,0.08246419269140659,0.0849381184721488,0.087412044252891,0.08988597003363319,0.09235989581437538,0.0923598958143754,0.0923598958143754,0.0923598958143754,0.09235989581437538,0.10149117742600375,0.1106224590376321,0.11975374064926043,0.12888502226088877,0.12258891485159248,0.1162928074422962,0.1099967000329999,0.1037005926237036
11.63,0.003,0.005944311112444442,0.008888622224888882,0.012690730381585101,0.01649283853828132,0.020616048172851655,0.024739257807421984,0.028862467441992314,0.03298567707656264,0.03710888671113298,0.04123209634570331,0.04535530598027363,0.049478515614843954,0.05360172524941429,0.05772493488398463,0.06184814451855496,0.06597135415312529,0.06844527993386748,0.07091920571460968,0.07339313149535187,0.07586705727609407,0.0775163411299222,0.07916562498375034,0.08081490883757847,0.08246419269140659,0.0849381184721488,0.087412044252891,0.08988597003363319,0.09235989581437538,0.0923598958143754,0.0923598958143754,0.0923598958143754,0.09235989581437538,0.10149117742600375,0.1106224590376321,0.11975374064926043,0.12888502226088877,0.12258891485159248,0.1162928074422962,0.1099967000329999,0.1037005926237036
11.64,0.003,0.005944311112444442,0.008888622224888882,0.012690730381585101,0.01649283853828132,0.020616048172851655,0.024739257807421984,0.028862467441992314,0.03298567707656264,0.03710888671113298,0.04123209634570331,0.04535530598027363,0.049478515614843954,0.05360172524941429,0.05772493488398463,0.06184814451855496,0.06597135415312529,0.06844527993386748,0.07091920571460968,0.07339313149535187,0.07586705727609407,0.0775163411299222,0.07916562498375034,0.08081490883757847,0.08246419269140659,0.0849381184721488,0.087412044252891,0.08988597003363319,0.09235989581437538,0.0923598958143754,0.0923598958143754,0.0923598958143754,0.09235989581437538,0.10149117742600375,0.1106224590376321,0.11975374064926043,0.12888502226088877,0.12258891485159248,0.1162928074422962,0.1099967000329999,0.1037005926237036
11.65,0.003,0.005944311112444442,0.008888622224888882,0.012690730381585101,0.01649283853828132,0.020616048172851655,0.024739257807421984,0.028862467441992314,0.03298567707656264,0.03710888671113298,0.04123209634570331,0.04535530598027363,0.049478515614843954,0.05360172524941429,0.05772493488398463,0.06184814451855496,0.06597135415312529,0.06844527993386748,0.07091920571460968,0.07339313149535187,0.07586705727609407,0.0775163411299222,0.07916562498375034,0.08081490883757847,0.08246419269140659,0.0849381184721488,0.087412044252891,0.08988597003363319,0.09235989581437538,0.0923598958143754,0.0923598958143754,0.0923598958143754,0.09235989581437538,0.10149117742600375,0.1106224590376321,0.11975374064926043,0.12888502226088877,0.12258891485159248,0.1162928074422962,0.1099967000329999,0.1037005926237036
11.66,0.003,0.005944311112444442,0.008888622224888882,0.012690730381585101,0.01649283853828132,0.020616048172851655,0.024739257807421984,0.028862467441992314,0.03298567707656264,0.03710888671113298,0.04123209634570331,0.04535530598027363,0.049478515614843954,0.05360172524941429,0.05772493488398463,0.06184814451855496,0.06597135415312529,0.06844527993386748,0.07091920571460968,0.07339313149535187,0.07586705727609407,0.0775163411299222,0.07916562498375034,0.08081490883757847,0.08246419269140659,0.0849381184721488,0.087412044252891,0.08988597003363319,0.09235989581437538,0.0923598958143754,0.0923598958143754,0.0923598958143754,0.09235989581437538,0.10149117742600375,0.1106224590376321,0.11975374064926043,0.12888502226088877,0.12258891485159248,0.1162928074422962,0.1099967000329999,0.1037005926237036
11.67,0.003,0.005944311112444442,0.008888622224888882,0.012690730381585101,0.01649283853828132,0.020616048172851655,0.024739257807421984,0.028862467441992314,0.03298567707656264,0.03710888671113298,0.04123209634570331,0.04535530598027363,0.049478515614843954,0.05360172524941429,0.05772493488398463,0.06184814451855496,0.06597135415312529,0.06844527993386748,0.07091920571460968,0.07339313149535187,0.07586705727609407,0.0775163411299222,0.07916562498375034,0.08081490883757847,0.08246419269140659,0.0849381184721488,0.087412044252891,0.08988597003363319,0.09235989581437538,0.0923598958143754,0.0923598958143754,0.0923598958143754,0.09235989581437538,0.10149117742600375,0.1106224590376321,0.11975374064926043,0.12888502226088877,0.12258891485159248,0.1162928074422962,0.1099967000329999,0.1037005926237036
11.68,0.003,0.005944311112444442,0.008888622224888882,0.012690730381585101,0.01649283853828132,0.020616048172851655,0.024739257807421984,0.028862467441992314,0.03298567707656264,0.03710888671113298,0.04123209634570331,0.04535530598027363,0.049478515614843954,0.05360172524941429,0.05772493488398463,0.06184814451855496,0.06597135415312529,0.06844527993386748,0.07091920571460968,0.07339313149535187,0.07586705727609407,0.0775163411299222,0.07916562498375034,0.08081490883757847,0.08246419269140659,0.0849381184721488,0.087412044252891,0.08988597003363319,0.09235989581437538,0.0923598958143754,0.0923598958143754,0.0923598958143754,0.09235989581437538,0.10149117742600375,0.1106224590376321,0.11975374064926043,0.12888502226088877,0.12258891485159248,0.1162928074422962,0.1099967000329999,0.1037005926237036
11.69,0.003,0.005944311112444442,0.008888622224888882,0.012690730381585101,0.01649283853828132,0.020616048172851655,0.024739257807421984,0.028862467441992314,0.03298567707656264,0.03710888671113298,0.04123209634570331,0.04535530598027363,0.049478515614843954,0.05360172524941429,0.05772493488398463,0.06184814451855496,0.06597135415312529,0.06844527993386748,0.07091920571460968,0.07339313149535187,0.07586705727609407,0.0775163411299222,0.07916562498375034,0.08081490883757847,0.08246419269140659,0.0849381184721488,0.087412044252891,0.08988597003363319,0.09235989581437538,0.0923598958143754,0.0923598958143754,0.0923598958143754,0.09235989581437538,0.10149117742600375,0.1106224590376321,0.11975374064926043,0.12888502226088877,0.12258891485159248,0.1162928074422962,0.1099967000329999,0.1037005926237036
11.7,0.003,0.005944311112444442,0.008888622224888882,0.012690730381585101,0.01649283853828132,0.020616048172851655,0.024739257807421984,0.028862467441992314,0.03298567707656264,0.03710888671113298,0.04123209634570331,0.04535530598027363,0.049478515614843954,0.05360172524941429,0.05772493488398463,0.06184814451855496,0.06597135415312529,0.06844527993386748,0.07091920571460968,0.07339313149535187,0.07586705727609407,0.0775163411299222,0.07916562498375034,0.08081490883757847,0.08246419269140659,0.0849381184721488,0.087412044252891,0.08988597003363319,0.09235989581437538,0.0923598958143754,0.0923598958143754,0.0923598958143754,0.09235989581437538,0.10149117742600375,0.1106224590376321,0.11975374064926043,0.12888502226088877,0.12258891485159248,0.1162928074422962,0.1099967000329999,0.1037005926237036
11.71,0.003,0.005944311112444442,0.008888622224888882,0.012690730381585101,0.01649283853828132,0.020616048172851655,0.024739257807421984,0.028862467441992314,0.03298567707656264,0.03710888671113298,0.04123209634570331,0.04535530598027363,0.049478515614843954,0.05360172524941429,0.05772493488398463,0.06184814451855496,0.06597135415312529,0.06844527993386748,0.07091920571460968,0.07339313149535187,0.07586705727609407,0.0775163411299222,0.07916562498375034,0.08081490883757847,0.08246419269140659,0.0849381184721488,0.087412044252891,0.08988597003363319,0.09235989581437538,0.0923598958143754,0.0923598958143754,0.0923598958143754,0.09235989581437538,0.10149117742600375,0.1106224590376321,0.11975374064926043,0.12888502226088877,0.12258891485159248,0.1162928074422962,0.1099967000329999,0.1037005926237036
11.172,0.003,0.005944311112444442,0.008888622224888882,0.012690730381585101,0.01649283853828132,0.020616048172851655,0.024739257807421984,0.028862467441992314,0.03298567707656264,0.03710888671113298,0.04123209634570331,0.04535530598027363,0.049478515614843954,0.05360172524941429,0.05772493488398463,0.06184814451855496,0.06597135415312529,0.06844527993386748,0.07091920571460968,0.07339313149535187,0.07586705727609407,0.0775163411299222,0.07916562498375034,0.08081490883757847,0.08246419269140659,0.0849381184721488,0.087412044252891,0.08988597003363319,0.09235989581437538,0.0923598958143754,0.0923598958143754,0.0923598958143754,0.09235989581437538,0.10149117742600375,0.1106224590376321,0.11975374064926043,0.12888502226088877,0.12258891485159248,0.1162928074422962,0.1099967000329999,0.1037005926237036
11.73,0.003,0.005944311112444442,0.008888622224888882,0.012690730381585101,0.01649283853828132,0.020616048172851655,0.024739257807421984,0.028862467441992314,0.03298567707656264,0.03710888671113298,0.04123209634570331,0.04535530598027363,0.049478515614843954,0.05360172524941429,0.05772493488398463,0.06184814451855496,0.06597135415312529,0.06844527993386748,0.07091920571460968,0.07339313149535187,0.07586705727609407,0.0775163411299222,0.07916562498375034,0.08081490883757847,0.08246419269140659,0.0849381184721488,0.087412044252891,0.08988597003363319,0.09235989581437538,0.0923598958143754,0.0923598958143754,0.0923598958143754,0.09235989581437538,0.10149117742600375,0.1106224590376321,0.11975374064926043,0.12888502226088877,0.12258891485159248,0.1162928074422962,0.1099967000329999,0.1037005926237036
11.74,0.003,0.005944311112444442,0.008888622224888882,0.012690730381585101,0.01649283853828132,0.020616048172851655,0.024739257807421984,0.028862467441992314,0.03298567707656264,0.03710888671113298,0.04123209634570331,0.04535530598027363,0.049478515614843954,0.05360172524941429,0.05772493488398463,0.06184814451855496,0.06597135415312529,0.06844527993386748,0.07091920571460968,0.07339313149535187,0.07586705727609407,0.0775163411299222,0.07916562498375034,0.08081490883757847,0.08246419269140659,0.0849381184721488,0.087412044252891,0.08988597003363319,0.09235989581437538,0.0923598958143754,0.0923598958143754,0.0923598958143754,0.09235989581437538,0.10149117742600375,0.1106224590376321,0.11975374064926043,0.12888502226088877,0.12258891485159248,0.1162928074422962,0.1099967000329999,0.1037005926237036
11.75,0.003,0.005944311112444442,0.008888622224888882,0.012690730381585101,0.01649283853828132,0.020616048172851655,0.024739257807421984,0.028862467441992314,0.03298567707656264,0.03710888671113298,0.04123209634570331,0.04535530598027363,0.049478515614843954,0.05360172524941429,0.05772493488398463,0.06184814451855496,0.06597135415312529,0.06844527993386748,0.07091920571460968,0.07339313149535187,0.07586705727609407,0.0775163411299222,0.07916562498375034,0.08081490883757847,0.08246419269140659,0.0849381184721488,0.087412044252891,0.08988597003363319,0.09235989581437538,0.0923598958143754,0.0923598958143754,0.0923598958143754,0.09235989581437538,0.10149117742600375,0.1106224590376321,0.11975374064926043,0.12888502226088877,0.12258891485159248,0.1162928074422962,0.1099967000329999,0.1037005926237036
11.76,0.003,0.005944311112444442,0.008888622224888882,0.012690730381585101,0.01649283853828132,0.020616048172851655,0.024739257807421984,0.028862467441992314,0.03298567707656264,0.03710888671113298,0.04123209634570331,0.04535530598027363,0.049478515614843954,0.05360172524941429,0.05772493488398463,0.06184814451855496,0.06597135415312529,0.06844527993386748,0.07091920571460968,0.07339313149535187,0.07586705727609407,0.0775163411299222,0.07916562498375034,0.08081490883757847,0.08246419269140659,0.0849381184721488,0.087412044252891,0.08988597003363319,0.09235989581437538,0.0923598958143754,0.0923598958143754,0.0923598958143754,0.09235989581437538,0.10149117742600375,0.1106224590376321,0.11975374064926043,0.12888502226088877,0.12258891485159248,0.1162928074422962,0.1099967000329999,0.1037005926237036
11.77,0.003,0.005944311112444442,0.008888622224888882,0.012690730381585101,0.01649283853828132,0.020616048172851655,0.024739257807421984,0.028862467441992314,0.03298567707656264,0.03710888671113298,0.04123209634570331,0.04535530598027363,0.049478515614843954,0.05360172524941429,0.05772493488398463,0.06184814451855496,0.06597135415312529,0.06844527993386748,0.07091920571460968,0.07339313149535187,0.07586705727609407,0.0775163411299222,0.07916562498375034,0.08081490883757847,0.08246419269140659,0.0849381184721488,0.087412044252891,0.08988597003363319,0.09235989581437538,0.0923598958143754,0.0923598958143754,0.0923598958143754,0.09235989581437538,0.10149117742600375,0.1106224590376321,0.11975374064926043,0.12888502226088877,0.12258891485159248,0.1162928074422962,0.1099967000329999,0.1037005926237036
11.78,0.003,0.005944311112444442,0.008888622224888882,0.012690730381585101,0.01649283853828132,0.020616048172851655,0.024739257807421984,0.028862467441992314,0.03298567707656264,0.03710888671113298,0.04123209634570331,0.04535530598027363,0.049478515614843954,0.05360172524941429,0.05772493488398463,0.06184814451855496,0.06597135415312529,0.06844527993386748,0.07091920571460968,0.07339313149535187,0.07586705727609407,0.0775163411299222,0.07916562498375034,0.08081490883757847,0.08246419269140659,0.0849381184721488,0.087412044252891,0.08988597003363319,0.09235989581437538,0.0923598958143754,0.0923598958143754,0.0923598958143754,0.09235989581437538,0.10149117742600375,0.1106224590376321,0.11975374064926043,0.12888502226088877,0.12258891485159248,0.1162928074422962,0.1099967000329999,0.1037005926237036
11.79,0.003,0.005944311112444442,0.008888622224888882,0.012690730381585101,0.01649283853828132,0.020616048172851655,0.024739257807421984,0.028862467441992314,0.03298567707656264,0.03710888671113298,0.04123209634570331,0.04535530598027363,0.049478515614843954,0.05360172524941429,0.05772493488398463,0.06184814451855496,0.06597135415312529,0.06844527993386748,0.07091920571460968,0.07339313149535187,0.07586705727609407,0.0775163411299222,0.07916562498375034,0.08081490883757847,0.08246419269140659,0.0849381184721488,0.087412044252891,0.08988597003363319,0.09235989581437538,0.0923598958143754,0.0923598958143754,0.0923598958143754,0.09235989581437538,0.10149117742600375,0.1106224590376321,0.11975374064926043,0.12888502226088877,0.12258891485159248,0.1162928074422962,0.1099967000329999,0.1037005926237036
11.8,0.003,0.005944311112444442,0.008888622224888882,0.012690730381585101,0.01649283853828132,0.020616048172851655,0.024739257807421984,0.028862467441992314,0.03298567707656264,0.03710888671113298,0.04123209634570331,0.04535530598027363,0.049478515614843954,0.05360172524941429,0.05772493488398463,0.06184814451855496,0.06597135415312529,0.06844527993386748,0.07091920571460968,0.07339313149535187,0.07586705727609407,0.0775163411299222,0.07916562498375034,0.08081490883757847,0.08246419269140659,0.0849381184721488,0.087412044252891,0.08988597003363319,0.09235989581437538,0.0923598958143754,0.0923598958143754,0.0923598958143754,0.09235989581437538,0.10149117742600375,0.1106224590376321,0.11975374064926043,0.12888502226088877,0.12258891485159248,0.1162928074422962,0.1099967000329999,0.1037005926237036
11.81,0.003,0.005944311112444442,0.008888622224888882,0.012690730381585101,0.01649283853828132,0.020616048172851655,0.024739257807421984,0.028862467441992314,0.03298567707656264,0.03710888671113298,0.04123209634570331,0.04535530598027363,0.049478515614843954,0.05360172524941429,0.05772493488398463,0.06184814451855496,0.06597135415312529,0.06844527993386748,0.07091920571460968,0.07339313149535187,0.07586705727609407,0.0775163411299222,0.07916562498375034,0.08081490883757847,0.08246419269140659,0.0849381184721488,0.087412044252891,0.08988597003363319,0.09235989581437538,0.0923598958143754,0.0923598958143754,0.0923598958143754,0.09235989581437538,0.10149117742600375,0.1106224590376321,0.11975374064926043,0.12888502226088877,0.12258891485159248,0.1162928074422962,0.1099967000329999,0.1037005926237036
11.82,0.003,0.005944311112444442,0.008888622224888882,0.012690730381585101,0.01649283853828132,0.020616048172851655,0.024739257807421984,0.028862467441992314,0.03298567707656264,0.03710888671113298,0.04123209634570331,0.04535530598027363,0.049478515614843954,0.05360172524941429,0.05772493488398463,0.06184814451855496,0.06597135415312529,0.06844527993386748,0.07091920571460968,0.07339313149535187,0.07586705727609407,0.0775163411299222,0.07916562498375034,0.08081490883757847,0.08246419269140659,0.0849381184721488,0.087412044252891,0.08988597003363319,0.09235989581437538,0.0923598958143754,0.0923598958143754,0.0923598958143754,0.09235989581437538,0.10149117742600375,0.1106224590376321,0.11975374064926043,0.12888502226088877,0.12258891485159248,0.1162928074422962,0.1099967000329999,0.1037005926237036
11.83,0.003,0.005944311112444442,0.008888622224888882,0.012690730381585101,0.01649283853828132,0.020616048172851655,0.024739257807421984,0.028862467441992314,0.03298567707656264,0.03710888671113298,0.04123209634570331,0.04535530598027363,0.049478515614843954,0.05360172524941429,0.05772493488398463,0.06184814451855496,0.06597135415312529,0.06844527993386748,0.07091920571460968,0.07339313149535187,0.07586705727609407,0.0775163411299222,0.07916562498375034,0.08081490883757847,0.08246419269140659,0.0849381184721488,0.087412044252891,0.08988597003363319,0.09235989581437538,0.0923598958143754,0.0923598958143754,0.0923598958143754,0.09235989581437538,0.10149117742600375,0.1106224590376321,0.11975374064926043,0.12888502226088877,0.12258891485159248,0.1162928074422962,0.1099967000329999,0.1037005926237036
11.84,0.003,0.005944311112444442,0.008888622224888882,0.012690730381585101,0.01649283853828132,0.020616048172851655,0.024739257807421984,0.028862467441992314,0.03298567707656264,0.03710888671113298,0.04123209634570331,0.04535530598027363,0.049478515614843954,0.05360172524941429,0.05772493488398463,0.06184814451855496,0.06597135415312529,0.06844527993386748,0.07091920571460968,0.07339313149535187,0.07586705727609407,0.0775163411299222,0.07916562498375034,0.08081490883757847,0.08246419269140659,0.0849381184721488,0.087412044252891,0.08988597003363319,0.09235989581437538,0.0923598958143754,0.0923598958143754,0.0923598958143754,0.09235989581437538,0.10149117742600375,0.1106224590376321,0.11975374064926043,0.12888502226088877,0.12258891485159248,0.1162928074422962,0.1099967000329999,0.1037005926237036
11.85,0.003,0.005944311112444442,0.008888622224888882,0.012690730381585101,0.01649283853828132,0.020616048172851655,0.024739257807421984,0.028862467441992314,0.03298567707656264,0.03710888671113298,0.04123209634570331,0.04535530598027363,0.049478515614843954,0.05360172524941429,0.05772493488398463,0.06184814451855496,0.06597135415312529,0.06844527993386748,0.07091920571460968,0.07339313149535187,0.07586705727609407,0.0775163411299222,0.07916562498375034,0.08081490883757847,0.08246419269140659,0.0849381184721488,0.087412044252891,0.08988597003363319,0.09235989581437538,0.0923598958143754,0.0923598958143754,0.0923598958143754,0.09235989581437538,0.10149117742600375,0.1106224590376321,0.11975374064926043,0.12888502226088877,0.12258891485159248,0.1162928074422962,0.1099967000329999,0.1037005926237036
11.86,0.003,0.005944311112444442,0.008888622224888882,0.012690730381585101,0.01649283853828132,0.020616048172851655,0.024739257807421984,0.028862467441992314,0.03298567707656264,0.03710888671113298,0.04123209634570331,0.04535530598027363,0.049478515614843954,0.05360172524941429,0.05772493488398463,0.06184814451855496,0.06597135415312529,0.06844527993386748,0.07091920571460968,0.07339313149535187,0.07586705727609407,0.0775163411299222,0.07916562498375034,0.08081490883757847,0.08246419269140659,0.0849381184721488,0.087412044252891,0.08988597003363319,0.09235989581437538,0.0923598958143754,0.0923598958143754,0.0923598958143754,0.09235989581437538,0.10149117742600375,0.1106224590376321,0.11975374064926043,0.12888502226088877,0.12258891485159248,0.1162928074422962,0.1099967000329999,0.1037005926237036
11.87,0.003,0.005944311112444442,0.008888622224888882,0.012690730381585101,0.01649283853828132,0.020616048172851655,0.024739257807421984,0.028862467441992314,0.03298567707656264,0.03710888671113298,0.04123209634570331,0.04535530598027363,0.049478515614843954,0.05360172524941429,0.05772493488398463,0.06184814451855496,0.06597135415312529,0.06844527993386748,0.07091920571460968,0.07339313149535187,0.07586705727609407,0.0775163411299222,0.07916562498375034,0.08081490883757847,0.08246419269140659,0.0849381184721488,0.087412044252891,0.08988597003363319,0.09235989581437538,0.0923598958143754,0.0923598958143754,0.0923598958143754,0.09235989581437538,0.10149117742600375,0.1106224590376321,0.11975374064926043,0.12888502226088877,0.12258891485159248,0.1162928074422962,0.1099967000329999,0.1037005926237036
11.88,0.003,0.005944311112444442,0.008888622224888882,0.012690730381585101,0.01649283853828132,0.020616048172851655,0.024739257807421984,0.028862467441992314,0.03298567707656264,0.03710888671113298,0.04123209634570331,0.04535530598027363,0.049478515614843954,0.05360172524941429,0.05772493488398463,0.06184814451855496,0.06597135415312529,0.06844527993386748,0.07091920571460968,0.07339313149535187,0.07586705727609407,0.0775163411299222,0.07916562498375034,0.08081490883757847,0.08246419269140659,0.0849381184721488,0.087412044252891,0.08988597003363319,0.09235989581437538,0.0923598958143754,0.0923598958143754,0.0923598958143754,0.09235989581437538,0.10149117742600375,0.1106224590376321,0.11975374064926043,0.12888502226088877,0.12258891485159248,0.1162928074422962,0.1099967000329999,0.1037005926237036
11.89,0.003,0.005944311112444442,0.008888622224888882,0.012690730381585101,0.01649283853828132,0.020616048172851655,0.024739257807421984,0.028862467441992314,0.03298567707656264,0.03710888671113298,0.04123209634570331,0.04535530598027363,0.049478515614843954,0.05360172524941429,0.05772493488398463,0.06184814451855496,0.06597135415312529,0.06844527993386748,0.07091920571460968,0.07339313149535187,0.07586705727609407,0.0775163411299222,0.07916562498375034,0.08081490883757847,0.08246419269140659,0.0849381184721488,0.087412044252891,0.08988597003363319,0.09235989581437538,0.0923598958143754,0.0923598958143754,0.0923598958143754,0.09235989581437538,0.10149117742600375,0.1106224590376321,0.11975374064926043,0.12888502226088877,0.12258891485159248,0.1162928074422962,0.1099967000329999,0.1037005926237036
11.9,0.003,0.005944311112444442,0.008888622224888882,0.012690730381585101,0.01649283853828132,0.020616048172851655,0.024739257807421984,0.028862467441992314,0.03298567707656264,0.03710888671113298,0.04123209634570331,0.04535530598027363,0.049478515614843954,0.05360172524941429,0.05772493488398463,0.06184814451855496,0.06597135415312529,0.06844527993386748,0.07091920571460968,0.07339313149535187,0.07586705727609407,0.0775163411299222,0.07916562498375034,0.08081490883757847,0.08246419269140659,0.0849381184721488,0.087412044252891,0.08988597003363319,0.09235989581437538,0.0923598958143754,0.0923598958143754,0.0923598958143754,0.09235989581437538,0.10149117742600375,0.1106224590376321,0.11975374064926043,0.12888502226088877,0.12258891485159248,0.1162928074422962,0.1099967000329999,0.1037005926237036
11.91,0.003,0.005944311112444442,0.008888622224888882,0.012690730381585101,0.01649283853828132,0.020616048172851655,0.024739257807421984,0.028862467441992314,0.03298567707656264,0.03710888671113298,0.04123209634570331,0.04535530598027363,0.049478515614843954,0.05360172524941429,0.05772493488398463,0.06184814451855496,0.06597135415312529,0.06844527993386748,0.07091920571460968,0.07339313149535187,0.07586705727609407,0.0775163411299222,0.07916562498375034,0.08081490883757847,0.08246419269140659,0.0849381184721488,0.087412044252891,0.08988597003363319,0.09235989581437538,0.0923598958143754,0.0923598958143754,0.0923598958143754,0.09235989581437538,0.10149117742600375,0.1106224590376321,0.11975374064926043,0.12888502226088877,0.12258891485159248,0.1162928074422962,0.1099967000329999,0.1037005926237036
11.92,0.003,0.005944311112444442,0.008888622224888882,0.012690730381585101,0.01649283853828132,0.020616048172851655,0.024739257807421984,0.028862467441992314,0.03298567707656264,0.03710888671113298,0.04123209634570331,0.04535530598027363,0.049478515614843954,0.05360172524941429,0.05772493488398463,0.06184814451855496,0.06597135415312529,0.06844527993386748,0.07091920571460968,0.07339313149535187,0.07586705727609407,0.0775163411299222,0.07916562498375034,0.08081490883757847,0.08246419269140659,0.0849381184721488,0.087412044252891,0.08988597003363319,0.09235989581437538,0.0923598958143754,0.0923598958143754,0.0923598958143754,0.09235989581437538,0.10149117742600375,0.1106224590376321,0.11975374064926043,0.12888502226088877,0.12258891485159248,0.1162928074422962,0.1099967000329999,0.1037005926237036
11.93,0.003,0.005944311112444442,0.008888622224888882,0.012690730381585101,0.01649283853828132,0.020616048172851655,0.024739257807421984,0.028862467441992314,0.03298567707656264,0.03710888671113298,0.04123209634570331,0.04535530598027363,0.049478515614843954,0.05360172524941429,0.05772493488398463,0.06184814451855496,0.06597135415312529,0.06844527993386748,0.07091920571460968,0.07339313149535187,0.07586705727609407,0.0775163411299222,0.07916562498375034,0.08081490883757847,0.08246419269140659,0.0849381184721488,0.087412044252891,0.08988597003363319,0.09235989581437538,0.0923598958143754,0.0923598958143754,0.0923598958143754,0.09235989581437538,0.10149117742600375,0.1106224590376321,0.11975374064926043,0.12888502226088877,0.12258891485159248,0.1162928074422962,0.1099967000329999,0.1037005926237036
11.94,0.003,0.005944311112444442,0.008888622224888882,0.012690730381585101,0.01649283853828132,0.020616048172851655,0.024739257807421984,0.028862467441992314,0.03298567707656264,0.03710888671113298,0.04123209634570331,0.04535530598027363,0.049478515614843954,0.05360172524941429,0.05772493488398463,0.06184814451855496,0.06597135415312529,0.06844527993386748,0.07091920571460968,0.07339313149535187,0.07586705727609407,0.0775163411299222,0.07916562498375034,0.08081490883757847,0.08246419269140659,0.0849381184721488,0.087412044252891,0.08988597003363319,0.09235989581437538,0.0923598958143754,0.0923598958143754,0.0923598958143754,0.09235989581437538,0.10149117742600375,0.1106224590376321,0.11975374064926043,0.12888502226088877,0.12258891485159248,0.1162928074422962,0.1099967000329999,0.1037005926237036
11.95,0.003,0.005944311112444442,0.008888622224888882,0.012690730381585101,0.01649283853828132,0.020616048172851655,0.024739257807421984,0.028862467441992314,0.03298567707656264,0.03710888671113298,0.04123209634570331,0.04535530598027363,0.049478515614843954,0.05360172524941429,0.05772493488398463,0.06184814451855496,0.06597135415312529,0.06844527993386748,0.07091920571460968,0.07339313149535187,0.07586705727609407,0.0775163411299222,0.07916562498375034,0.08081490883757847,0.08246419269140659,0.0849381184721488,0.087412044252891,0.08988597003363319,0.09235989581437538,0.0923598958143754,0.0923598958143754,0.0923598958143754,0.09235989581437538,0.10149117742600375,0.1106224590376321,0.11975374064926043,0.12888502226088877,0.12258891485159248,0.1162928074422962,0.1099967000329999,0.1037005926237036
11.96,0.003,0.005944311112444442,0.008888622224888882,0.012690730381585101,0.01649283853828132,0.020616048172851655,0.024739257807421984,0.028862467441992314,0.03298567707656264,0.03710888671113298,0.04123209634570331,0.04535530598027363,0.049478515614843954,0.05360172524941429,0.05772493488398463,0.06184814451855496,0.06597135415312529,0.06844527993386748,0.07091920571460968,0.07339313149535187,0.07586705727609407,0.0775163411299222,0.07916562498375034,0.08081490883757847,0.08246419269140659,0.0849381184721488,0.087412044252891,0.08988597003363319,0.09235989581437538,0.0923598958143754,0.0923598958143754,0.0923598958143754,0.09235989581437538,0.10149117742600375,0.1106224590376321,0.11975374064926043,0.12888502226088877,0.12258891485159248,0.1162928074422962,0.1099967000329999,0.1037005926237036
11.97,0.003,0.005944311112444442,0.008888622224888882,0.012690730381585101,0.01649283853828132,0.020616048172851655,0.024739257807421984,0.028862467441992314,0.03298567707656264,0.03710888671113298,0.04123209634570331,0.04535530598027363,0.049478515614843954,0.05360172524941429,0.05772493488398463,0.06184814451855496,0.06597135415312529,0.06844527993386748,0.07091920571460968,0.07339313149535187,0.07586705727609407,0.0775163411299222,0.07916562498375034,0.08081490883757847,0.08246419269140659,0.0849381184721488,0.087412044252891,0.08988597003363319,0.09235989581437538,0.0923598958143754,0.0923598958143754,0.0923598958143754,0.09235989581437538,0.10149117742600375,0.1106224590376321,0.11975374064926043,0.12888502226088877,0.12258891485159248,0.1162928074422962,0.1099967000329999,0.1037005926237036
11.98,0.003,0.005944311112444442,0.008888622224888882,0.012690730381585101,0.01649283853828132,0.020616048172851655,0.024739257807421984,0.028862467441992314,0.03298567707656264,0.03710888671113298,0.04123209634570331,0.04535530598027363,0.049478515614843954,0.05360172524941429,0.05772493488398463,0.06184814451855496,0.06597135415312529,0.06844527993386748,0.07091920571460968,0.07339313149535187,0.07586705727609407,0.0775163411299222,0.07916562498375034,0.08081490883757847,0.08246419269140659,0.0849381184721488,0.087412044252891,0.08988597003363319,0.09235989581437538,0.0923598958143754,0.0923598958143754,0.0923598958143754,0.09235989581437538,0.10149117742600375,0.1106224590376321,0.11975374064926043,0.12888502226088877,0.12258891485159248,0.1162928074422962,0.1099967000329999,0.1037005926237036
11.99,0.003,0.005944311112444442,0.008888622224888882,0.012690730381585101,0.01649283853828132,0.020616048172851655,0.024739257807421984,0.028862467441992314,0.03298567707656264,0.03710888671113298,0.04123209634570331,0.04535530598027363,0.049478515614843954,0.05360172524941429,0.05772493488398463,0.06184814451855496,0.06597135415312529,0.06844527993386748,0.07091920571460968,0.07339313149535187,0.07586705727609407,0.0775163411299222,0.07916562498375034,0.08081490883757847,0.08246419269140659,0.0849381184721488,0.087412044252891,0.08988597003363319,0.09235989581437538,0.0923598958143754,0.0923598958143754,0.0923598958143754,0.09235989581437538,0.10149117742600375,0.1106224590376321,0.11975374064926043,0.12888502226088877,0.12258891485159248,0.1162928074422962,0.1099967000329999,0.1037005926237036
12,0.003,0.005944311112444442,0.008888622224888882,0.012690730381585101,0.01649283853828132,0.020616048172851655,0.024739257807421984,0.028862467441992314,0.03298567707656264,0.03710888671113298,0.04123209634570331,0.04535530598027363,0.049478515614843954,0.05360172524941429,0.05772493488398463,0.06184814451855496,0.06597135415312529,0.06844527993386748,0.07091920571460968,0.07339313149535187,0.07586705727609407,0.0775163411299222,0.07916562498375034,0.08081490883757847,0.08246419269140659,0.0849381184721488,0.087412044252891,0.08988597003363319,0.09235989581437538,0.0923598958143754,0.0923598958143754,0.0923598958143754,0.09235989581437538,0.10149117742600375,0.1106224590376321,0.11975374064926043,0.12888502226088877,0.12258891485159248,0.1162928074422962,0.1099967000329999,0.1037005926237036
